student_id,first_name,last_name,sex,date_of_birth,grade,status,contract_rate,created,updated
0,Lily,Rodriguez,F,2009-03-12,11,Inactive,80,2021-08-24 00:00:00,2025-09-30 00:00:00
1,John,White,M,2006-01-07,12,Inactive,80,2021-08-24 00:00:00,2023-09-16 00:00:00
2,Elizabeth,Baker,F,2006-03-31,12,Inactive,80,2021-08-24 00:00:00,2023-09-29 00:00:00
3,Joseph,Brown,M,2009-06-10,12,Active,80,2021-08-24 00:00:00,2025-09-01 00:00:00
4,Abigail,King,F,2005-12-02,12,Inactive,80,2021-08-24 00:00:00,2025-09-28 00:00:00
5,Thomas,Lewis,M,2004-03-01,12,Inactive,80,2021-08-24 00:00:00,2022-10-07 00:00:00
6,Noah,Campbell,M,2008-09-12,9,Inactive,80,2021-08-24 00:00:00,2023-09-11 00:00:00
7,Liam,Williams,M,2006-06-18,12,Inactive,80,2021-08-24 00:00:00,2022-10-01 00:00:00
8,Willow,Campbell,F,2006-05-29,12,Inactive,80,2021-08-24 00:00:00,2023-09-09 00:00:00
9,Caroline,Martinez,F,2008-05-11,11,Active,80,2021-08-24 00:00:00,2025-09-02 00:00:00
10,Bella,Young,F,2004-10-29,12,Inactive,80,2021-08-24 00:00:00,2023-10-03 00:00:00
11,Scarlet,Taylor,F,2004-12-23,12,Inactive,80,2021-08-24 00:00:00,2021-09-09 00:00:00
12,Gabriel,Carter,M,2005-07-31,12,Inactive,80,2021-08-24 00:00:00,2022-11-11 00:00:00
13,Aria,Johnson,F,2008-08-20,10,Inactive,80,2021-08-24 00:00:00,2023-09-25 00:00:00
14,Anna,Ramirez,F,2009-08-12,10,Inactive,80,2021-08-24 00:00:00,2025-01-17 00:00:00
15,Avery,Jackson,F,2005-07-13,12,Inactive,80,2021-08-24 00:00:00,2021-09-23 00:00:00
16,Olivia,Clark,F,2004-04-25,12,Inactive,80,2021-08-24 00:00:00,2021-09-15 00:00:00
17,Hudson,Wright,M,2006-07-09,12,Inactive,80,2021-08-24 00:00:00,2022-09-10 00:00:00
18,Luke,Moore,M,2004-01-19,12,Inactive,80,2021-08-24 00:00:00,2023-09-11 00:00:00
19,William,King,M,2005-10-30,12,Inactive,80,2021-08-24 00:00:00,2023-09-08 00:00:00
20,Willow,Green,F,2005-03-22,12,Inactive,80,2021-08-24 00:00:00,2024-09-23 00:00:00
21,Logan,Green,M,2005-06-25,12,Inactive,80,2021-08-24 00:00:00,2023-01-14 00:00:00
22,David,Ramirez,M,2006-10-25,12,Inactive,80,2021-08-24 00:00:00,2024-01-22 00:00:00
23,Ella,Williams,F,2004-09-28,12,Inactive,80,2021-08-24 00:00:00,2023-09-29 00:00:00
24,Victoria,Jackson,F,2004-10-13,12,Inactive,80,2021-08-24 00:00:00,2023-02-06 00:00:00
25,Samantha,Smith,F,2009-02-14,11,Inactive,80,2021-08-24 00:00:00,2025-09-27 00:00:00
26,Genesis,Roberts,F,2004-09-22,12,Inactive,80,2021-08-24 00:00:00,2023-09-27 00:00:00
27,Julian,Harris,M,2006-02-02,12,Inactive,80,2021-08-24 00:00:00,2023-09-13 00:00:00
28,Savannah,Lopez,F,2006-03-17,9,Inactive,80,2021-09-01 17:00:00,2022-01-12 00:00:00
29,Anna,Miller,F,2008-05-13,12,Active,80,2021-09-05 18:00:00,2025-09-04 00:00:00
30,Jack,White,M,2005-12-21,12,Inactive,80,2021-09-06 17:00:00,2022-11-05 00:00:00
31,Aubrey,Nelson,F,2006-03-18,9,Inactive,80,2021-09-08 14:00:00,2022-01-19 00:00:00
32,Caroline,Campbell,F,2008-08-08,11,Inactive,80,2021-09-11 18:00:00,2025-11-28 00:00:00
33,Asher,Johnson,M,2005-12-06,12,Inactive,80,2021-09-14 13:00:00,2023-11-04 00:00:00
34,Theodore,Davis,M,2005-09-06,12,Active,80,2021-09-19 13:00:00,2025-10-10 00:00:00
35,Scarlet,Nguyen,F,2006-12-02,9,Inactive,80,2021-09-20 16:00:00,2022-01-31 00:00:00
36,Levi,King,M,2006-08-04,9,Inactive,80,2021-09-22 16:00:00,2022-02-02 00:00:00
37,Grace,Perez,F,2008-07-10,12,Inactive,80,2021-09-23 17:00:00,2025-11-04 00:00:00
38,Sofia,Harris,F,2005-07-27,12,Active,80,2021-09-24 18:00:00,2025-09-03 00:00:00
39,Samuel,Gonzalez,M,2005-02-25,12,Inactive,80,2021-09-27 17:00:00,2023-09-20 00:00:00
40,Riley,Young,F,2004-03-20,11,Inactive,80,2021-09-28 15:00:00,2022-02-08 00:00:00
41,Zoey,Jackson,F,2004-11-19,12,Inactive,80,2021-09-30 17:00:00,2021-10-16 00:00:00
42,Lincoln,Rodriguez,M,2008-08-27,11,Inactive,80,2021-10-01 13:00:00,2025-09-21 00:00:00
43,Grace,Walker,F,2004-06-24,11,Inactive,80,2021-10-03 16:00:00,2022-02-13 00:00:00
44,Willow,Thomas,F,2004-09-04,12,Inactive,80,2021-10-06 13:00:00,2022-10-08 00:00:00
45,Amelia,Scott,F,2009-09-18,9,Active,80,2021-10-09 13:00:00,2025-09-16 00:00:00
46,Joseph,Ramirez,M,2005-11-14,12,Inactive,80,2021-10-18 18:00:00,2022-11-14 00:00:00
47,Evelyn,Perez,F,2006-08-20,12,Inactive,80,2021-10-19 17:00:00,2024-03-23 00:00:00
48,Skylar,Smith,F,2006-02-28,11,Inactive,80,2021-10-21 15:00:00,2025-11-03 00:00:00
49,Stella,Lopez,F,2004-06-20,11,Inactive,80,2021-10-23 18:00:00,2022-03-05 00:00:00
50,Mia,Lopez,F,2004-11-12,12,Inactive,80,2021-10-24 13:00:00,2021-12-08 00:00:00
51,Ella,Mitchell,F,2005-12-18,10,Inactive,80,2021-10-26 15:00:00,2022-03-08 00:00:00
52,Sebastian,Davis,M,2004-01-18,12,Inactive,80,2021-10-27 15:00:00,2024-11-11 00:00:00
53,Nova,Hall,F,2004-11-09,12,Inactive,80,2021-10-28 17:00:00,2022-11-03 00:00:00
54,Ella,Nelson,F,2006-02-02,12,Inactive,80,2021-10-29 13:00:00,2024-03-02 00:00:00
55,Sophia,Mitchell,F,2005-10-11,10,Inactive,80,2021-10-30 16:00:00,2022-03-12 00:00:00
56,Leah,Garcia,F,2008-07-08,7,Inactive,80,2021-10-31 17:00:00,2022-03-13 00:00:00
57,Maya,Perez,F,2005-04-02,12,Inactive,80,2021-11-02 14:00:00,2022-09-26 00:00:00
58,Scarlett,Wright,F,2005-03-05,12,Inactive,80,2021-11-03 13:00:00,2023-11-07 00:00:00
59,Joseph,Scott,M,2008-01-05,8,Inactive,80,2021-11-04 13:00:00,2023-10-24 00:00:00
60,Luke,Scott,M,2006-09-27,9,Inactive,80,2021-11-09 13:00:00,2022-03-22 00:00:00
61,Victoria,Clark,F,2005-12-11,12,Inactive,80,2021-11-10 14:00:00,2025-09-11 00:00:00
62,James,Walker,M,2004-09-23,12,Inactive,80,2021-11-12 16:00:00,2021-11-29 00:00:00
63,Mateo,Smith,M,2006-05-01,9,Inactive,80,2021-11-14 17:00:00,2022-03-27 00:00:00
64,Isabella,White,F,2009-09-08,10,Inactive,80,2021-11-16 14:00:00,2024-11-20 00:00:00
65,Sofia,Lee,F,2005-10-14,12,Inactive,80,2021-11-17 13:00:00,2024-10-16 00:00:00
66,Olivia,Perez,F,2006-10-11,9,Inactive,80,2021-11-20 13:00:00,2022-04-02 00:00:00
67,David,Davis,M,2005-03-08,10,Inactive,80,2021-11-22 14:00:00,2022-04-04 00:00:00
68,Hannah,Young,F,2004-10-28,12,Inactive,80,2021-11-23 18:00:00,2023-09-29 00:00:00
69,Grayson,Thompson,M,2004-08-25,11,Inactive,80,2021-11-26 16:00:00,2022-04-08 00:00:00
70,Mason,Flores,M,2006-07-24,9,Inactive,80,2021-11-29 15:00:00,2022-04-11 00:00:00
71,Nova,Brown,F,2006-08-07,12,Inactive,80,2021-12-01 16:00:00,2024-04-05 00:00:00
72,Sofia,Wilson,F,2009-03-01,9,Inactive,80,2021-12-02 18:00:00,2024-09-27 00:00:00
73,Claire,Flores,F,2009-06-19,9,Inactive,80,2021-12-04 13:00:00,2025-11-18 00:00:00
74,Liam,Moore,M,2009-02-14,6,Inactive,80,2021-12-07 14:00:00,2022-03-08 00:00:00
75,Samantha,Young,F,2004-09-25,11,Inactive,80,2021-12-11 16:00:00,2022-04-23 00:00:00
76,Aria,Ramirez,F,2006-04-03,12,Inactive,80,2021-12-14 13:00:00,2024-09-22 00:00:00
77,Elizabeth,Anderson,F,2009-07-01,9,Active,80,2021-12-20 16:00:00,2025-09-22 00:00:00
78,Genesis,Young,F,2009-08-10,7,Inactive,80,2022-01-10 13:00:00,2022-05-23 00:00:00
79,Willow,White,F,2009-11-26,10,Inactive,80,2022-01-14 16:00:00,2025-11-29 00:00:00
80,Kennedy,Ramirez,F,2010-09-22,10,Inactive,80,2022-01-19 17:00:00,2025-03-07 00:00:00
81,Jackson,Nelson,M,2006-12-18,12,Inactive,80,2022-01-20 13:00:00,2023-10-20 00:00:00
82,Riley,Young,F,2006-10-09,10,Inactive,80,2022-01-22 18:00:00,2022-06-04 00:00:00
83,Sophia,King,F,2007-04-08,11,Inactive,80,2022-01-30 14:00:00,2025-10-14 00:00:00
84,Chloe,Lopez,F,2005-09-04,12,Inactive,80,2022-01-31 14:00:00,2023-11-13 00:00:00
85,Leah,Hill,F,2006-05-22,12,Inactive,80,2022-02-03 16:00:00,2024-09-12 00:00:00
86,Hazel,Flores,F,2007-09-11,12,Inactive,80,2022-02-09 15:00:00,2025-10-05 00:00:00
87,Elizabeth,Gonzalez,F,2009-11-24,7,Inactive,80,2022-02-16 16:00:00,2022-06-29 00:00:00
88,Genesis,Lewis,F,2006-05-16,12,Inactive,80,2022-02-17 16:00:00,2025-09-21 00:00:00
89,Ezra,Mitchell,M,2005-06-04,12,Inactive,80,2022-02-20 15:00:00,2022-11-30 00:00:00
90,Theodore,Jackson,M,2006-09-03,12,Inactive,80,2022-02-22 13:00:00,2025-02-14 00:00:00
91,Emma,Nelson,F,2006-08-25,12,Inactive,80,2022-02-25 16:00:00,2024-10-26 00:00:00
92,Violet,Harris,F,2005-05-04,12,Inactive,80,2022-03-02 18:00:00,2022-09-17 00:00:00
93,Gabriel,Baker,M,2007-06-08,12,Inactive,80,2022-03-03 15:00:00,2024-01-19 00:00:00
94,Emily,White,F,2010-06-06,9,Inactive,80,2022-03-11 16:00:00,2024-10-04 00:00:00
95,Matthew,Martin,M,2006-08-14,10,Inactive,80,2022-03-13 13:00:00,2022-07-24 00:00:00
96,Luke,Wilson,M,2006-11-21,12,Inactive,80,2022-03-14 16:00:00,2022-12-03 00:00:00
97,Kennedy,Young,F,2007-09-08,12,Inactive,80,2022-03-21 18:00:00,2025-09-19 00:00:00
98,Carter,Thompson,M,2009-02-02,9,Inactive,80,2022-03-24 18:00:00,2025-09-28 00:00:00
99,Mason,Rivera,M,2010-06-09,10,Inactive,80,2022-04-01 18:00:00,2025-11-02 00:00:00
100,Claire,Harris,F,2005-11-26,12,Inactive,80,2022-04-10 14:00:00,2022-10-19 00:00:00
101,David,Lopez,M,2009-12-13,12,Inactive,80,2022-04-11 15:00:00,2024-11-29 00:00:00
102,Avery,Lee,F,2009-08-28,8,Inactive,80,2022-04-13 17:00:00,2025-03-20 00:00:00
103,Josiah,Thompson,M,2006-03-12,12,Inactive,80,2022-04-16 15:00:00,2023-09-08 00:00:00
104,Brooklyn,Wilson,F,2007-09-16,12,Inactive,80,2022-04-20 15:00:00,2025-10-28 00:00:00
105,Mia,Johnson,F,2006-03-21,10,Inactive,80,2022-04-26 16:00:00,2022-09-06 00:00:00
106,Amelia,Gonzalez,F,2005-05-23,12,Inactive,80,2022-04-30 13:00:00,2022-10-25 00:00:00
107,Charles,Smith,M,2007-06-22,12,Inactive,80,2022-05-05 16:00:00,2025-09-22 00:00:00
108,Emily,Rivera,F,2010-03-10,11,Active,80,2022-05-10 13:00:00,2025-10-04 00:00:00
109,Harper,Lopez,F,2007-11-13,9,Inactive,80,2022-05-15 15:00:00,2022-09-25 00:00:00
110,Elizabeth,Moore,F,2006-08-20,12,Inactive,80,2022-06-05 16:00:00,2024-01-23 00:00:00
111,Aria,Flores,F,2009-08-10,12,Inactive,80,2022-06-08 15:00:00,2023-11-01 00:00:00
112,Emilia,Roberts,F,2005-02-14,12,Inactive,80,2022-06-21 18:00:00,2022-10-09 00:00:00
113,Stella,Roberts,F,2007-11-15,12,Inactive,80,2022-06-23 14:00:00,2023-10-24 00:00:00
114,Genesis,Jackson,F,2009-09-04,8,Inactive,80,2022-06-27 15:00:00,2024-09-17 00:00:00
115,Paisley,Adams,F,2007-05-15,9,Inactive,80,2022-07-02 18:00:00,2022-11-12 00:00:00
116,Avery,Jackson,F,2006-05-12,12,Inactive,80,2022-07-10 13:00:00,2023-11-13 00:00:00
117,Riley,Nguyen,F,2005-12-11,11,Inactive,80,2022-07-16 15:00:00,2022-11-26 00:00:00
118,Nora,Hill,F,2005-04-07,12,Inactive,80,2022-07-20 17:00:00,2022-11-30 00:00:00
119,Isabella,Robinson,F,2006-11-01,10,Inactive,80,2022-07-21 18:00:00,2022-12-01 00:00:00
120,Charles,Ramirez,M,2009-08-15,11,Active,80,2022-07-22 18:00:00,2025-10-03 00:00:00
121,Aubrey,Thomas,F,2007-02-02,9,Inactive,80,2022-07-25 13:00:00,2022-12-05 00:00:00
122,Emma,Garcia,F,2006-05-25,12,Inactive,80,2022-07-28 13:00:00,2024-02-29 00:00:00
123,Lucy,King,F,2009-06-17,9,Inactive,80,2022-07-29 14:00:00,2025-11-30 00:00:00
124,Scarlett,Baker,F,2009-09-19,12,Inactive,80,2022-08-01 14:00:00,2024-10-07 00:00:00
125,Theodore,Rivera,M,2006-08-22,12,Inactive,80,2022-08-05 13:00:00,2024-03-14 00:00:00
126,Sophia,Garcia,F,2005-06-16,12,Inactive,80,2022-08-09 17:00:00,2022-10-08 00:00:00
127,James,Perez,M,2006-03-24,12,Inactive,80,2022-08-10 18:00:00,2024-03-13 00:00:00
128,Ellie,Flores,F,2006-01-21,12,Inactive,80,2022-08-17 16:00:00,2023-10-17 00:00:00
129,Zoey,Torres,F,2007-02-15,12,Inactive,80,2022-08-18 16:00:00,2025-09-26 00:00:00
130,Grace,Harris,F,2007-07-18,9,Inactive,80,2022-08-20 16:00:00,2022-12-31 00:00:00
131,Theodore,Moore,M,2006-03-04,10,Inactive,80,2022-08-21 13:00:00,2023-01-01 00:00:00
132,Maya,Anderson,F,2005-06-10,12,Inactive,80,2022-08-26 17:00:00,2023-10-02 00:00:00
133,Penelope,Ramirez,F,2009-08-26,10,Inactive,80,2022-08-29 16:00:00,2025-12-03 00:00:00
134,Kennedy,Torres,F,2006-04-19,12,Inactive,80,2022-08-30 17:00:00,2024-11-07 00:00:00
135,David,Miller,M,2009-08-18,7,Inactive,80,2022-09-01 16:00:00,2023-01-12 00:00:00
136,Willow,Anderson,F,2006-05-04,12,Inactive,80,2022-09-03 16:00:00,2024-11-30 00:00:00
137,Asher,Allen,M,2009-11-22,10,Inactive,80,2022-09-04 15:00:00,2023-10-30 00:00:00
138,Harper,Smith,F,2010-12-21,9,Inactive,80,2022-09-05 18:00:00,2025-09-30 00:00:00
139,Nora,Ramirez,F,2006-09-01,12,Inactive,80,2022-09-06 13:00:00,2024-10-14 00:00:00
140,Olivia,Scott,F,2005-03-08,12,Inactive,80,2022-09-07 15:00:00,2022-11-19 00:00:00
141,Luke,Anderson,M,2005-07-08,12,Inactive,80,2022-09-08 17:00:00,2022-10-22 00:00:00
142,Hazel,Johnson,F,2010-07-28,6,Inactive,80,2022-09-10 13:00:00,2023-01-21 00:00:00
143,Charles,Rodriguez,M,2006-08-12,12,Inactive,80,2022-09-11 16:00:00,2024-10-30 00:00:00
144,Ella,Nguyen,F,2010-02-07,11,Inactive,80,2022-09-12 15:00:00,2025-11-19 00:00:00
145,Sophia,Torres,F,2010-02-13,6,Inactive,80,2022-09-13 17:00:00,2023-01-24 00:00:00
146,Scarlet,King,F,2007-08-08,12,Inactive,80,2022-09-15 16:00:00,2025-10-25 00:00:00
147,Aurora,Carter,F,2005-08-17,11,Inactive,80,2022-09-16 13:00:00,2023-01-27 00:00:00
148,Paisley,Adams,F,2009-12-04,7,Inactive,80,2022-09-18 16:00:00,2023-01-29 00:00:00
149,Savannah,Young,F,2006-06-26,12,Inactive,80,2022-09-19 13:00:00,2024-09-15 00:00:00
150,Evelyn,Martinez,F,2005-12-08,12,Inactive,80,2022-09-20 13:00:00,2023-09-23 00:00:00
151,Riley,Gonzalez,F,2006-01-10,12,Inactive,80,2022-09-23 14:00:00,2023-10-28 00:00:00
152,James,Jackson,M,2007-09-02,9,Inactive,80,2022-09-24 15:00:00,2023-02-04 00:00:00
153,Brooklyn,Hill,F,2007-12-10,9,Inactive,80,2022-09-25 16:00:00,2023-02-05 00:00:00
154,Lucas,Hill,M,2009-05-03,12,Active,80,2022-09-26 16:00:00,2025-11-27 00:00:00
155,Scarlett,Hernandez,F,2006-06-24,10,Inactive,80,2022-09-27 13:00:00,2023-02-07 00:00:00
156,Asher,Sanchez,M,2005-12-25,11,Inactive,80,2022-09-28 18:00:00,2023-02-08 00:00:00
157,Anthony,Miller,M,2007-02-18,9,Inactive,80,2022-09-30 13:00:00,2023-02-10 00:00:00
158,Violet,Davis,F,2007-08-02,11,Inactive,80,2022-10-01 13:00:00,2025-09-16 00:00:00
159,Claire,Nelson,F,2010-08-13,10,Inactive,80,2022-10-02 18:00:00,2025-10-31 00:00:00
160,Owen,Taylor,M,2007-10-24,12,Inactive,80,2022-10-03 17:00:00,2025-03-23 00:00:00
161,Brooklyn,Gonzalez,F,2006-03-20,10,Inactive,80,2022-10-04 13:00:00,2023-02-14 00:00:00
162,Nova,Brown,F,2007-07-04,9,Inactive,80,2022-10-06 17:00:00,2023-02-16 00:00:00
163,Willow,Allen,F,2005-03-16,11,Inactive,80,2022-10-08 17:00:00,2023-02-18 00:00:00
164,Anthony,Flores,M,2007-09-28,12,Inactive,80,2022-10-09 13:00:00,2025-10-07 00:00:00
165,Penelope,Robinson,F,2007-09-04,9,Inactive,80,2022-10-10 17:00:00,2023-02-20 00:00:00
166,Isaac,Taylor,M,2007-11-14,11,Inactive,80,2022-10-12 14:00:00,2025-11-27 00:00:00
167,Anna,Martin,F,2009-07-11,9,Inactive,80,2022-10-14 14:00:00,2023-11-07 00:00:00
168,Riley,Jackson,F,2007-10-03,10,Active,80,2022-10-15 18:00:00,2025-09-17 00:00:00
169,Ella,Green,F,2006-12-15,10,Inactive,80,2022-10-18 14:00:00,2022-10-25 00:00:00
170,Logan,Harris,M,2010-11-22,11,Inactive,80,2022-10-21 15:00:00,2025-11-13 00:00:00
171,Genesis,Anderson,F,2010-05-21,6,Inactive,80,2022-10-25 17:00:00,2023-03-07 00:00:00
172,Owen,Ramirez,M,2007-08-11,9,Inactive,80,2022-10-27 15:00:00,2023-03-09 00:00:00
173,Hudson,Taylor,M,2007-09-14,11,Inactive,80,2022-10-28 16:00:00,2024-09-28 00:00:00
174,James,Hernandez,M,2006-07-12,12,Inactive,80,2022-10-31 16:00:00,2025-10-24 00:00:00
175,Aria,Wilson,F,2006-09-21,12,Inactive,80,2022-11-01 16:00:00,2024-10-14 00:00:00
176,Hannah,White,F,2006-04-01,12,Inactive,80,2022-11-03 16:00:00,2024-10-26 00:00:00
177,Evelyn,Gonzalez,F,2006-11-04,12,Inactive,80,2022-11-04 18:00:00,2025-10-17 00:00:00
178,Penelope,Adams,F,2009-07-27,9,Inactive,80,2022-11-06 18:00:00,2025-10-17 00:00:00
179,Aurora,Johnson,F,2006-02-16,12,Inactive,80,2022-11-07 14:00:00,2023-11-16 00:00:00
180,Alexander,Harris,M,2006-06-20,12,Inactive,80,2022-11-10 18:00:00,2023-11-29 00:00:00
181,Savannah,Wright,F,2006-02-05,10,Inactive,80,2022-11-11 13:00:00,2023-03-24 00:00:00
182,Scarlet,Jackson,F,2007-12-09,10,Inactive,80,2022-11-12 16:00:00,2025-02-16 00:00:00
183,Grace,Young,F,2009-06-14,7,Inactive,80,2022-11-13 15:00:00,2023-03-26 00:00:00
184,Penelope,Lewis,F,2005-03-24,12,Inactive,80,2022-11-18 15:00:00,2024-09-25 00:00:00
185,Willow,Scott,F,2010-01-22,10,Active,80,2022-11-20 14:00:00,2025-10-08 00:00:00
186,Abigail,Brown,F,2010-01-15,9,Inactive,80,2022-11-21 16:00:00,2025-10-13 00:00:00
187,Oliver,Brown,M,2010-06-17,9,Inactive,80,2022-11-26 14:00:00,2024-11-07 00:00:00
188,Jayden,Mitchell,M,2006-11-21,12,Inactive,80,2022-11-27 16:00:00,2024-10-27 00:00:00
189,Samantha,Smith,F,2006-07-12,12,Inactive,80,2022-11-28 16:00:00,2024-04-06 00:00:00
190,Oliver,Mitchell,M,2005-03-20,12,Inactive,80,2022-11-30 16:00:00,2023-10-20 00:00:00
191,Emma,Robinson,F,2010-10-13,9,Inactive,80,2022-12-02 17:00:00,2025-11-26 00:00:00
192,Leah,Scott,F,2006-04-22,11,Inactive,80,2022-12-03 17:00:00,2023-11-29 00:00:00
193,Jacob,Mitchell,M,2009-11-20,7,Inactive,80,2022-12-08 16:00:00,2023-04-20 00:00:00
194,Claire,Lewis,F,2007-02-17,9,Inactive,80,2022-12-12 13:00:00,2023-04-24 00:00:00
195,Owen,Nelson,M,2006-04-24,12,Inactive,80,2022-12-14 16:00:00,2024-09-17 00:00:00
196,Logan,Lewis,M,2007-06-07,11,Inactive,80,2022-12-16 14:00:00,2025-11-13 00:00:00
197,Anna,Wright,F,2006-06-11,12,Inactive,80,2022-12-17 17:00:00,2025-10-28 00:00:00
198,Stella,Anderson,F,2006-11-06,12,Inactive,80,2022-12-18 16:00:00,2023-12-03 00:00:00
199,Hannah,Baker,F,2005-06-27,11,Inactive,80,2022-12-22 18:00:00,2023-05-04 00:00:00
200,Lincoln,Robinson,M,2010-03-24,6,Inactive,80,2022-12-29 16:00:00,2023-05-11 00:00:00
201,Anthony,Brown,M,2007-10-01,9,Inactive,80,2022-12-30 13:00:00,2023-05-12 00:00:00
202,Victoria,Harris,F,2005-08-08,12,Inactive,80,2022-12-31 17:00:00,2024-11-14 00:00:00
203,Carter,Harris,M,2011-04-18,10,Active,100,2023-01-03 16:00:00,2025-09-24 00:00:00
204,Genesis,Carter,F,2008-05-10,9,Inactive,100,2023-01-04 18:00:00,2023-05-17 00:00:00
205,Alexander,Young,M,2010-11-22,7,Inactive,100,2023-01-09 18:00:00,2023-01-16 00:00:00
206,Genesis,Williams,F,2010-05-03,7,Inactive,100,2023-01-10 18:00:00,2023-05-02 00:00:00
207,Lincoln,Taylor,M,2007-05-14,10,Inactive,100,2023-01-12 13:00:00,2023-05-25 00:00:00
208,Charles,Ramirez,M,2008-02-18,9,Inactive,100,2023-01-15 14:00:00,2023-04-16 00:00:00
209,Maverick,Taylor,M,2008-03-16,11,Inactive,100,2023-01-16 15:00:00,2023-10-06 00:00:00
210,Victoria,Baker,F,2008-08-04,10,Inactive,100,2023-01-18 16:00:00,2023-10-26 00:00:00
211,Nora,King,F,2007-02-15,10,Inactive,100,2023-01-19 17:00:00,2023-06-01 00:00:00
212,Aurora,Walker,F,2006-12-05,11,Inactive,100,2023-01-23 13:00:00,2023-06-05 00:00:00
213,Violet,Nguyen,F,2010-03-13,10,Inactive,100,2023-01-30 17:00:00,2024-09-16 00:00:00
214,Stella,Green,F,2010-10-12,12,Inactive,100,2023-01-31 13:00:00,2025-09-24 00:00:00
215,Lucy,Taylor,F,2008-04-24,10,Inactive,100,2023-02-05 14:00:00,2024-10-08 00:00:00
216,Harper,Torres,F,2011-05-24,10,Active,100,2023-02-06 16:00:00,2025-11-23 00:00:00
217,Skylar,Wilson,F,2010-07-10,11,Inactive,100,2023-02-07 13:00:00,2025-10-30 00:00:00
218,Isabella,Sanchez,F,2008-06-06,12,Inactive,100,2023-02-08 14:00:00,2025-11-23 00:00:00
219,Stella,Ramirez,F,2006-05-21,11,Inactive,100,2023-02-16 17:00:00,2023-06-29 00:00:00
220,Gabriel,Flores,M,2008-06-03,12,Active,100,2023-02-19 18:00:00,2025-09-04 00:00:00
221,Owen,Wright,M,2008-09-09,12,Active,100,2023-02-20 16:00:00,2025-09-06 00:00:00
222,Brooklyn,Martin,F,2010-01-12,7,Inactive,100,2023-02-22 15:00:00,2023-07-05 00:00:00
223,Olivia,Moore,F,2006-03-16,11,Inactive,100,2023-02-23 18:00:00,2023-07-06 00:00:00
224,Liam,Miller,M,2008-08-12,11,Inactive,100,2023-02-26 16:00:00,2024-11-20 00:00:00
225,Violet,Williams,F,2007-10-03,12,Inactive,100,2023-03-03 13:00:00,2024-11-27 00:00:00
226,Gabriel,Hill,M,2006-09-04,12,Inactive,100,2023-03-07 18:00:00,2024-03-13 00:00:00
227,David,Thompson,M,2006-05-16,12,Inactive,100,2023-03-10 15:00:00,2024-12-02 00:00:00
228,Isabella,Sanchez,F,2008-06-21,10,Inactive,100,2023-03-20 17:00:00,2023-09-29 00:00:00
229,Gabriel,Thompson,M,2008-12-28,9,Inactive,100,2023-03-21 16:00:00,2023-08-01 00:00:00
230,Anna,Mitchell,F,2008-08-02,11,Inactive,100,2023-03-22 17:00:00,2025-10-04 00:00:00
231,Paisley,Carter,F,2007-11-07,12,Inactive,100,2023-03-23 18:00:00,2024-11-10 00:00:00
232,Sophia,Robinson,F,2006-02-19,11,Inactive,100,2023-03-29 17:00:00,2023-08-09 00:00:00
233,Aria,Miller,F,2008-08-02,11,Inactive,100,2023-04-04 18:00:00,2025-11-08 00:00:00
234,John,Campbell,M,2007-07-18,10,Inactive,100,2023-04-11 13:00:00,2023-08-22 00:00:00
235,Leo,Wright,M,2006-09-19,12,Inactive,100,2023-04-12 16:00:00,2024-09-10 00:00:00
236,Isabella,Hill,F,2007-08-14,10,Inactive,100,2023-04-14 15:00:00,2023-07-07 00:00:00
237,Samuel,Allen,M,2006-04-07,11,Inactive,100,2023-04-16 15:00:00,2023-08-27 00:00:00
238,Sofia,Adams,F,2006-03-15,12,Inactive,100,2023-04-17 14:00:00,2024-03-24 00:00:00
239,Nova,Moore,F,2007-08-23,12,Inactive,100,2023-04-25 15:00:00,2023-11-30 00:00:00
240,Sophia,Mitchell,F,2010-10-06,7,Inactive,100,2023-04-26 13:00:00,2023-09-06 00:00:00
241,Emily,Jones,F,2006-06-05,12,Inactive,100,2023-04-28 14:00:00,2023-10-29 00:00:00
242,Wyatt,Moore,M,2008-10-14,12,Inactive,100,2023-05-02 14:00:00,2025-10-09 00:00:00
243,Bella,Moore,F,2006-03-08,11,Inactive,100,2023-05-05 14:00:00,2023-09-15 00:00:00
244,Hannah,Roberts,F,2006-07-26,12,Inactive,100,2023-05-06 14:00:00,2023-09-18 00:00:00
245,Luke,White,M,2007-04-19,11,Inactive,100,2023-05-07 17:00:00,2025-11-20 00:00:00
246,Caroline,Harris,F,2010-03-23,10,Inactive,100,2023-05-08 17:00:00,2025-11-05 00:00:00
247,Owen,Garcia,M,2008-08-26,12,Inactive,100,2023-05-10 14:00:00,2024-11-03 00:00:00
248,Lucy,Lee,F,2006-02-23,11,Inactive,100,2023-05-13 16:00:00,2023-09-23 00:00:00
249,Aurora,Gonzalez,F,2010-06-11,9,Inactive,100,2023-05-14 14:00:00,2025-04-10 00:00:00
250,Thomas,Carter,M,2008-11-09,11,Inactive,100,2023-05-20 17:00:00,2024-11-03 00:00:00
251,Harper,Gonzalez,F,2008-01-05,12,Inactive,100,2023-05-22 17:00:00,2024-10-24 00:00:00
252,Amelia,Flores,F,2006-12-04,12,Inactive,100,2023-05-29 13:00:00,2023-09-28 00:00:00
253,Skylar,Robinson,F,2008-03-02,10,Inactive,100,2023-05-30 17:00:00,2024-11-29 00:00:00
254,Emilia,Scott,F,2011-04-19,9,Inactive,100,2023-06-03 18:00:00,2025-11-23 00:00:00
255,Carter,Garcia,M,2010-01-26,9,Inactive,100,2023-06-04 15:00:00,2025-01-18 00:00:00
256,Avery,Rivera,F,2010-12-16,8,Inactive,100,2023-06-05 13:00:00,2024-09-27 00:00:00
257,Emily,Hall,F,2007-07-12,12,Inactive,100,2023-06-06 14:00:00,2023-11-25 00:00:00
258,Brooklyn,Torres,F,2006-04-25,11,Inactive,100,2023-06-10 14:00:00,2023-10-21 00:00:00
259,Victoria,Torres,F,2011-04-08,9,Inactive,100,2023-06-11 16:00:00,2024-11-06 00:00:00
260,Aurora,Moore,F,2008-01-11,11,Inactive,100,2023-06-12 14:00:00,2025-02-28 00:00:00
261,Thomas,Wright,M,2007-11-08,12,Inactive,100,2023-06-13 16:00:00,2025-11-20 00:00:00
262,Aiden,Nelson,M,2006-06-21,11,Inactive,100,2023-06-16 16:00:00,2023-10-27 00:00:00
263,Ellie,Adams,F,2011-08-04,6,Inactive,100,2023-06-22 17:00:00,2023-11-02 00:00:00
264,Ethan,Williams,M,2008-01-03,12,Inactive,100,2023-06-26 16:00:00,2024-09-11 00:00:00
265,Aiden,Flores,M,2007-02-20,12,Inactive,100,2023-06-27 16:00:00,2024-11-29 00:00:00
266,James,Rivera,M,2006-10-01,12,Inactive,100,2023-06-29 17:00:00,2023-09-10 00:00:00
267,Emily,Lee,F,2007-05-19,10,Inactive,100,2023-06-30 14:00:00,2023-11-10 00:00:00
268,Caroline,Hall,F,2011-10-27,6,Inactive,100,2023-07-07 13:00:00,2023-11-17 00:00:00
269,Olivia,Lewis,F,2008-12-09,10,Inactive,100,2023-07-08 18:00:00,2024-11-28 00:00:00
270,Carter,Hill,M,2006-11-14,12,Inactive,100,2023-07-10 16:00:00,2023-11-08 00:00:00
271,Matthew,Wright,M,2007-03-19,11,Inactive,100,2023-07-14 16:00:00,2023-11-26 00:00:00
272,Hudson,Gonzalez,M,2007-01-21,12,Inactive,100,2023-07-15 13:00:00,2025-11-08 00:00:00
273,Michael,Nelson,M,2008-07-17,9,Inactive,100,2023-07-17 13:00:00,2023-11-27 00:00:00
274,Ava,Lopez,F,2007-08-26,12,Inactive,100,2023-07-20 17:00:00,2024-09-28 00:00:00
275,Victoria,Thomas,F,2007-12-13,12,Inactive,100,2023-07-31 15:00:00,2025-09-09 00:00:00
276,Ella,Garcia,F,2010-03-03,12,Inactive,100,2023-08-06 15:00:00,2025-10-19 00:00:00
277,Sofia,Thomas,F,2011-03-05,6,Inactive,100,2023-08-07 14:00:00,2023-12-18 00:00:00
278,Sophia,Young,F,2007-09-28,12,Inactive,100,2023-08-10 16:00:00,2024-10-03 00:00:00
279,David,Thompson,M,2011-05-13,8,Inactive,100,2023-08-11 17:00:00,2025-01-22 00:00:00
280,Jacob,Harris,M,2008-04-20,12,Inactive,100,2023-08-12 16:00:00,2025-11-29 00:00:00
281,Scarlett,Lee,F,2010-10-13,10,Active,100,2023-08-13 17:00:00,2025-10-04 00:00:00
282,Daniel,Hall,M,2007-09-25,12,Inactive,100,2023-08-14 17:00:00,2024-01-25 00:00:00
283,Thomas,Allen,M,2010-02-22,9,Inactive,100,2023-08-17 18:00:00,2025-11-29 00:00:00
284,Samantha,Wright,F,2007-07-14,12,Inactive,100,2023-08-18 18:00:00,2024-12-03 00:00:00
285,Aria,White,F,2010-08-09,7,Inactive,100,2023-08-19 13:00:00,2023-12-30 00:00:00
286,Jackson,Miller,M,2007-07-17,12,Inactive,100,2023-08-20 17:00:00,2024-03-30 00:00:00
287,Nova,Roberts,F,2011-09-14,6,Inactive,100,2023-08-22 13:00:00,2024-01-02 00:00:00
288,Alexander,Martin,M,2010-12-24,7,Inactive,100,2023-08-26 14:00:00,2024-01-06 00:00:00
289,Michael,Lee,M,2006-08-01,12,Inactive,100,2023-08-27 18:00:00,2023-09-25 00:00:00
290,Emma,Flores,F,2010-01-20,10,Active,100,2023-08-28 13:00:00,2025-11-15 00:00:00
291,Evelyn,Thompson,F,2006-01-17,11,Inactive,100,2023-09-01 17:00:00,2024-01-12 00:00:00
292,Hudson,Taylor,M,2011-05-22,8,Inactive,100,2023-09-02 15:00:00,2025-11-24 00:00:00
293,Lily,Thomas,F,2011-09-19,8,Inactive,100,2023-09-03 13:00:00,2024-11-11 00:00:00
294,Carter,Jones,M,2008-09-11,12,Inactive,100,2023-09-04 13:00:00,2025-10-27 00:00:00
295,Maya,Campbell,F,2006-06-20,12,Inactive,100,2023-09-06 17:00:00,2023-10-26 00:00:00
296,Ava,Young,F,2010-09-01,7,Inactive,100,2023-09-07 13:00:00,2023-09-14 00:00:00
297,Leo,Lewis,M,2007-07-14,11,Inactive,100,2023-09-08 16:00:00,2024-02-18 00:00:00
298,Logan,Thomas,M,2010-06-28,8,Inactive,100,2023-09-09 16:00:00,2025-01-28 00:00:00
299,Harper,Harris,F,2008-04-11,12,Inactive,100,2023-09-10 14:00:00,2025-11-12 00:00:00
300,Sebastian,Clark,M,2006-08-26,12,Inactive,100,2023-09-11 13:00:00,2023-10-17 00:00:00
301,Nora,Lewis,F,2006-12-15,11,Inactive,100,2023-09-12 16:00:00,2024-01-23 00:00:00
302,Carter,Scott,M,2007-11-06,10,Inactive,100,2023-09-13 17:00:00,2024-01-24 00:00:00
303,Brooklyn,Rivera,F,2008-02-06,11,Inactive,100,2023-09-15 16:00:00,2024-11-14 00:00:00
304,Nora,Ramirez,F,2007-05-04,12,Inactive,100,2023-09-16 17:00:00,2023-11-02 00:00:00
305,Maya,Nelson,F,2007-03-13,11,Inactive,100,2023-09-17 18:00:00,2025-09-08 00:00:00
306,Zoey,Lewis,F,2011-09-06,10,Inactive,100,2023-09-18 16:00:00,2025-12-07 00:00:00
307,Emma,Robinson,F,2007-02-06,12,Inactive,100,2023-09-19 15:00:00,2024-10-23 00:00:00
308,Elias,Robinson,M,2011-05-17,11,Inactive,100,2023-09-20 15:00:00,2025-09-25 00:00:00
309,Anthony,Anderson,M,2006-10-17,11,Inactive,100,2023-09-21 17:00:00,2024-02-01 00:00:00
310,Gabriel,Thompson,M,2006-05-27,11,Inactive,100,2023-09-22 13:00:00,2024-02-02 00:00:00
311,Genesis,Johnson,F,2006-04-04,11,Inactive,100,2023-09-23 14:00:00,2023-09-30 00:00:00
312,Levi,Anderson,M,2006-02-03,12,Inactive,100,2023-09-24 13:00:00,2024-09-17 00:00:00
313,Michael,Hernandez,M,2008-06-05,12,Inactive,100,2023-09-30 18:00:00,2025-11-21 00:00:00
314,Jacob,Anderson,M,2008-10-06,12,Inactive,100,2023-10-01 16:00:00,2025-12-05 00:00:00
315,Victoria,Scott,F,2008-10-17,12,Active,100,2023-10-03 16:00:00,2025-11-05 00:00:00
316,Isaac,Garcia,M,2011-11-28,8,Inactive,100,2023-10-04 13:00:00,2025-11-08 00:00:00
317,Gabriel,Adams,M,2008-01-09,12,Inactive,100,2023-10-05 17:00:00,2024-10-28 00:00:00
318,Ella,Nguyen,F,2007-03-12,12,Inactive,100,2023-10-06 13:00:00,2025-02-08 00:00:00
319,Avery,Jackson,F,2006-01-21,12,Inactive,100,2023-10-07 16:00:00,2024-10-25 00:00:00
320,Lincoln,Anderson,M,2007-05-27,12,Inactive,100,2023-10-08 15:00:00,2024-11-16 00:00:00
321,Elizabeth,Mitchell,F,2006-07-08,12,Inactive,100,2023-10-10 14:00:00,2024-09-13 00:00:00
322,Mia,Rodriguez,F,2010-05-17,10,Inactive,100,2023-10-11 18:00:00,2025-10-02 00:00:00
323,Lincoln,Walker,M,2011-11-15,9,Inactive,100,2023-10-12 16:00:00,2024-11-20 00:00:00
324,Jacob,Adams,M,2008-03-15,11,Inactive,100,2023-10-13 14:00:00,2024-10-04 00:00:00
325,Nova,Garcia,F,2008-04-01,11,Inactive,100,2023-10-14 13:00:00,2024-11-09 00:00:00
326,Penelope,Sanchez,F,2008-05-24,9,Inactive,100,2023-10-17 18:00:00,2024-02-27 00:00:00
327,Claire,Lee,F,2007-07-12,10,Inactive,100,2023-10-18 13:00:00,2024-02-28 00:00:00
328,Asher,Anderson,M,2006-11-24,12,Inactive,100,2023-10-19 16:00:00,2024-09-22 00:00:00
329,Paisley,Miller,F,2006-01-22,12,Inactive,100,2023-10-20 15:00:00,2024-09-15 00:00:00
330,Scarlett,Jones,F,2007-07-10,10,Inactive,100,2023-10-21 14:00:00,2024-03-02 00:00:00
331,Mia,Gonzalez,F,2007-03-07,10,Inactive,100,2023-10-22 14:00:00,2023-11-05 00:00:00
332,Scarlet,Thompson,F,2008-10-11,11,Inactive,100,2023-10-23 14:00:00,2025-10-23 00:00:00
333,Avery,Lewis,F,2007-08-07,10,Inactive,100,2023-10-25 16:00:00,2024-03-06 00:00:00
334,Harper,Davis,F,2006-08-06,11,Inactive,100,2023-10-26 17:00:00,2024-03-07 00:00:00
335,Skylar,Adams,F,2008-06-04,11,Inactive,100,2023-10-28 13:00:00,2025-11-25 00:00:00
336,Alexander,Green,M,2006-12-15,12,Inactive,100,2023-10-29 14:00:00,2025-09-23 00:00:00
337,Samantha,Ramirez,F,2007-03-08,11,Inactive,100,2023-10-31 17:00:00,2025-11-01 00:00:00
338,Ella,Lee,F,2011-01-15,8,Inactive,100,2023-11-01 15:00:00,2025-10-09 00:00:00
339,Stella,Anderson,F,2010-09-18,7,Inactive,100,2023-11-02 16:00:00,2024-03-14 00:00:00
340,Noah,Allen,M,2008-06-25,11,Inactive,100,2023-11-03 16:00:00,2025-10-06 00:00:00
341,Grayson,Davis,M,2008-12-13,9,Inactive,100,2023-11-04 13:00:00,2024-03-16 00:00:00
342,Jack,Jones,M,2006-03-05,12,Inactive,100,2023-11-06 14:00:00,2023-12-03 00:00:00
343,Harper,Anderson,F,2010-10-17,7,Inactive,100,2023-11-08 15:00:00,2024-03-20 00:00:00
344,Brooklyn,Ramirez,F,2010-10-06,8,Inactive,100,2023-11-10 16:00:00,2025-11-23 00:00:00
345,Emilia,Scott,F,2010-06-13,7,Inactive,100,2023-11-11 18:00:00,2024-03-23 00:00:00
346,Josiah,Perez,M,2010-05-25,11,Inactive,100,2023-11-13 17:00:00,2025-11-27 00:00:00
347,Hannah,Robinson,F,2008-05-27,11,Inactive,100,2023-11-14 14:00:00,2025-10-19 00:00:00
348,Elias,Smith,M,2008-11-10,9,Inactive,100,2023-11-16 14:00:00,2024-03-28 00:00:00
349,John,Mitchell,M,2010-11-01,7,Inactive,100,2023-11-18 17:00:00,2024-03-30 00:00:00
350,Ava,Young,F,2007-03-01,12,Inactive,100,2023-11-20 15:00:00,2025-11-17 00:00:00
351,Aiden,Gonzalez,M,2008-04-18,11,Active,100,2023-11-21 18:00:00,2025-10-06 00:00:00
352,Samuel,Martinez,M,2008-01-27,9,Inactive,100,2023-11-22 15:00:00,2024-04-03 00:00:00
353,Willow,Carter,F,2008-03-11,11,Inactive,100,2023-11-23 13:00:00,2025-11-30 00:00:00
354,Zoey,Jackson,F,2007-08-21,11,Inactive,100,2023-11-24 15:00:00,2025-11-20 00:00:00
355,Luke,Williams,M,2010-01-13,8,Inactive,100,2023-11-27 13:00:00,2025-02-28 00:00:00
356,Aurora,Rivera,F,2008-01-12,9,Inactive,100,2023-11-28 13:00:00,2024-04-09 00:00:00
357,Genesis,Walker,F,2010-02-04,8,Inactive,100,2023-11-29 15:00:00,2024-10-10 00:00:00
358,Ezra,Ramirez,M,2011-01-18,8,Inactive,100,2023-11-30 14:00:00,2025-11-02 00:00:00
359,Sebastian,Gonzalez,M,2010-01-26,10,Active,100,2023-12-02 14:00:00,2025-10-15 00:00:00
360,Liam,Lewis,M,2007-07-13,11,Inactive,100,2023-12-08 18:00:00,2025-02-01 00:00:00
361,Luca,Taylor,M,2007-01-09,10,Inactive,100,2023-12-09 17:00:00,2024-04-20 00:00:00
362,Ezra,Martin,M,2007-04-01,10,Inactive,100,2023-12-13 15:00:00,2023-12-20 00:00:00
363,Levi,Clark,M,2008-07-08,11,Active,100,2023-12-14 13:00:00,2025-09-22 00:00:00
364,Aria,Anderson,F,2011-07-19,7,Active,100,2023-12-15 17:00:00,2025-11-12 00:00:00
365,Bella,Allen,F,2006-06-14,11,Inactive,100,2023-12-17 17:00:00,2024-04-28 00:00:00
366,Hazel,Lee,F,2006-07-20,12,Inactive,100,2023-12-18 15:00:00,2025-02-13 00:00:00
367,Caroline,Lewis,F,2008-08-22,9,Inactive,100,2023-12-19 14:00:00,2024-04-30 00:00:00
368,Nova,Scott,F,2008-04-04,12,Inactive,100,2023-12-20 16:00:00,2025-09-18 00:00:00
369,Noah,Jones,M,2006-07-04,11,Inactive,100,2023-12-21 13:00:00,2024-05-02 00:00:00
370,Hudson,Lewis,M,2007-04-28,10,Inactive,100,2023-12-22 18:00:00,2024-05-03 00:00:00
371,Owen,Taylor,M,2010-10-20,9,Inactive,100,2023-12-23 14:00:00,2025-11-29 00:00:00
372,Caroline,Brown,F,2008-06-04,11,Inactive,100,2023-12-26 13:00:00,2025-10-28 00:00:00
373,Charles,Hernandez,M,2007-09-19,10,Inactive,100,2023-12-28 15:00:00,2024-05-30 00:00:00
374,Leo,Gonzalez,M,2007-04-25,11,Inactive,100,2023-12-29 13:00:00,2025-02-18 00:00:00
375,Julian,Williams,M,2009-07-04,10,Active,120,2024-01-04 18:00:00,2025-11-06 00:00:00
376,Riley,Nguyen,F,2011-02-02,10,Inactive,120,2024-01-07 17:00:00,2025-11-19 00:00:00
377,Elias,Hall,M,2007-10-27,11,Inactive,120,2024-01-08 14:00:00,2024-05-20 00:00:00
378,Genesis,Flores,F,2008-02-24,12,Inactive,120,2024-01-13 15:00:00,2025-11-17 00:00:00
379,Noah,Wilson,M,2009-02-04,9,Inactive,120,2024-01-15 13:00:00,2024-05-27 00:00:00
380,Elias,Lopez,M,2012-06-03,6,Inactive,120,2024-01-17 14:00:00,2024-05-29 00:00:00
381,Chloe,Nelson,F,2012-11-23,6,Inactive,120,2024-01-21 17:00:00,2024-06-02 00:00:00
382,Lucas,Gonzalez,M,2011-03-11,7,Inactive,120,2024-01-22 16:00:00,2024-06-03 00:00:00
383,Willow,Rivera,F,2012-04-16,8,Inactive,120,2024-01-23 18:00:00,2025-11-08 00:00:00
384,Charles,Moore,M,2008-07-14,12,Inactive,120,2024-01-26 18:00:00,2024-10-05 00:00:00
385,Isaac,Smith,M,2008-03-08,12,Inactive,120,2024-01-27 17:00:00,2025-09-25 00:00:00
386,Mia,Moore,F,2009-05-13,12,Inactive,120,2024-01-29 17:00:00,2025-09-27 00:00:00
387,Harper,Green,F,2007-02-12,12,Inactive,120,2024-02-02 14:00:00,2025-01-29 00:00:00
388,Josiah,Nguyen,M,2008-07-24,12,Inactive,120,2024-02-07 14:00:00,2025-10-11 00:00:00
389,Asher,Johnson,M,2009-10-09,9,Inactive,120,2024-02-08 16:00:00,2024-06-20 00:00:00
390,Penelope,Davis,F,2008-05-24,10,Inactive,120,2024-02-11 18:00:00,2024-06-23 00:00:00
391,Penelope,Mitchell,F,2009-07-09,12,Inactive,120,2024-02-13 13:00:00,2025-09-27 00:00:00
392,David,Martin,M,2007-09-27,12,Inactive,120,2024-02-14 18:00:00,2024-10-20 00:00:00
393,Penelope,Taylor,F,2009-07-24,10,Inactive,120,2024-02-17 17:00:00,2025-10-20 00:00:00
394,Violet,Lewis,F,2008-02-04,12,Inactive,120,2024-02-18 15:00:00,2025-03-05 00:00:00
395,Elizabeth,Wilson,F,2008-11-23,10,Inactive,120,2024-02-21 13:00:00,2024-07-03 00:00:00
396,Ezra,Martin,M,2009-04-03,9,Inactive,120,2024-02-24 16:00:00,2024-07-06 00:00:00
397,Daniel,Rodriguez,M,2012-12-27,6,Inactive,120,2024-02-26 15:00:00,2024-07-08 00:00:00
398,Mateo,Taylor,M,2009-09-09,9,Inactive,120,2024-02-27 16:00:00,2024-07-09 00:00:00
399,Willow,Rivera,F,2009-04-24,11,Inactive,120,2024-02-28 18:00:00,2025-11-08 00:00:00
400,Ethan,Roberts,M,2007-02-05,11,Inactive,120,2024-02-29 18:00:00,2024-07-11 00:00:00
401,Grayson,Johnson,M,2007-08-18,12,Inactive,120,2024-03-04 14:00:00,2025-11-05 00:00:00
402,Jack,Ramirez,M,2009-12-03,12,Inactive,120,2024-03-05 14:00:00,2025-09-16 00:00:00
403,Evelyn,Moore,F,2011-01-05,8,Inactive,120,2024-03-09 16:00:00,2025-01-16 00:00:00
404,Sebastian,Gonzalez,M,2012-01-05,10,Inactive,120,2024-03-10 17:00:00,2025-10-25 00:00:00
405,Violet,Smith,F,2008-07-13,11,Inactive,120,2024-03-13 18:00:00,2024-11-27 00:00:00
406,Sophia,Rodriguez,F,2008-09-15,11,Inactive,120,2024-03-14 13:00:00,2025-10-03 00:00:00
407,Gabriel,Jackson,M,2009-03-01,10,Inactive,120,2024-03-16 15:00:00,2024-09-12 00:00:00
408,William,Taylor,M,2011-05-28,7,Inactive,120,2024-03-17 17:00:00,2024-07-28 00:00:00
409,Isaac,Lewis,M,2009-07-09,12,Inactive,120,2024-03-18 18:00:00,2025-11-23 00:00:00
410,Hazel,Martinez,F,2009-10-09,9,Inactive,120,2024-03-19 18:00:00,2024-07-30 00:00:00
411,Maverick,Rivera,M,2008-05-02,10,Inactive,120,2024-03-21 14:00:00,2024-08-01 00:00:00
412,Joseph,Walker,M,2008-02-19,10,Inactive,120,2024-03-22 13:00:00,2024-05-31 00:00:00
413,David,Lee,M,2011-03-06,10,Active,120,2024-03-23 14:00:00,2025-10-29 00:00:00
414,Michael,Carter,M,2008-06-12,11,Inactive,120,2024-03-25 17:00:00,2025-03-31 00:00:00
415,Hazel,Jones,F,2009-09-04,12,Active,120,2024-03-27 17:00:00,2025-11-17 00:00:00
416,Ella,Allen,F,2007-10-04,11,Inactive,120,2024-03-28 14:00:00,2024-08-08 00:00:00
417,Skylar,Hill,F,2009-03-10,11,Inactive,120,2024-03-31 14:00:00,2024-09-30 00:00:00
418,Lucy,Flores,F,2008-09-11,12,Inactive,120,2024-04-01 14:00:00,2025-11-21 00:00:00
419,Bella,Thomas,F,2012-10-04,7,Inactive,120,2024-04-02 15:00:00,2025-11-15 00:00:00
420,Amelia,Ramirez,F,2009-01-01,11,Inactive,120,2024-04-03 15:00:00,2025-09-20 00:00:00
421,Mia,Carter,F,2009-12-09,11,Active,120,2024-04-04 18:00:00,2025-10-12 00:00:00
422,Anna,Garcia,F,2009-12-13,9,Inactive,120,2024-04-05 17:00:00,2024-08-16 00:00:00
423,Mason,Gonzalez,M,2008-06-24,10,Inactive,120,2024-04-07 16:00:00,2024-08-18 00:00:00
424,Elias,Campbell,M,2007-06-28,11,Inactive,120,2024-04-11 14:00:00,2024-08-22 00:00:00
425,Abigail,Thompson,F,2007-01-01,12,Inactive,120,2024-04-12 18:00:00,2024-09-23 00:00:00
426,Emma,Baker,F,2009-09-26,9,Inactive,120,2024-04-18 13:00:00,2024-06-06 00:00:00
427,Jayden,Robinson,M,2007-07-11,11,Inactive,120,2024-04-21 14:00:00,2024-06-23 00:00:00
428,Lily,Garcia,F,2008-02-10,11,Inactive,120,2024-04-22 15:00:00,2025-03-26 00:00:00
429,Brooklyn,Mitchell,F,2008-01-25,10,Inactive,120,2024-04-24 13:00:00,2024-09-04 00:00:00
430,Charles,Clark,M,2009-04-11,11,Inactive,120,2024-04-27 13:00:00,2025-12-07 00:00:00
431,Aubrey,Hernandez,F,2007-09-04,12,Inactive,120,2024-04-28 14:00:00,2025-01-12 00:00:00
432,Maya,King,F,2009-04-16,12,Inactive,120,2024-05-02 14:00:00,2025-09-17 00:00:00
433,Dylan,Green,M,2007-06-07,11,Inactive,120,2024-05-08 17:00:00,2024-06-05 00:00:00
434,Anna,Rivera,F,2007-02-23,12,Inactive,120,2024-05-10 17:00:00,2024-09-12 00:00:00
435,Paisley,White,F,2007-01-06,12,Inactive,120,2024-05-13 16:00:00,2025-01-21 00:00:00
436,Scarlett,Smith,F,2007-02-27,11,Inactive,120,2024-05-14 15:00:00,2024-09-24 00:00:00
437,Samuel,Carter,M,2007-06-17,11,Inactive,120,2024-05-18 16:00:00,2024-09-28 00:00:00
438,Mateo,Brown,M,2007-01-13,11,Inactive,120,2024-05-20 14:00:00,2024-09-02 00:00:00
439,Elijah,Martinez,M,2007-09-06,12,Inactive,120,2024-05-21 16:00:00,2025-01-14 00:00:00
440,Sophia,Gonzalez,F,2007-12-05,11,Inactive,120,2024-05-26 18:00:00,2024-10-06 00:00:00
441,Ella,Brown,F,2008-08-25,12,Inactive,120,2024-05-28 17:00:00,2025-11-17 00:00:00
442,Samuel,Nguyen,M,2009-11-18,10,Inactive,120,2024-05-29 14:00:00,2025-04-12 00:00:00
443,Lily,Gonzalez,F,2009-10-21,12,Inactive,120,2024-05-30 16:00:00,2025-11-16 00:00:00
444,Ava,Taylor,F,2008-04-13,10,Inactive,120,2024-06-05 17:00:00,2024-10-16 00:00:00
445,Victoria,Moore,F,2008-08-18,12,Inactive,120,2024-06-06 13:00:00,2024-12-05 00:00:00
446,Savannah,Hall,F,2012-02-12,7,Inactive,120,2024-06-08 16:00:00,2025-10-22 00:00:00
447,Levi,Williams,M,2007-05-15,11,Inactive,120,2024-06-09 15:00:00,2024-10-20 00:00:00
448,Ava,Moore,F,2012-06-08,6,Inactive,120,2024-06-10 16:00:00,2024-10-21 00:00:00
449,Scarlet,Gonzalez,F,2007-08-15,11,Inactive,120,2024-06-13 13:00:00,2024-08-01 00:00:00
450,Violet,Smith,F,2012-12-01,7,Inactive,120,2024-06-15 13:00:00,2025-10-13 00:00:00
451,Henry,Wright,M,2012-11-02,6,Inactive,120,2024-06-16 14:00:00,2024-10-27 00:00:00
452,Dylan,Adams,M,2012-06-19,6,Inactive,120,2024-06-18 14:00:00,2024-10-29 00:00:00
453,Zoey,Martin,F,2012-05-17,8,Inactive,120,2024-06-19 16:00:00,2025-10-25 00:00:00
454,Wyatt,Garcia,M,2007-04-12,12,Inactive,120,2024-06-20 13:00:00,2024-09-09 00:00:00
455,Jack,Lopez,M,2011-07-21,12,Inactive,120,2024-06-21 14:00:00,2025-10-06 00:00:00
456,Scarlett,Robinson,F,2008-06-02,10,Inactive,120,2024-06-24 13:00:00,2024-11-04 00:00:00
457,Ellie,Wilson,F,2007-07-28,11,Inactive,120,2024-06-25 14:00:00,2024-07-02 00:00:00
458,Emily,Flores,F,2007-08-08,12,Inactive,120,2024-06-26 16:00:00,2025-03-17 00:00:00
459,Caroline,Jones,F,2009-08-20,11,Inactive,120,2024-06-27 16:00:00,2025-09-16 00:00:00
460,Nova,Carter,F,2008-04-12,12,Inactive,120,2024-06-28 15:00:00,2025-11-17 00:00:00
461,Lucy,Robinson,F,2009-09-15,10,Inactive,120,2024-06-30 14:00:00,2024-11-20 00:00:00
462,Leo,Clark,M,2011-03-08,9,Inactive,120,2024-07-02 16:00:00,2024-12-01 00:00:00
463,Victoria,Miller,F,2009-07-08,9,Inactive,120,2024-07-04 13:00:00,2024-11-14 00:00:00
464,Emily,Nguyen,F,2011-06-01,7,Inactive,120,2024-07-06 14:00:00,2024-11-16 00:00:00
465,Skylar,Roberts,F,2009-06-28,10,Inactive,120,2024-07-08 15:00:00,2025-11-04 00:00:00
466,David,Martin,M,2009-03-18,10,Inactive,120,2024-07-11 16:00:00,2025-09-19 00:00:00
467,Leo,Robinson,M,2012-07-22,7,Inactive,120,2024-07-12 18:00:00,2024-11-30 00:00:00
468,Harper,White,F,2009-01-05,9,Inactive,120,2024-07-13 14:00:00,2024-11-23 00:00:00
469,Nora,Scott,F,2012-01-10,6,Inactive,120,2024-07-14 17:00:00,2024-11-24 00:00:00
470,Brooklyn,Torres,F,2009-06-24,9,Inactive,120,2024-07-15 15:00:00,2024-07-22 00:00:00
471,Anna,Nguyen,F,2011-02-20,9,Inactive,120,2024-07-20 13:00:00,2025-11-08 00:00:00
472,Anna,Flores,F,2008-10-02,12,Inactive,120,2024-07-22 17:00:00,2025-09-15 00:00:00
473,John,Nelson,M,2011-02-18,9,Inactive,120,2024-07-23 18:00:00,2024-11-28 00:00:00
474,Ethan,Hernandez,M,2007-07-06,11,Inactive,120,2024-07-29 14:00:00,2024-12-09 00:00:00
475,Anthony,Brown,M,2007-01-07,12,Inactive,120,2024-07-31 14:00:00,2025-01-22 00:00:00
476,Elijah,Taylor,M,2012-07-01,10,Inactive,120,2024-08-02 17:00:00,2025-09-25 00:00:00
477,Elizabeth,Walker,F,2012-06-16,7,Inactive,120,2024-08-05 15:00:00,2025-10-15 00:00:00
478,Chloe,Moore,F,2008-01-21,10,Inactive,120,2024-08-06 16:00:00,2024-08-13 00:00:00
479,Lucy,Campbell,F,2008-07-01,11,Inactive,120,2024-08-07 16:00:00,2025-01-14 00:00:00
480,Nova,Gonzalez,F,2007-03-26,12,Inactive,120,2024-08-09 16:00:00,2025-09-09 00:00:00
481,Wyatt,Carter,M,2008-02-03,10,Inactive,120,2024-08-10 16:00:00,2024-12-21 00:00:00
482,Hazel,Torres,F,2009-06-26,10,Active,120,2024-08-14 13:00:00,2025-11-10 00:00:00
483,Samuel,Thompson,M,2011-04-18,8,Inactive,120,2024-08-15 14:00:00,2024-10-07 00:00:00
484,Lily,Moore,F,2008-06-19,11,Inactive,120,2024-08-16 18:00:00,2024-10-27 00:00:00
485,Oliver,Brown,M,2007-06-14,12,Inactive,120,2024-08-17 15:00:00,2025-02-14 00:00:00
486,Emily,Sanchez,F,2008-09-01,12,Active,120,2024-08-19 15:00:00,2025-11-29 00:00:00
487,Emily,Allen,F,2007-10-12,12,Inactive,120,2024-08-20 14:00:00,2024-10-31 00:00:00
488,Isaac,Baker,M,2009-06-23,9,Inactive,120,2024-08-21 16:00:00,2025-01-01 00:00:00
489,Emily,Ramirez,F,2007-06-15,12,Inactive,120,2024-08-22 18:00:00,2024-10-08 00:00:00
490,Elizabeth,Martinez,F,2011-07-21,7,Inactive,120,2024-08-23 15:00:00,2024-08-30 00:00:00
491,Brooklyn,Nguyen,F,2011-01-10,9,Inactive,120,2024-08-25 17:00:00,2024-10-01 00:00:00
492,Stella,Nguyen,F,2012-07-19,7,Inactive,120,2024-08-26 15:00:00,2025-02-03 00:00:00
493,Hannah,Johnson,F,2009-02-06,10,Active,120,2024-08-29 16:00:00,2025-10-09 00:00:00
494,Kennedy,Carter,F,2009-12-21,9,Inactive,120,2024-09-01 15:00:00,2025-01-12 00:00:00
495,Ellie,Flores,F,2011-06-19,7,Inactive,120,2024-09-02 16:00:00,2025-01-13 00:00:00
496,Sebastian,Garcia,M,2008-04-16,12,Inactive,120,2024-09-03 13:00:00,2024-10-01 00:00:00
497,Lucy,Green,F,2008-10-17,10,Inactive,120,2024-09-05 14:00:00,2025-01-16 00:00:00
498,Sofia,Martinez,F,2012-05-07,9,Inactive,120,2024-09-06 18:00:00,2025-10-18 00:00:00
499,Asher,Carter,M,2012-04-10,6,Inactive,120,2024-09-07 15:00:00,2024-09-14 00:00:00
500,Aiden,Smith,M,2008-10-17,10,Inactive,120,2024-09-09 17:00:00,2025-01-20 00:00:00
501,Elijah,Johnson,M,2007-12-18,11,Inactive,120,2024-09-10 18:00:00,2025-01-21 00:00:00
502,Thomas,Baker,M,2007-01-01,12,Inactive,120,2024-09-11 15:00:00,2024-11-22 00:00:00
503,Emma,Young,F,2009-06-11,10,Inactive,120,2024-09-12 15:00:00,2025-11-03 00:00:00
504,Owen,Martin,M,2011-06-05,7,Inactive,120,2024-09-13 18:00:00,2025-01-24 00:00:00
505,Aurora,Gonzalez,F,2012-09-01,7,Active,120,2024-09-14 17:00:00,2025-09-09 00:00:00
506,Levi,Gonzalez,M,2012-08-08,8,Active,120,2024-09-16 17:00:00,2025-09-14 00:00:00
507,Bella,Williams,F,2007-02-21,11,Inactive,120,2024-09-17 13:00:00,2024-09-24 00:00:00
508,Emilia,Flores,F,2008-10-19,12,Inactive,120,2024-09-18 14:00:00,2025-10-06 00:00:00
509,Lincoln,Martin,M,2008-09-12,10,Inactive,120,2024-09-19 18:00:00,2024-09-26 00:00:00
510,Amelia,Jones,F,2007-10-01,11,Inactive,120,2024-09-20 16:00:00,2025-01-31 00:00:00
511,Grace,Robinson,F,2009-02-12,9,Inactive,120,2024-09-21 18:00:00,2024-09-28 00:00:00
512,Penelope,Brown,F,2007-11-17,11,Inactive,120,2024-09-22 17:00:00,2024-09-29 00:00:00
513,Lucas,Thomas,M,2008-05-05,12,Inactive,120,2024-09-23 18:00:00,2024-11-21 00:00:00
514,Jayden,Green,M,2009-03-06,9,Inactive,120,2024-09-24 13:00:00,2024-10-01 00:00:00
515,David,Campbell,M,2007-05-22,11,Inactive,120,2024-09-25 16:00:00,2025-02-05 00:00:00
516,Asher,Wright,M,2009-06-06,9,Inactive,120,2024-09-27 18:00:00,2025-02-07 00:00:00
517,Logan,Carter,M,2009-10-22,10,Inactive,120,2024-09-28 15:00:00,2025-11-08 00:00:00
518,Abigail,Lopez,F,2011-08-03,7,Inactive,120,2024-09-30 18:00:00,2024-10-07 00:00:00
519,Levi,Nelson,M,2007-12-01,11,Inactive,120,2024-10-02 13:00:00,2025-01-08 00:00:00
520,Mateo,Torres,M,2008-06-10,12,Active,120,2024-10-03 16:00:00,2025-09-27 00:00:00
521,Nora,Gonzalez,F,2008-10-22,10,Inactive,120,2024-10-04 16:00:00,2024-10-11 00:00:00
522,James,Hall,M,2007-04-24,12,Inactive,120,2024-10-05 17:00:00,2024-11-08 00:00:00
523,Sophia,Brown,F,2007-04-09,12,Inactive,120,2024-10-07 14:00:00,2024-11-01 00:00:00
524,Savannah,Hall,F,2011-11-12,8,Inactive,120,2024-10-08 13:00:00,2025-09-19 00:00:00
525,Thomas,Jones,M,2009-01-16,10,Inactive,120,2024-10-12 17:00:00,2025-09-14 00:00:00
526,Samantha,Wright,F,2009-11-11,9,Inactive,120,2024-10-13 17:00:00,2024-10-20 00:00:00
527,Sophia,Ramirez,F,2008-10-16,10,Inactive,120,2024-10-14 16:00:00,2025-02-24 00:00:00
528,Oliver,Sanchez,M,2008-09-10,10,Inactive,120,2024-10-16 17:00:00,2025-02-26 00:00:00
529,Caroline,Torres,F,2009-07-24,10,Inactive,120,2024-10-17 18:00:00,2025-10-08 00:00:00
530,Lincoln,Hill,M,2009-09-01,12,Inactive,120,2024-10-18 15:00:00,2025-04-07 00:00:00
531,Maya,Williams,F,2012-12-23,6,Inactive,120,2024-10-19 14:00:00,2024-10-26 00:00:00
532,Samantha,Davis,F,2008-07-17,11,Inactive,120,2024-10-20 13:00:00,2025-09-28 00:00:00
533,Carter,Young,M,2007-01-14,12,Inactive,120,2024-10-22 14:00:00,2024-11-29 00:00:00
534,Caroline,Sanchez,F,2009-02-06,10,Inactive,120,2024-10-23 18:00:00,2025-10-28 00:00:00
535,Samuel,Miller,M,2009-03-27,10,Inactive,120,2024-10-24 15:00:00,2025-11-06 00:00:00
536,Oliver,Garcia,M,2009-06-21,10,Inactive,120,2024-10-26 17:00:00,2025-10-31 00:00:00
537,Violet,Martinez,F,2008-08-14,12,Inactive,120,2024-10-27 15:00:00,2024-12-06 00:00:00
538,Scarlet,Torres,F,2007-07-25,12,Inactive,120,2024-10-28 16:00:00,2025-11-11 00:00:00
539,Jackson,Walker,M,2012-09-08,8,Active,120,2024-10-28 16:00:00,2025-09-25 00:00:00
540,Paisley,Wright,F,2007-03-22,12,Inactive,120,2024-10-29 16:00:00,2025-03-21 00:00:00
541,Harper,Taylor,F,2012-11-12,9,Active,120,2024-10-29 14:00:00,2025-11-20 00:00:00
542,Avery,Wilson,F,2009-01-16,9,Inactive,120,2024-10-30 15:00:00,2025-03-12 00:00:00
543,Samantha,Brown,F,2012-04-03,6,Inactive,120,2024-10-30 14:00:00,2025-03-12 00:00:00
544,Lucas,Williams,M,2007-08-11,12,Inactive,120,2024-10-31 17:00:00,2025-10-01 00:00:00
545,Lincoln,Hill,M,2012-12-17,6,Inactive,120,2024-10-31 15:00:00,2024-11-07 00:00:00
546,Anthony,Davis,M,2008-07-12,10,Inactive,120,2024-11-01 14:00:00,2024-11-08 00:00:00
547,Julian,Williams,M,2007-01-15,12,Inactive,120,2024-11-02 16:00:00,2025-10-17 00:00:00
548,Grace,Moore,F,2008-07-24,11,Inactive,120,2024-11-03 17:00:00,2025-11-22 00:00:00
549,Evelyn,Green,F,2008-07-16,10,Inactive,120,2024-11-03 18:00:00,2024-11-10 00:00:00
550,Claire,Adams,F,2007-10-04,12,Active,120,2024-11-04 18:00:00,2025-09-07 00:00:00
551,Dylan,Hall,M,2012-01-22,6,Inactive,120,2024-11-05 18:00:00,2025-03-18 00:00:00
552,Abigail,Jackson,F,2008-05-24,11,Inactive,120,2024-11-05 14:00:00,2025-10-24 00:00:00
553,Kennedy,Allen,F,2012-11-02,6,Inactive,120,2024-11-06 17:00:00,2025-03-19 00:00:00
554,Dylan,Hernandez,M,2007-08-19,12,Inactive,120,2024-11-07 13:00:00,2025-10-11 00:00:00
555,Lucas,King,M,2008-07-05,11,Inactive,120,2024-11-08 14:00:00,2025-04-08 00:00:00
556,Leo,Davis,M,2011-12-04,7,Inactive,120,2024-11-09 16:00:00,2025-03-22 00:00:00
557,Charles,Rivera,M,2011-06-28,7,Inactive,120,2024-11-09 13:00:00,2025-03-22 00:00:00
558,Alexander,Anderson,M,2008-10-05,10,Inactive,120,2024-11-10 15:00:00,2024-11-17 00:00:00
559,Elijah,Davis,M,2009-10-14,9,Inactive,120,2024-11-11 14:00:00,2025-03-24 00:00:00
560,Levi,Sanchez,M,2009-05-28,9,Inactive,120,2024-11-12 13:00:00,2025-03-25 00:00:00
561,Aria,Carter,F,2011-10-20,7,Inactive,120,2024-11-12 17:00:00,2024-11-19 00:00:00
562,James,Williams,M,2007-01-06,12,Active,120,2024-11-13 18:00:00,2025-11-05 00:00:00
563,Hazel,Gonzalez,F,2008-11-17,10,Inactive,120,2024-11-14 14:00:00,2025-03-27 00:00:00
564,Dylan,Lee,M,2009-05-11,10,Active,120,2024-11-15 13:00:00,2025-10-05 00:00:00
565,Hannah,Perez,F,2007-11-03,11,Inactive,120,2024-11-16 14:00:00,2024-11-23 00:00:00
566,Josiah,Hernandez,M,2008-04-12,10,Inactive,120,2024-11-18 14:00:00,2024-11-25 00:00:00
567,Avery,Harris,F,2008-09-24,10,Inactive,120,2024-11-18 13:00:00,2024-11-25 00:00:00
568,Ava,Lee,F,2008-01-28,12,Active,120,2024-11-19 14:00:00,2025-10-20 00:00:00
569,Evelyn,Sanchez,F,2007-07-07,11,Inactive,120,2024-11-19 16:00:00,2025-04-01 00:00:00
570,Caroline,Smith,F,2007-08-24,11,Inactive,120,2024-11-20 16:00:00,2024-11-27 00:00:00
571,Nova,Torres,F,2009-06-10,9,Inactive,120,2024-11-20 13:00:00,2025-04-02 00:00:00
572,Lucas,Miller,M,2011-10-06,8,Inactive,120,2024-11-22 13:00:00,2025-10-27 00:00:00
573,Aurora,Miller,F,2012-06-09,7,Inactive,120,2024-11-22 14:00:00,2025-11-20 00:00:00
574,Anna,White,F,2007-04-26,11,Inactive,120,2024-11-23 13:00:00,2025-04-05 00:00:00
575,Evelyn,Hall,F,2011-03-06,8,Inactive,120,2024-11-24 16:00:00,2025-11-30 00:00:00
576,Riley,Hernandez,F,2008-12-09,10,Inactive,120,2024-11-24 13:00:00,2024-12-01 00:00:00
577,Scarlet,Taylor,F,2008-07-28,11,Inactive,120,2024-11-25 17:00:00,2025-09-08 00:00:00
578,Sophia,Thomas,F,2012-11-11,7,Inactive,120,2024-11-26 13:00:00,2025-11-02 00:00:00
579,Thomas,Thompson,M,2009-05-25,9,Inactive,120,2024-11-26 14:00:00,2025-04-08 00:00:00
580,Thomas,Campbell,M,2007-07-25,12,Inactive,120,2024-11-27 18:00:00,2025-11-18 00:00:00
581,Thomas,Smith,M,2012-10-06,6,Inactive,120,2024-11-27 16:00:00,2025-04-09 00:00:00
582,Lily,Garcia,F,2012-09-22,7,Active,120,2024-11-28 17:00:00,2025-09-01 00:00:00
583,Chloe,Martin,F,2008-04-19,11,Active,120,2024-11-28 13:00:00,2025-10-03 00:00:00
584,Ava,Walker,F,2009-07-17,9,Inactive,120,2024-11-30 13:00:00,2025-04-12 00:00:00
585,Emilia,Mitchell,F,2008-05-08,11,Inactive,120,2024-12-01 15:00:00,2025-09-16 00:00:00
586,Lucy,Hill,F,2008-08-02,12,Active,120,2024-12-03 14:00:00,2025-09-17 00:00:00
587,Julian,Williams,M,2011-01-02,7,Inactive,120,2024-12-05 13:00:00,2025-04-17 00:00:00
588,Jacob,Thompson,M,2009-12-15,10,Inactive,120,2024-12-05 14:00:00,2025-10-23 00:00:00
589,Abigail,Allen,F,2012-09-28,7,Inactive,120,2024-12-06 18:00:00,2025-09-27 00:00:00
590,Theodore,Martinez,M,2008-06-13,11,Active,120,2024-12-06 16:00:00,2025-09-22 00:00:00
591,Benjamin,Green,M,2007-07-23,12,Active,120,2024-12-07 18:00:00,2025-11-25 00:00:00
592,Kennedy,King,F,2012-12-11,8,Inactive,120,2024-12-08 18:00:00,2025-09-29 00:00:00
593,Penelope,Campbell,F,2012-04-15,6,Inactive,120,2024-12-08 15:00:00,2024-12-15 00:00:00
594,Hazel,Adams,F,2012-05-09,6,Inactive,120,2024-12-09 16:00:00,2024-12-16 00:00:00
595,Oliver,King,M,2009-12-07,9,Inactive,120,2024-12-10 15:00:00,2025-04-22 00:00:00
596,Henry,Moore,M,2008-02-17,11,Active,120,2024-12-10 17:00:00,2025-10-03 00:00:00
597,Emilia,Mitchell,F,2008-08-20,11,Inactive,120,2024-12-12 16:00:00,2025-09-23 00:00:00
598,Hannah,Nelson,F,2011-02-20,7,Inactive,120,2024-12-12 13:00:00,2025-04-24 00:00:00
599,Nova,Lewis,F,2009-11-27,10,Active,120,2024-12-15 18:00:00,2025-09-29 00:00:00
600,Emilia,Thompson,F,2008-06-09,10,Inactive,120,2024-12-15 14:00:00,2025-04-27 00:00:00
601,Caroline,Thomas,F,2011-09-07,7,Inactive,120,2024-12-16 14:00:00,2025-04-28 00:00:00
602,Hannah,Lopez,F,2011-05-20,7,Inactive,120,2024-12-21 15:00:00,2024-12-28 00:00:00
603,Jacob,Nguyen,M,2008-04-28,11,Inactive,120,2024-12-21 14:00:00,2025-11-18 00:00:00
604,Sebastian,Anderson,M,2012-12-14,7,Inactive,120,2024-12-22 13:00:00,2025-10-07 00:00:00
605,Gabriel,Wilson,M,2012-05-11,6,Inactive,120,2024-12-22 18:00:00,2024-12-29 00:00:00
606,Sophia,Rivera,F,2012-10-12,7,Inactive,120,2024-12-23 13:00:00,2025-10-10 00:00:00
607,Luca,Sanchez,M,2008-07-18,11,Active,120,2024-12-23 16:00:00,2025-10-09 00:00:00
608,Lucas,Mitchell,M,2007-05-23,12,Inactive,120,2024-12-25 15:00:00,2025-12-01 00:00:00
609,Luke,Brown,M,2007-03-05,11,Inactive,120,2024-12-25 15:00:00,2025-06-04 00:00:00
610,Charles,Roberts,M,2008-08-27,11,Inactive,120,2024-12-29 18:00:00,2025-09-12 00:00:00
611,William,Smith,M,2008-12-18,11,Active,120,2024-12-29 15:00:00,2025-11-13 00:00:00
612,Caroline,Jones,F,2008-12-16,11,Inactive,120,2025-01-01 18:00:00,2025-03-26 00:00:00
613,Nova,Allen,F,2009-06-24,10,Inactive,120,2025-01-01 15:00:00,2025-05-14 00:00:00
614,Lily,Anderson,F,2012-05-13,8,Active,120,2025-01-02 15:00:00,2025-10-21 00:00:00
615,Samuel,Torres,M,2010-12-11,9,Inactive,120,2025-01-02 18:00:00,2025-05-15 00:00:00
616,Victoria,White,F,2009-04-18,12,Inactive,120,2025-01-05 18:00:00,2025-12-07 00:00:00
617,Emily,Green,F,2008-01-15,11,Inactive,120,2025-01-05 18:00:00,2025-05-18 00:00:00
618,Genesis,King,F,2008-08-06,11,Inactive,120,2025-01-10 13:00:00,2025-05-23 00:00:00
619,Grayson,Baker,M,2008-02-24,11,Inactive,120,2025-01-10 15:00:00,2025-05-23 00:00:00
620,Joseph,Mitchell,M,2009-02-07,11,Inactive,120,2025-01-11 15:00:00,2025-11-01 00:00:00
621,Ethan,Lewis,M,2008-08-28,12,Active,120,2025-01-11 14:00:00,2025-10-10 00:00:00
622,Scarlett,Taylor,F,2008-11-23,12,Inactive,120,2025-01-12 13:00:00,2025-09-10 00:00:00
623,Amelia,Taylor,F,2010-12-07,9,Inactive,120,2025-01-12 16:00:00,2025-06-01 00:00:00
624,Thomas,Hernandez,M,2009-05-22,10,Inactive,120,2025-01-14 18:00:00,2025-05-20 00:00:00
625,Harper,Miller,F,2013-08-11,6,Inactive,120,2025-01-19 17:00:00,2025-06-01 00:00:00
626,Joseph,Lewis,M,2013-11-13,7,Active,120,2025-01-20 13:00:00,2025-10-11 00:00:00
627,Joseph,Young,M,2009-09-22,10,Inactive,120,2025-01-22 14:00:00,2025-06-04 00:00:00
628,Sophia,Torres,F,2013-03-06,7,Inactive,120,2025-01-24 16:00:00,2025-10-18 00:00:00
629,Mason,Jackson,M,2009-09-02,10,Inactive,120,2025-01-31 14:00:00,2025-06-13 00:00:00
630,Ella,Wright,F,2010-08-05,11,Inactive,120,2025-02-01 15:00:00,2025-10-21 00:00:00
631,Benjamin,Green,M,2010-10-03,10,Inactive,120,2025-02-01 15:00:00,2025-10-21 00:00:00
632,Luke,Baker,M,2009-04-19,11,Active,120,2025-02-02 18:00:00,2025-11-08 00:00:00
633,Samantha,Scott,F,2013-01-21,6,Inactive,120,2025-02-04 18:00:00,2025-06-17 00:00:00
634,Emily,Flores,F,2009-10-04,10,Inactive,120,2025-02-06 16:00:00,2025-05-29 00:00:00
635,Julian,Gonzalez,M,2010-10-05,10,Inactive,120,2025-02-06 13:00:00,2025-11-26 00:00:00
636,Stella,Williams,F,2013-04-24,6,Inactive,120,2025-02-07 15:00:00,2025-04-11 00:00:00
637,Jack,Lopez,M,2009-09-01,11,Inactive,120,2025-02-07 15:00:00,2025-09-22 00:00:00
638,Sebastian,Adams,M,2009-05-21,10,Inactive,120,2025-02-08 16:00:00,2025-05-24 00:00:00
639,Julian,Perez,M,2013-07-12,7,Inactive,120,2025-02-08 16:00:00,2025-11-01 00:00:00
640,Hudson,Torres,M,2013-10-20,6,Inactive,120,2025-02-09 13:00:00,2025-05-04 00:00:00
641,Benjamin,Garcia,M,2008-12-05,11,Inactive,120,2025-02-09 15:00:00,2025-06-22 00:00:00
642,Elijah,Hill,M,2008-03-07,12,Active,120,2025-02-10 16:00:00,2025-09-02 00:00:00
643,Carter,Perez,M,2013-03-03,6,Inactive,120,2025-02-12 17:00:00,2025-06-11 00:00:00
644,Aiden,Wilson,M,2010-06-13,10,Inactive,120,2025-02-13 13:00:00,2025-11-02 00:00:00
645,Avery,Robinson,F,2009-10-25,11,Inactive,120,2025-02-15 13:00:00,2025-10-16 00:00:00
646,Owen,Moore,M,2009-08-28,12,Active,120,2025-02-15 18:00:00,2025-10-25 00:00:00
647,Aubrey,Brown,F,2010-06-15,10,Inactive,120,2025-02-19 14:00:00,2025-11-29 00:00:00
648,Michael,Martinez,M,2010-07-08,9,Inactive,120,2025-02-19 14:00:00,2025-07-02 00:00:00
649,Scarlet,Nelson,F,2012-11-25,7,Inactive,120,2025-02-20 16:00:00,2025-07-03 00:00:00
650,Abigail,Anderson,F,2008-03-11,12,Inactive,120,2025-02-20 15:00:00,2025-09-17 00:00:00
651,Michael,Flores,M,2010-06-01,11,Inactive,120,2025-02-22 17:00:00,2025-10-20 00:00:00
652,Emily,Allen,F,2010-12-28,10,Inactive,120,2025-02-22 17:00:00,2025-11-22 00:00:00
653,Abigail,Thompson,F,2009-05-15,12,Inactive,120,2025-02-24 13:00:00,2025-10-02 00:00:00
654,Amelia,Allen,F,2009-04-03,11,Active,120,2025-02-24 15:00:00,2025-09-02 00:00:00
655,Aubrey,Roberts,F,2012-07-03,8,Active,120,2025-02-25 15:00:00,2025-10-27 00:00:00
656,Hudson,Campbell,M,2010-01-18,10,Active,120,2025-02-25 17:00:00,2025-09-08 00:00:00
657,Elizabeth,Williams,F,2008-10-25,12,Inactive,120,2025-02-26 14:00:00,2025-11-17 00:00:00
658,Alexander,Clark,M,2008-01-16,12,Active,120,2025-03-01 13:00:00,2025-11-07 00:00:00
659,Michael,Lopez,M,2008-08-17,11,Inactive,120,2025-03-01 17:00:00,2025-06-28 00:00:00
660,Asher,Wright,M,2013-01-19,6,Inactive,120,2025-03-02 14:00:00,2025-07-13 00:00:00
661,Josiah,Martinez,M,2010-07-04,9,Inactive,120,2025-03-02 16:00:00,2025-07-06 00:00:00
662,Josiah,Williams,M,2010-08-07,9,Inactive,120,2025-03-03 17:00:00,2025-07-14 00:00:00
663,Hannah,Lewis,F,2010-01-12,9,Inactive,120,2025-03-03 16:00:00,2025-05-05 00:00:00
664,Luca,Brown,M,2009-11-05,11,Inactive,120,2025-03-04 13:00:00,2025-09-23 00:00:00
665,Lily,Ramirez,F,2009-09-12,10,Inactive,120,2025-03-05 17:00:00,2025-06-25 00:00:00
666,Lincoln,Harris,M,2009-08-02,10,Inactive,120,2025-03-05 16:00:00,2025-06-25 00:00:00
667,Genesis,Garcia,F,2008-12-15,11,Inactive,120,2025-03-06 13:00:00,2025-05-29 00:00:00
668,Matthew,Hernandez,M,2013-06-07,7,Active,120,2025-03-07 15:00:00,2025-11-07 00:00:00
669,Alexander,Baker,M,2010-01-11,9,Inactive,120,2025-03-07 16:00:00,2025-03-14 00:00:00
670,Sebastian,Rivera,M,2013-01-12,7,Inactive,120,2025-03-10 13:00:00,2025-12-03 00:00:00
671,Genesis,White,F,2013-08-25,6,Inactive,120,2025-03-11 16:00:00,2025-06-24 00:00:00
672,Nova,Brown,F,2010-06-26,9,Inactive,120,2025-03-14 14:00:00,2025-06-20 00:00:00
673,Aria,Lopez,F,2008-03-12,12,Inactive,120,2025-03-15 18:00:00,2025-09-17 00:00:00
674,Scarlett,Williams,F,2009-02-14,11,Inactive,120,2025-03-15 16:00:00,2025-11-18 00:00:00
675,Ella,Lewis,F,2009-08-22,10,Inactive,120,2025-03-19 17:00:00,2025-07-30 00:00:00
676,Riley,Perez,F,2012-07-10,8,Active,120,2025-03-19 13:00:00,2025-09-02 00:00:00
677,Zoey,Jones,F,2012-07-09,7,Inactive,120,2025-03-24 13:00:00,2025-04-21 00:00:00
678,Anna,White,F,2008-06-28,12,Inactive,120,2025-03-25 14:00:00,2025-09-10 00:00:00
679,Ella,Hall,F,2010-10-07,10,Inactive,120,2025-03-25 17:00:00,2025-12-01 00:00:00
680,Ava,Anderson,F,2013-12-05,6,Inactive,120,2025-03-28 14:00:00,2025-08-08 00:00:00
681,Owen,Torres,M,2008-03-06,12,Inactive,120,2025-03-29 18:00:00,2025-10-28 00:00:00
682,Jayden,Green,M,2010-01-19,10,Active,120,2025-03-30 15:00:00,2025-10-01 00:00:00
683,Alexander,Jones,M,2008-07-02,11,Inactive,120,2025-04-02 16:00:00,2025-08-13 00:00:00
684,Gabriel,Adams,M,2012-12-07,8,Inactive,120,2025-04-07 14:00:00,2025-12-06 00:00:00
685,Benjamin,Brown,M,2008-02-15,11,Inactive,120,2025-04-12 18:00:00,2025-08-23 00:00:00
686,Samuel,Hall,M,2008-07-15,11,Inactive,120,2025-04-14 15:00:00,2025-08-25 00:00:00
687,Aria,Anderson,F,2009-11-12,11,Active,120,2025-04-17 18:00:00,2025-10-08 00:00:00
688,Willow,Mitchell,F,2008-05-19,11,Inactive,120,2025-04-17 18:00:00,2025-08-28 00:00:00
689,Ava,Perez,F,2008-01-15,11,Inactive,120,2025-04-19 18:00:00,2025-08-30 00:00:00
690,Riley,Williams,F,2009-02-06,11,Inactive,120,2025-04-19 17:00:00,2025-11-08 00:00:00
691,Hazel,Martinez,F,2013-10-25,6,Inactive,120,2025-04-23 16:00:00,2025-06-11 00:00:00
692,Asher,King,M,2013-10-13,6,Inactive,120,2025-04-24 16:00:00,2025-09-04 00:00:00
693,Aurora,Davis,F,2008-03-02,12,Inactive,120,2025-04-26 16:00:00,2025-10-24 00:00:00
694,Avery,White,F,2008-02-20,11,Inactive,120,2025-04-27 15:00:00,2025-05-25 00:00:00
695,Wyatt,Rodriguez,M,2013-06-01,6,Inactive,120,2025-04-27 14:00:00,2025-09-07 00:00:00
696,Noah,Adams,M,2008-07-07,11,Inactive,120,2025-04-28 16:00:00,2025-09-08 00:00:00
697,Henry,Davis,M,2009-06-20,10,Inactive,120,2025-04-28 17:00:00,2025-06-02 00:00:00
698,Victoria,Davis,F,2008-09-07,11,Inactive,120,2025-04-30 15:00:00,2025-05-07 00:00:00
699,John,Johnson,M,2009-06-04,10,Inactive,120,2025-04-30 18:00:00,2025-09-10 00:00:00
700,Paisley,Brown,F,2009-04-20,10,Inactive,120,2025-05-01 18:00:00,2025-05-15 00:00:00
701,Wyatt,Johnson,M,2012-10-03,9,Inactive,120,2025-05-01 16:00:00,2025-09-23 00:00:00
702,Owen,Baker,M,2009-10-03,11,Active,120,2025-05-02 14:00:00,2025-09-11 00:00:00
703,Mason,Martinez,M,2010-06-18,9,Inactive,120,2025-05-03 13:00:00,2025-05-31 00:00:00
704,Zoey,Lewis,F,2010-10-26,10,Inactive,120,2025-05-03 13:00:00,2025-11-20 00:00:00
705,John,Nelson,M,2009-01-04,10,Inactive,120,2025-05-07 17:00:00,2025-05-28 00:00:00
706,Theodore,Flores,M,2012-10-22,8,Inactive,120,2025-05-11 16:00:00,2025-11-22 00:00:00
707,Emily,Clark,F,2013-10-01,6,Inactive,120,2025-05-11 15:00:00,2025-09-21 00:00:00
708,Hannah,Mitchell,F,2008-01-20,12,Inactive,120,2025-05-13 13:00:00,2025-09-18 00:00:00
709,Violet,King,F,2010-09-26,10,Inactive,120,2025-05-14 15:00:00,2025-10-14 00:00:00
710,Savannah,Mitchell,F,2008-04-22,12,Active,120,2025-05-17 13:00:00,2025-10-28 00:00:00
711,Charles,Anderson,M,2009-01-05,10,Inactive,120,2025-05-17 13:00:00,2025-09-27 00:00:00
712,Emilia,Wilson,F,2008-08-03,12,Active,120,2025-05-18 17:00:00,2025-09-06 00:00:00
713,Paisley,Flores,F,2009-01-24,11,Inactive,120,2025-05-18 15:00:00,2025-10-26 00:00:00
714,Avery,Rivera,F,2009-01-22,11,Inactive,120,2025-05-20 17:00:00,2025-10-04 00:00:00
715,Theodore,Hernandez,M,2010-03-16,9,Inactive,120,2025-05-23 17:00:00,2025-05-30 00:00:00
716,Elijah,Anderson,M,2008-10-02,12,Inactive,120,2025-05-23 15:00:00,2025-11-14 00:00:00
717,Caroline,Williams,F,2009-09-13,10,Inactive,120,2025-05-24 15:00:00,2025-06-21 00:00:00
718,Anthony,Ramirez,M,2009-09-08,11,Inactive,120,2025-05-24 13:00:00,2025-10-30 00:00:00
719,Chloe,Carter,F,2012-12-01,7,Inactive,120,2025-05-25 16:00:00,2025-10-05 00:00:00
720,Savannah,Clark,F,2008-07-20,11,Inactive,120,2025-05-25 18:00:00,2025-10-05 00:00:00
721,Caroline,Hernandez,F,2008-07-17,12,Active,120,2025-05-26 17:00:00,2025-10-08 00:00:00
722,Zoey,Lopez,F,2010-11-15,10,Active,120,2025-05-27 18:00:00,2025-10-05 00:00:00
723,Maverick,Carter,M,2009-12-18,11,Inactive,120,2025-05-28 17:00:00,2025-10-19 00:00:00
724,Hudson,Clark,M,2013-12-19,8,Inactive,120,2025-05-29 17:00:00,2025-11-05 00:00:00
725,Jacob,Roberts,M,2010-09-13,9,Inactive,120,2025-05-30 15:00:00,2025-06-06 00:00:00
726,Benjamin,Torres,M,2009-12-07,11,Inactive,120,2025-06-01 14:00:00,2025-11-09 00:00:00
727,Ava,Harris,F,2008-04-21,11,Inactive,120,2025-06-02 17:00:00,2025-10-13 00:00:00
728,Ellie,Baker,F,2008-10-02,11,Inactive,120,2025-06-04 16:00:00,2025-10-15 00:00:00
729,William,Williams,M,2009-07-08,10,Inactive,120,2025-06-04 16:00:00,2025-07-09 00:00:00
730,Stella,Rivera,F,2012-08-15,8,Inactive,120,2025-06-05 18:00:00,2025-12-03 00:00:00
731,Aria,Martin,F,2013-03-19,6,Inactive,120,2025-06-06 14:00:00,2025-10-17 00:00:00
732,Victoria,Martin,F,2010-05-21,9,Inactive,120,2025-06-06 16:00:00,2025-10-17 00:00:00
733,Harper,Green,F,2009-03-28,10,Inactive,120,2025-06-07 13:00:00,2025-06-14 00:00:00
734,Ezra,White,M,2009-10-14,10,Inactive,120,2025-06-08 13:00:00,2025-06-15 00:00:00
735,Evelyn,Hernandez,F,2008-12-24,12,Inactive,120,2025-06-08 15:00:00,2025-09-23 00:00:00
736,Emilia,Young,F,2012-02-14,7,Inactive,120,2025-06-09 17:00:00,2025-06-30 00:00:00
737,Leah,Johnson,F,2009-10-21,11,Inactive,120,2025-06-10 16:00:00,2025-10-22 00:00:00
738,Zoey,Hernandez,F,2008-02-14,11,Inactive,120,2025-06-12 15:00:00,2025-10-23 00:00:00
739,Paisley,Martinez,F,2009-04-11,12,Inactive,120,2025-06-12 14:00:00,2025-12-03 00:00:00
740,Olivia,Rodriguez,F,2009-08-11,11,Inactive,120,2025-06-14 15:00:00,2025-09-24 00:00:00
741,Harper,Adams,F,2013-06-24,8,Active,120,2025-06-16 16:00:00,2025-09-15 00:00:00
742,Avery,Sanchez,F,2010-02-27,9,Inactive,120,2025-06-16 18:00:00,2025-06-23 00:00:00
743,Brooklyn,Jackson,F,2008-09-07,11,Inactive,120,2025-06-18 14:00:00,2025-06-25 00:00:00
744,Alexander,Robinson,M,2009-10-22,10,Inactive,120,2025-06-19 17:00:00,2025-10-30 00:00:00
745,Ezra,Perez,M,2010-07-17,11,Inactive,120,2025-06-22 15:00:00,2025-10-01 00:00:00
746,Ezra,Garcia,M,2010-06-16,10,Inactive,120,2025-06-22 14:00:00,2025-09-24 00:00:00
747,Ella,Harris,F,2009-06-04,10,Inactive,120,2025-06-23 13:00:00,2025-06-30 00:00:00
748,Elizabeth,Martin,F,2010-12-27,9,Inactive,120,2025-06-27 18:00:00,2025-07-04 00:00:00
749,Grace,Lee,F,2012-10-21,7,Inactive,120,2025-06-27 18:00:00,2025-11-07 00:00:00
750,Scarlet,Roberts,F,2009-04-16,12,Inactive,120,2025-06-28 17:00:00,2025-12-06 00:00:00
751,Kennedy,Clark,F,2012-12-24,7,Inactive,120,2025-06-28 15:00:00,2025-11-08 00:00:00
752,Nova,Robinson,F,2010-11-18,11,Inactive,120,2025-06-30 18:00:00,2025-11-07 00:00:00
753,Sebastian,Brown,M,2010-09-16,9,Inactive,120,2025-06-30 14:00:00,2025-07-07 00:00:00
754,Leo,Hernandez,M,2009-11-14,12,Inactive,120,2025-07-06 13:00:00,2025-12-01 00:00:00
755,Aurora,Martinez,F,2013-05-18,6,Inactive,120,2025-07-07 17:00:00,2025-11-17 00:00:00
756,Skylar,Hall,F,2009-06-03,10,Inactive,120,2025-07-07 16:00:00,2025-11-17 00:00:00
757,Sofia,Moore,F,2009-07-21,11,Inactive,120,2025-07-08 16:00:00,2025-11-13 00:00:00
758,Jayden,Lee,M,2010-11-16,10,Inactive,120,2025-07-08 17:00:00,2025-09-30 00:00:00
759,Abigail,Davis,F,2009-01-13,10,Inactive,120,2025-07-11 18:00:00,2025-11-21 00:00:00
760,Daniel,Jones,M,2010-07-28,10,Inactive,120,2025-07-12 17:00:00,2025-09-08 00:00:00
761,Aurora,Mitchell,F,2012-02-04,7,Inactive,120,2025-07-14 13:00:00,2025-11-24 00:00:00
762,Ezra,Ramirez,M,2009-04-15,10,Inactive,120,2025-07-16 14:00:00,2025-11-26 00:00:00
763,Henry,Lopez,M,2009-01-16,10,Inactive,120,2025-07-16 13:00:00,2025-11-26 00:00:00
764,Dylan,White,M,2009-02-14,11,Inactive,120,2025-07-18 15:00:00,2025-09-11 00:00:00
765,Olivia,Rodriguez,F,2012-02-16,7,Inactive,120,2025-07-18 16:00:00,2025-11-28 00:00:00
766,Theodore,Walker,M,2008-07-25,12,Inactive,120,2025-07-20 18:00:00,2025-10-22 00:00:00
767,Aurora,Thompson,F,2010-03-03,10,Inactive,120,2025-07-21 15:00:00,2025-11-23 00:00:00
768,Liam,Nguyen,M,2008-10-27,12,Active,120,2025-07-22 13:00:00,2025-09-24 00:00:00
769,Hannah,White,F,2012-01-21,7,Inactive,120,2025-07-24 13:00:00,2025-12-04 00:00:00
770,Lucy,Nelson,F,2008-03-16,11,Inactive,120,2025-07-27 15:00:00,2025-08-03 00:00:00
771,John,Thompson,M,2012-12-22,7,Inactive,120,2025-07-27 17:00:00,2025-12-07 00:00:00
772,Asher,Scott,M,2010-06-28,9,Inactive,120,2025-07-28 14:00:00,2025-12-08 00:00:00
773,Harper,Jackson,F,2008-03-02,11,Inactive,120,2025-07-28 16:00:00,2025-10-20 00:00:00
774,Avery,Clark,F,2009-09-02,11,Active,120,2025-07-29 14:00:00,2025-10-07 00:00:00
775,Savannah,Wilson,F,2008-05-14,11,Inactive,120,2025-07-30 13:00:00,2025-08-06 00:00:00
776,Avery,Roberts,F,2010-01-22,9,Inactive,120,2025-08-01 13:00:00,2025-08-08 00:00:00
777,Avery,Flores,F,2009-11-02,11,Inactive,120,2025-08-03 16:00:00,2025-11-13 00:00:00
778,Scarlett,Carter,F,2008-07-03,11,Inactive,120,2025-08-04 14:00:00,2025-08-11 00:00:00
779,Ezra,King,M,2012-07-09,7,Inactive,120,2025-08-04 14:00:00,2025-12-15 00:00:00
780,Anna,Martinez,F,2009-08-09,10,Inactive,120,2025-08-06 13:00:00,2025-12-17 00:00:00
781,Lucy,Nguyen,F,2009-08-27,10,Inactive,120,2025-08-06 16:00:00,2025-08-13 00:00:00
782,Bella,Green,F,2008-05-15,11,Inactive,120,2025-08-10 17:00:00,2025-12-21 00:00:00
783,Mateo,Hall,M,2010-08-26,9,Inactive,120,2025-08-11 16:00:00,2025-12-22 00:00:00
784,Hannah,Williams,F,2010-11-24,10,Inactive,120,2025-08-11 13:00:00,2025-10-24 00:00:00
785,Leah,Gonzalez,F,2008-09-08,12,Inactive,120,2025-08-12 15:00:00,2025-09-28 00:00:00
786,Thomas,King,M,2008-02-13,11,Inactive,120,2025-08-14 13:00:00,2025-08-21 00:00:00
787,Elijah,Rivera,M,2013-03-18,6,Active,120,2025-08-15 17:00:00,2025-08-15 17:00:00
788,Stella,Hernandez,F,2010-12-19,11,Inactive,120,2025-08-17 13:00:00,2025-10-21 00:00:00
789,Scarlett,Green,F,2008-01-18,12,Active,120,2025-08-17 16:00:00,2025-10-06 00:00:00
790,James,Gonzalez,M,2008-01-12,12,Active,120,2025-08-18 13:00:00,2025-11-06 00:00:00
791,Jack,Gonzalez,M,2009-06-08,11,Inactive,120,2025-08-18 14:00:00,2025-09-24 00:00:00
792,Wyatt,Green,M,2010-03-06,10,Inactive,120,2025-08-20 15:00:00,2025-12-05 00:00:00
793,Nova,White,F,2010-11-27,9,Active,120,2025-08-20 13:00:00,2025-08-20 13:00:00
794,Owen,Taylor,M,2008-12-02,11,Active,120,2025-08-21 14:00:00,2025-08-21 14:00:00
795,Aurora,White,F,2010-06-13,9,Inactive,120,2025-08-21 15:00:00,2025-08-28 00:00:00
796,Willow,Moore,F,2010-09-18,10,Inactive,120,2025-08-22 13:00:00,2025-12-05 00:00:00
797,Aubrey,Mitchell,F,2010-11-03,9,Active,120,2025-08-22 17:00:00,2025-08-22 17:00:00
798,Stella,Sanchez,F,2010-09-26,10,Inactive,120,2025-08-23 13:00:00,2025-12-04 00:00:00
799,Anna,Anderson,F,2009-04-12,12,Inactive,120,2025-08-23 17:00:00,2025-11-25 00:00:00
800,Savannah,Smith,F,2010-09-07,9,Active,120,2025-08-25 16:00:00,2025-08-25 16:00:00
801,Ava,Thompson,F,2010-12-01,10,Active,120,2025-08-26 14:00:00,2025-11-07 00:00:00
802,Aurora,Thompson,F,2010-10-28,11,Inactive,120,2025-08-26 17:00:00,2025-12-04 00:00:00
803,Kennedy,Carter,F,2009-10-03,12,Inactive,120,2025-08-27 18:00:00,2025-09-27 00:00:00
804,Elijah,White,M,2009-01-21,10,Active,120,2025-08-27 13:00:00,2025-08-27 13:00:00
805,Elizabeth,Wright,F,2010-10-23,10,Inactive,120,2025-08-29 18:00:00,2025-11-30 00:00:00
806,Genesis,Young,F,2013-07-18,6,Active,120,2025-08-31 13:00:00,2025-08-31 13:00:00
807,Violet,Sanchez,F,2010-01-02,10,Inactive,120,2025-09-01 16:00:00,2025-10-21 00:00:00
808,Evelyn,Torres,F,2012-04-17,7,Inactive,120,2025-09-01 15:00:00,2025-09-08 00:00:00
809,Maya,Roberts,F,2010-09-22,12,Inactive,120,2025-09-02 17:00:00,2025-11-02 00:00:00
810,Julian,Lopez,M,2008-03-13,11,Inactive,120,2025-09-02 13:00:00,2025-09-09 00:00:00
811,Levi,Anderson,M,2013-10-07,7,Active,120,2025-09-03 15:00:00,2025-10-20 00:00:00
812,Thomas,Wright,M,2010-05-01,10,Active,120,2025-09-03 15:00:00,2025-10-20 00:00:00
813,Gabriel,Moore,M,2013-05-19,7,Inactive,120,2025-09-04 17:00:00,2025-09-24 00:00:00
814,Ella,Hill,F,2009-11-26,10,Inactive,120,2025-09-05 15:00:00,2025-09-12 00:00:00
815,Emma,Clark,F,2010-02-17,9,Inactive,120,2025-09-07 15:00:00,2025-09-14 00:00:00
816,Maya,Rodriguez,F,2008-11-10,11,Inactive,120,2025-09-07 18:00:00,2025-09-14 00:00:00
817,David,Clark,M,2013-04-26,6,Active,120,2025-09-08 14:00:00,2025-09-08 14:00:00
818,Michael,Rivera,M,2010-01-18,11,Active,120,2025-09-09 13:00:00,2025-11-27 00:00:00
819,Stella,Young,F,2012-12-06,8,Inactive,120,2025-09-10 15:00:00,2025-10-28 00:00:00
820,Jayden,Wilson,M,2009-06-25,12,Inactive,120,2025-09-10 16:00:00,2025-10-30 00:00:00
821,Lucas,Robinson,M,2008-10-04,11,Active,120,2025-09-11 18:00:00,2025-09-11 18:00:00
822,Sofia,Sanchez,F,2008-07-23,11,Inactive,120,2025-09-12 16:00:00,2025-09-19 00:00:00
823,Emily,Roberts,F,2010-04-25,9,Active,120,2025-09-12 14:00:00,2025-09-12 14:00:00
824,Josiah,Taylor,M,2010-07-15,9,Active,120,2025-09-13 14:00:00,2025-09-13 14:00:00
825,Ella,Jackson,F,2010-07-22,11,Inactive,120,2025-09-13 13:00:00,2025-10-27 00:00:00
826,Isabella,Thomas,F,2009-12-16,10,Active,120,2025-09-14 15:00:00,2025-09-14 15:00:00
827,Sebastian,Nelson,M,2013-09-20,6,Inactive,120,2025-09-14 18:00:00,2025-09-21 00:00:00
828,Aurora,Wilson,F,2012-02-03,8,Inactive,120,2025-09-15 13:00:00,2025-10-07 00:00:00
829,Sofia,Flores,F,2008-09-17,12,Active,120,2025-09-16 16:00:00,2025-11-09 00:00:00
830,Grayson,Martin,M,2012-05-01,9,Inactive,120,2025-09-16 14:00:00,2025-10-26 00:00:00
831,Bella,Brown,F,2012-11-05,7,Inactive,120,2025-09-17 18:00:00,2025-11-05 00:00:00
832,Harper,Rivera,F,2012-02-16,8,Inactive,120,2025-09-17 16:00:00,2025-10-05 00:00:00
833,Hazel,Jones,F,2013-12-17,7,Inactive,120,2025-09-18 17:00:00,2025-10-18 00:00:00
834,Penelope,Johnson,F,2013-05-22,6,Active,120,2025-09-20 15:00:00,2025-09-20 15:00:00
835,Scarlett,Rodriguez,F,2013-03-17,6,Inactive,120,2025-09-21 15:00:00,2025-09-28 00:00:00
836,Scarlett,Thomas,F,2010-09-20,9,Inactive,120,2025-09-22 14:00:00,2025-09-29 00:00:00
837,Ellie,Miller,F,2009-07-25,10,Inactive,120,2025-09-22 18:00:00,2025-09-29 00:00:00
838,Isabella,Lopez,F,2009-12-16,10,Inactive,120,2025-09-23 15:00:00,2025-09-30 00:00:00
839,Ethan,Hill,M,2009-06-18,10,Active,120,2025-09-24 16:00:00,2025-09-24 16:00:00
840,Dylan,Walker,M,2008-06-27,12,Inactive,120,2025-09-24 18:00:00,2025-10-09 00:00:00
841,Abigail,Torres,F,2013-04-05,6,Inactive,120,2025-09-26 15:00:00,2025-10-03 00:00:00
842,Brooklyn,Nguyen,F,2008-10-14,12,Inactive,120,2025-09-28 15:00:00,2025-10-24 00:00:00
843,Mason,Perez,M,2010-01-14,10,Inactive,120,2025-09-28 15:00:00,2025-11-19 00:00:00
844,Amelia,Nelson,F,2013-10-07,7,Inactive,120,2025-09-29 18:00:00,2025-10-27 00:00:00
845,Ava,Miller,F,2008-06-19,11,Inactive,120,2025-09-30 16:00:00,2025-10-07 00:00:00
846,Joseph,Garcia,M,2008-04-23,11,Inactive,120,2025-09-30 18:00:00,2025-10-07 00:00:00
847,Nova,Nguyen,F,2013-06-14,6,Active,120,2025-10-01 17:00:00,2025-10-01 17:00:00
848,Julian,Johnson,M,2010-08-22,9,Inactive,120,2025-10-02 15:00:00,2025-10-09 00:00:00
849,Julian,Ramirez,M,2010-03-24,9,Inactive,120,2025-10-02 17:00:00,2025-10-09 00:00:00
850,Matthew,Garcia,M,2008-09-10,11,Active,120,2025-10-03 16:00:00,2025-10-03 16:00:00
851,Olivia,Lewis,F,2009-07-17,10,Active,120,2025-10-03 17:00:00,2025-10-03 17:00:00
852,Samantha,Nguyen,F,2010-04-18,9,Inactive,120,2025-10-04 18:00:00,2025-10-11 00:00:00
853,Savannah,Adams,F,2008-10-19,12,Inactive,120,2025-10-08 17:00:00,2025-10-31 00:00:00
854,Olivia,Hernandez,F,2008-10-13,11,Inactive,120,2025-10-08 17:00:00,2025-10-15 00:00:00
855,James,Jackson,M,2010-10-02,9,Active,120,2025-10-09 14:00:00,2025-10-09 14:00:00
856,Noah,Thompson,M,2009-03-25,10,Active,120,2025-10-10 14:00:00,2025-10-10 14:00:00
857,Joseph,Sanchez,M,2008-11-05,11,Inactive,120,2025-10-10 18:00:00,2025-10-17 00:00:00
858,Oliver,Davis,M,2009-03-18,12,Inactive,120,2025-10-11 15:00:00,2025-11-17 00:00:00
859,Noah,Nelson,M,2008-01-05,11,Inactive,120,2025-10-11 18:00:00,2025-10-18 00:00:00
860,Ellie,Martin,F,2012-10-07,9,Inactive,120,2025-10-12 13:00:00,2025-11-25 00:00:00
861,Mia,Harris,F,2009-10-22,10,Active,120,2025-10-15 17:00:00,2025-10-15 17:00:00
862,Aubrey,Johnson,F,2008-09-09,11,Active,120,2025-10-15 17:00:00,2025-10-15 17:00:00
863,Ethan,Miller,M,2009-07-05,11,Active,120,2025-10-16 17:00:00,2025-11-14 00:00:00
864,Avery,Smith,F,2009-12-02,12,Inactive,120,2025-10-16 15:00:00,2025-12-03 00:00:00
865,Riley,Carter,F,2010-03-12,9,Active,120,2025-10-17 17:00:00,2025-10-17 17:00:00
866,Mason,Scott,M,2008-01-06,11,Inactive,120,2025-10-17 18:00:00,2025-10-24 00:00:00
867,Lucas,Moore,M,2013-09-23,6,Inactive,120,2025-10-18 15:00:00,2025-10-25 00:00:00
868,Jayden,Rivera,M,2008-01-23,11,Inactive,120,2025-10-19 18:00:00,2025-10-26 00:00:00
869,Lucas,Roberts,M,2009-01-06,10,Inactive,120,2025-10-19 18:00:00,2025-10-26 00:00:00
870,Brooklyn,Young,F,2009-10-10,12,Active,120,2025-10-20 13:00:00,2025-11-15 00:00:00
871,Matthew,Smith,M,2010-11-14,10,Active,120,2025-10-20 18:00:00,2025-11-18 00:00:00
872,Benjamin,Gonzalez,M,2012-01-02,7,Inactive,120,2025-10-21 18:00:00,2025-10-28 00:00:00
873,Nora,Walker,F,2010-11-08,9,Inactive,120,2025-10-23 17:00:00,2025-10-30 00:00:00
874,Jayden,Clark,M,2009-12-17,10,Inactive,120,2025-10-23 16:00:00,2025-10-30 00:00:00
875,Lucas,Mitchell,M,2008-03-01,11,Inactive,120,2025-10-24 17:00:00,2025-10-31 00:00:00
876,Asher,Jackson,M,2012-01-22,7,Inactive,120,2025-10-25 14:00:00,2025-11-01 00:00:00
877,Wyatt,Smith,M,2008-09-16,11,Active,120,2025-10-27 16:00:00,2025-10-27 16:00:00
878,Willow,Torres,F,2010-01-24,9,Inactive,120,2025-10-27 16:00:00,2025-11-03 00:00:00
879,Samantha,Johnson,F,2008-10-08,12,Active,120,2025-10-28 16:00:00,2025-11-28 00:00:00
880,Isabella,Jones,F,2009-01-05,10,Active,120,2025-10-29 17:00:00,2025-10-29 17:00:00
881,Joseph,Carter,M,2013-04-21,7,Inactive,120,2025-10-30 15:00:00,2025-11-14 00:00:00
882,Oliver,Lewis,M,2008-03-08,12,Inactive,120,2025-10-30 13:00:00,2025-12-01 00:00:00
883,Chloe,Torres,F,2008-11-13,11,Inactive,120,2025-10-31 14:00:00,2025-11-07 00:00:00
884,Claire,Roberts,F,2010-08-01,9,Inactive,120,2025-11-01 18:00:00,2025-11-08 00:00:00
885,Michael,Campbell,M,2010-03-01,10,Inactive,120,2025-11-01 15:00:00,2025-11-22 00:00:00
886,Sofia,Davis,F,2013-11-16,6,Active,120,2025-11-03 18:00:00,2025-11-03 18:00:00
887,Emma,Thomas,F,2010-11-27,9,Inactive,120,2025-11-03 17:00:00,2025-11-10 00:00:00
888,Olivia,Hall,F,2010-10-15,9,Inactive,120,2025-11-04 15:00:00,2025-11-11 00:00:00
889,Matthew,Anderson,M,2010-05-05,9,Inactive,120,2025-11-04 15:00:00,2025-11-11 00:00:00
890,Oliver,Mitchell,M,2010-09-26,9,Active,120,2025-11-06 17:00:00,2025-11-06 17:00:00
891,Aiden,Wright,M,2008-11-06,11,Inactive,120,2025-11-07 16:00:00,2025-11-14 00:00:00
892,Maverick,Jackson,M,2013-05-24,6,Inactive,120,2025-11-08 14:00:00,2025-11-15 00:00:00
893,Elias,Green,M,2010-12-14,9,Inactive,120,2025-11-08 15:00:00,2025-11-15 00:00:00
894,Jacob,Flores,M,2009-07-18,10,Inactive,120,2025-11-11 14:00:00,2025-11-18 00:00:00
895,Benjamin,Hill,M,2013-12-14,6,Inactive,120,2025-11-11 18:00:00,2025-11-18 00:00:00
896,Logan,Williams,M,2013-04-02,6,Inactive,120,2025-11-12 18:00:00,2025-11-19 00:00:00
897,Luke,Baker,M,2013-02-02,6,Inactive,120,2025-11-12 16:00:00,2025-11-19 00:00:00
898,Amelia,Walker,F,2010-01-05,10,Inactive,120,2025-11-13 18:00:00,2025-12-07 00:00:00
899,Elizabeth,Martinez,F,2013-03-06,6,Inactive,120,2025-11-13 15:00:00,2025-11-20 00:00:00
900,Samuel,Johnson,M,2009-05-17,10,Inactive,120,2025-11-14 18:00:00,2025-11-21 00:00:00
901,Aria,Adams,F,2008-04-10,11,Inactive,120,2025-11-14 17:00:00,2025-11-21 00:00:00
902,Samantha,Rodriguez,F,2010-02-14,9,Inactive,120,2025-11-15 16:00:00,2025-11-22 00:00:00
903,Michael,Campbell,M,2010-09-25,9,Inactive,120,2025-11-15 17:00:00,2025-11-22 00:00:00
904,Levi,Nelson,M,2009-10-01,10,Inactive,120,2025-11-16 16:00:00,2025-11-23 00:00:00
905,Aiden,Johnson,M,2009-10-20,10,Inactive,120,2025-11-17 14:00:00,2025-11-24 00:00:00
906,Willow,Flores,F,2008-08-22,11,Inactive,120,2025-11-18 13:00:00,2025-11-25 00:00:00
907,Lincoln,Green,M,2012-06-13,7,Inactive,120,2025-11-18 14:00:00,2025-11-25 00:00:00
908,Willow,Green,F,2008-06-26,11,Inactive,120,2025-11-19 18:00:00,2025-11-26 00:00:00
909,Joseph,Harris,M,2008-05-23,11,Inactive,120,2025-11-20 13:00:00,2025-11-27 00:00:00
910,Brooklyn,Mitchell,F,2009-09-08,10,Inactive,120,2025-11-22 18:00:00,2025-11-29 00:00:00
911,Aurora,Flores,F,2012-06-22,7,Active,120,2025-11-23 14:00:00,2025-11-23 14:00:00
912,Lucy,Adams,F,2008-12-19,11,Inactive,120,2025-11-23 18:00:00,2025-11-30 00:00:00
913,Emma,Lee,F,2008-03-20,11,Active,120,2025-11-24 17:00:00,2025-11-24 17:00:00
914,Liam,Carter,M,2009-09-20,10,Inactive,120,2025-11-24 14:00:00,2025-12-01 00:00:00
915,Grace,Gonzalez,F,2008-03-22,11,Inactive,120,2025-11-25 18:00:00,2025-12-02 00:00:00
916,Evelyn,Campbell,F,2008-09-02,11,Inactive,120,2025-11-25 15:00:00,2025-12-02 00:00:00
917,William,Rivera,M,2010-01-02,9,Inactive,120,2025-11-26 15:00:00,2025-12-03 00:00:00
918,Gabriel,Rodriguez,M,2008-10-04,11,Inactive,120,2025-11-27 18:00:00,2025-12-04 00:00:00
919,Jackson,King,M,2009-04-14,10,Inactive,120,2025-11-28 15:00:00,2025-12-05 00:00:00
920,Isaac,Brown,M,2010-06-19,9,Inactive,120,2025-11-29 15:00:00,2025-12-06 00:00:00
921,Maya,King,F,2008-01-17,11,Inactive,120,2025-11-29 18:00:00,2025-12-06 00:00:00
922,Olivia,Flores,F,2008-01-02,11,Inactive,120,2025-11-30 18:00:00,2025-12-21 00:00:00
923,Josiah,Sanchez,M,2010-11-17,9,Inactive,120,2025-12-01 15:00:00,2025-12-08 00:00:00
924,Josiah,Hall,M,2009-07-21,10,Active,120,2025-12-03 17:00:00,2025-12-03 17:00:00
925,Anthony,Young,M,2012-03-09,7,Active,120,2025-12-04 17:00:00,2025-12-04 17:00:00
926,Genesis,Moore,F,2012-04-20,7,Active,120,2025-12-04 14:00:00,2025-12-04 14:00:00
927,Owen,Ramirez,M,2013-05-08,6,Active,120,2025-12-08 15:00:00,2025-12-08 15:00:00
928,Genesis,Davis,F,2008-05-11,11,Inactive,120,2025-12-11 18:00:00,2025-12-18 00:00:00
929,Aria,Martinez,F,2010-05-02,9,Inactive,120,2025-12-11 13:00:00,2025-12-18 00:00:00
930,Nova,Mitchell,F,2010-11-02,9,Inactive,120,2025-12-12 16:00:00,2025-12-19 00:00:00
931,Avery,Mitchell,F,2013-08-26,6,Inactive,120,2025-12-12 14:00:00,2025-12-19 00:00:00
932,Jack,Gonzalez,M,2010-04-01,9,Active,120,2025-12-14 18:00:00,2025-12-14 18:00:00
933,Harper,Young,F,2009-02-08,10,Inactive,120,2025-12-14 14:00:00,2025-12-21 00:00:00
934,Lucas,Campbell,M,2010-03-26,9,Active,120,2025-12-17 16:00:00,2025-12-17 16:00:00
935,Abigail,Lewis,F,2012-12-22,7,Active,120,2025-12-17 17:00:00,2025-12-17 17:00:00
936,Violet,Jackson,F,2010-02-25,9,Active,120,2025-12-19 18:00:00,2025-12-19 18:00:00
937,Harper,Carter,F,2010-05-22,9,Active,120,2025-12-20 16:00:00,2025-12-20 16:00:00
938,Aria,Davis,F,2009-05-21,10,Active,120,2025-12-20 13:00:00,2025-12-20 13:00:00
