student_id,first_name,last_name,sex,date_of_birth,grade,status,contract_rate,created,updated
0,Noah,Martin,M,2004-11-30,12,Inactive,80,2021-08-24 12:00:00,2021-09-16 12:00:00
1,Levi,Robinson,M,2009-02-01,11,Inactive,80,2021-08-24 12:00:00,2024-01-21 12:00:00
2,Isabella,Hill,F,2010-05-25,9,Inactive,80,2021-08-24 12:00:00,2025-09-29 12:00:00
3,Leah,Baker,F,2005-08-31,9,Inactive,80,2021-08-24 12:00:00,2022-01-05 12:00:00
4,Emilia,Baker,F,2006-03-23,9,Inactive,80,2021-08-24 12:00:00,2022-01-05 12:00:00
5,Victoria,Wright,F,2009-03-10,9,Inactive,80,2021-08-24 12:00:00,2024-09-10 12:00:00
6,Claire,Williams,F,2004-01-20,12,Inactive,80,2021-08-24 12:00:00,2023-10-02 12:00:00
7,Zoey,Harris,F,2009-08-20,6,Inactive,80,2021-08-24 12:00:00,2022-01-08 12:00:00
8,Samantha,Carter,F,2009-05-30,12,Inactive,80,2021-08-24 12:00:00,2025-09-13 12:00:00
9,Benjamin,Walker,M,2007-04-23,10,Inactive,80,2021-08-24 12:00:00,2023-01-25 12:00:00
10,Henry,Jones,M,2009-01-19,10,Inactive,80,2021-08-24 12:00:00,2024-02-08 12:00:00
11,Genesis,Hill,F,2008-04-18,12,Inactive,80,2021-08-24 12:00:00,2024-09-14 12:00:00
12,Nora,Hernandez,F,2003-11-01,12,Inactive,80,2021-08-24 12:00:00,2021-09-09 12:00:00
13,Evelyn,Ramirez,F,2005-04-17,10,Inactive,80,2021-08-24 12:00:00,2022-01-09 12:00:00
14,Ellie,Moore,F,2004-11-16,12,Inactive,80,2021-08-24 12:00:00,2024-09-28 12:00:00
15,Elias,Green,M,2004-08-22,12,Inactive,80,2021-08-24 12:00:00,2021-09-12 12:00:00
16,Samantha,Johnson,F,2008-10-31,6,Inactive,80,2021-08-24 12:00:00,2022-01-06 12:00:00
17,Asher,Hall,M,2007-04-04,10,Inactive,80,2021-08-24 12:00:00,2022-01-21 12:00:00
18,Chloe,Carter,F,2006-02-25,12,Inactive,80,2021-08-24 12:00:00,2024-01-28 12:00:00
19,Sebastian,Torres,M,2007-03-02,12,Inactive,80,2021-08-24 12:00:00,2024-09-12 12:00:00
20,Ellie,White,F,2007-06-17,9,Inactive,80,2021-08-24 12:00:00,2022-01-05 12:00:00
21,Carter,White,M,2006-08-13,10,Inactive,80,2021-08-24 12:00:00,2021-08-31 12:00:00
22,Luke,Campbell,M,2007-06-03,9,Inactive,80,2021-08-24 12:00:00,2022-01-05 12:00:00
23,Luke,White,M,2005-12-09,10,Inactive,80,2021-08-24 12:00:00,2022-01-07 12:00:00
24,Lucy,Hill,F,2005-01-05,12,Inactive,80,2021-08-24 12:00:00,2021-09-27 12:00:00
25,Caroline,Scott,F,2006-09-23,12,Inactive,80,2021-08-24 12:00:00,2022-10-03 12:00:00
26,Harper,Green,F,2009-04-07,7,Inactive,80,2021-08-24 12:00:00,2021-11-10 12:00:00
27,Anna,Campbell,F,2004-05-08,12,Inactive,80,2021-08-24 12:00:00,2021-09-19 12:00:00
28,Aurora,Moore,F,2009-12-22,8,Inactive,80,2021-09-03 18:00:00,2024-09-20 12:00:00
29,Scarlett,Moore,F,2004-01-08,11,Inactive,80,2021-09-04 14:00:00,2022-01-15 12:00:00
30,Brooklyn,Ramirez,F,2006-08-17,12,Inactive,80,2021-09-06 14:00:00,2022-10-24 12:00:00
31,Isabella,Harris,F,2004-12-25,12,Inactive,80,2021-09-07 16:00:00,2022-01-29 12:00:00
32,Stella,Anderson,F,2008-05-11,7,Inactive,80,2021-09-08 13:00:00,2022-01-19 12:00:00
33,Victoria,Rivera,F,2009-10-02,12,Inactive,80,2021-09-09 13:00:00,2023-11-07 12:00:00
34,Grace,Anderson,F,2006-01-14,10,Inactive,80,2021-09-10 14:00:00,2022-02-07 12:00:00
35,Maya,Clark,F,2004-04-13,11,Inactive,80,2021-09-11 15:00:00,2022-01-15 12:00:00
36,William,Hernandez,M,2004-01-21,12,Inactive,80,2021-09-13 14:00:00,2021-10-11 12:00:00
37,Brooklyn,Wilson,F,2005-10-24,12,Inactive,80,2021-09-15 15:00:00,2023-09-15 12:00:00
38,Isabella,Hernandez,F,2006-05-03,9,Inactive,80,2021-09-16 15:00:00,2022-01-27 12:00:00
39,Leah,Nelson,F,2005-04-26,11,Inactive,80,2021-09-18 16:00:00,2024-09-13 12:00:00
40,Amelia,Smith,F,2004-01-23,12,Inactive,80,2021-09-19 16:00:00,2022-09-11 12:00:00
41,William,Campbell,M,2009-04-10,6,Inactive,80,2021-09-21 16:00:00,2022-02-01 12:00:00
42,Aubrey,Mitchell,F,2009-06-25,9,Inactive,80,2021-09-22 13:00:00,2024-01-15 12:00:00
43,Benjamin,Jones,M,2004-11-15,11,Inactive,80,2021-09-26 16:00:00,2022-02-06 12:00:00
44,Lucy,Thomas,F,2005-04-16,12,Inactive,80,2021-09-27 18:00:00,2022-11-15 12:00:00
45,Ella,Martin,F,2006-01-18,10,Inactive,80,2021-10-04 18:00:00,2022-02-24 12:00:00
46,Aria,Roberts,F,2008-02-09,7,Inactive,80,2021-10-07 13:00:00,2021-12-30 12:00:00
47,Gabriel,Johnson,M,2006-07-06,9,Inactive,80,2021-10-10 15:00:00,2022-02-20 12:00:00
48,Grace,Hernandez,F,2005-05-16,11,Inactive,80,2021-10-13 14:00:00,2022-03-06 12:00:00
49,Avery,Jackson,F,2008-10-02,8,Inactive,80,2021-10-15 18:00:00,2022-04-11 12:00:00
50,Caroline,Roberts,F,2004-04-14,12,Inactive,80,2021-10-16 15:00:00,2023-02-01 12:00:00
51,Sophia,Johnson,F,2005-09-09,10,Inactive,80,2021-10-20 17:00:00,2022-03-02 12:00:00
52,Lily,Martinez,F,2004-05-01,12,Inactive,80,2021-10-24 14:00:00,2022-09-14 12:00:00
53,Stella,Jackson,F,2005-05-17,12,Inactive,80,2021-10-27 18:00:00,2025-11-27 12:00:00
54,Scarlet,Williams,F,2006-03-12,12,Inactive,80,2021-10-29 14:00:00,2024-11-02 12:00:00
55,Liam,Nguyen,M,2006-02-17,11,Inactive,80,2021-10-30 18:00:00,2022-04-08 12:00:00
56,Ellie,Hernandez,F,2008-07-05,7,Inactive,80,2021-10-31 14:00:00,2022-03-13 12:00:00
57,Michael,Green,M,2005-07-22,12,Inactive,80,2021-11-05 15:00:00,2023-02-08 12:00:00
58,Ezra,Green,M,2009-10-20,8,Inactive,80,2021-11-07 13:00:00,2024-10-31 12:00:00
59,Jackson,Wilson,M,2006-07-12,12,Inactive,80,2021-11-08 15:00:00,2024-04-08 12:00:00
60,Kennedy,Ramirez,F,2004-09-06,12,Inactive,80,2021-11-09 13:00:00,2022-09-14 12:00:00
61,Ella,Miller,F,2005-10-09,12,Inactive,80,2021-11-10 16:00:00,2025-11-16 12:00:00
62,Leah,Moore,F,2009-06-20,11,Inactive,80,2021-11-12 15:00:00,2025-11-17 12:00:00
63,Hazel,Hernandez,F,2005-02-21,12,Inactive,80,2021-11-13 17:00:00,2024-03-07 12:00:00
64,Caroline,Jackson,F,2005-05-17,12,Inactive,80,2021-11-15 13:00:00,2023-10-10 12:00:00
65,Lucas,Clark,M,2004-12-03,12,Inactive,80,2021-11-16 14:00:00,2023-11-23 12:00:00
66,Mateo,Wilson,M,2004-02-04,11,Inactive,80,2021-11-17 14:00:00,2022-03-30 12:00:00
67,Lily,Lee,F,2006-01-24,9,Inactive,80,2021-11-18 17:00:00,2022-03-31 12:00:00
68,Anna,Adams,F,2005-08-09,11,Inactive,80,2021-11-20 13:00:00,2025-10-10 12:00:00
69,Caroline,Nguyen,F,2004-10-17,11,Inactive,80,2021-11-21 14:00:00,2022-01-30 12:00:00
70,Willow,Hall,F,2008-02-28,12,Inactive,80,2021-11-22 17:00:00,2025-11-07 12:00:00
71,John,White,M,2004-04-05,11,Inactive,80,2021-11-23 18:00:00,2022-04-05 12:00:00
72,Scarlet,Smith,F,2005-04-16,10,Inactive,80,2021-11-25 14:00:00,2022-04-07 12:00:00
73,Ella,Smith,F,2004-04-09,12,Inactive,80,2021-11-26 18:00:00,2022-11-26 12:00:00
74,Jack,Davis,M,2005-03-16,12,Active,80,2021-11-28 17:00:00,2025-11-24 12:00:00
75,Ellie,Hall,F,2005-12-12,10,Inactive,80,2021-11-30 17:00:00,2022-04-12 12:00:00
76,Henry,Wilson,M,2006-08-17,12,Inactive,80,2021-12-04 18:00:00,2024-10-28 12:00:00
77,Claire,Davis,F,2006-10-17,9,Inactive,80,2021-12-05 14:00:00,2022-04-17 12:00:00
78,Ellie,King,F,2006-09-02,12,Inactive,80,2021-12-06 14:00:00,2025-11-07 12:00:00
79,Amelia,Roberts,F,2005-09-28,12,Inactive,80,2021-12-11 15:00:00,2024-10-24 12:00:00
80,Asher,Green,M,2006-04-21,10,Inactive,80,2021-12-17 13:00:00,2023-02-13 12:00:00
81,Sophia,King,F,2005-04-12,10,Inactive,80,2021-12-23 14:00:00,2022-05-05 12:00:00
82,Scarlett,Wilson,F,2006-01-08,9,Inactive,80,2021-12-24 18:00:00,2021-12-31 12:00:00
83,Emma,Johnson,F,2008-04-26,7,Inactive,80,2021-12-26 13:00:00,2022-01-16 12:00:00
84,Leah,Roberts,F,2004-04-03,12,Inactive,80,2021-12-28 14:00:00,2022-10-03 12:00:00
85,Mason,King,M,2004-05-24,12,Inactive,80,2021-12-29 18:00:00,2022-11-25 12:00:00
86,Leo,Scott,M,2006-11-01,12,Inactive,80,2022-01-04 15:00:00,2024-10-25 12:00:00
87,Skylar,Miller,F,2007-05-18,12,Inactive,80,2022-01-13 13:00:00,2025-11-20 12:00:00
88,Logan,Young,M,2007-01-18,10,Inactive,80,2022-01-21 14:00:00,2023-03-10 12:00:00
89,Grace,Moore,F,2005-09-28,12,Inactive,80,2022-02-01 17:00:00,2023-10-20 12:00:00
90,Amelia,Harris,F,2007-03-01,12,Inactive,80,2022-02-03 14:00:00,2023-10-29 12:00:00
91,Caroline,Nguyen,F,2005-01-09,12,Inactive,80,2022-02-04 15:00:00,2022-10-17 12:00:00
92,Wyatt,Miller,M,2010-06-27,9,Inactive,80,2022-02-07 13:00:00,2025-09-13 12:00:00
93,Ava,Nelson,F,2006-07-13,12,Inactive,80,2022-02-14 13:00:00,2024-10-20 12:00:00
94,Owen,Jackson,M,2005-07-20,12,Inactive,80,2022-02-15 13:00:00,2022-11-09 12:00:00
95,Leo,Green,M,2006-08-15,12,Inactive,80,2022-02-16 13:00:00,2023-09-19 12:00:00
96,Aurora,Baker,F,2007-07-19,10,Inactive,80,2022-02-19 18:00:00,2024-03-29 12:00:00
97,Emma,Garcia,F,2009-11-15,8,Inactive,80,2022-02-22 15:00:00,2023-03-07 12:00:00
98,Harper,Baker,F,2005-09-09,12,Inactive,80,2022-02-23 18:00:00,2022-12-05 12:00:00
99,Jayden,Jones,M,2007-06-12,9,Inactive,80,2022-03-03 13:00:00,2022-04-07 12:00:00
100,Jackson,Thomas,M,2006-05-24,12,Inactive,80,2022-03-04 13:00:00,2023-11-07 12:00:00
101,Lincoln,Lewis,M,2007-03-27,11,Inactive,80,2022-03-07 14:00:00,2025-02-01 12:00:00
102,Mateo,Moore,M,2007-09-28,9,Inactive,80,2022-03-09 17:00:00,2022-06-08 12:00:00
103,Brooklyn,Lewis,F,2005-07-21,12,Inactive,80,2022-03-12 17:00:00,2022-09-16 12:00:00
104,Samantha,Campbell,F,2005-02-20,12,Inactive,80,2022-03-17 17:00:00,2022-10-14 12:00:00
105,Grace,Carter,F,2007-07-16,9,Inactive,80,2022-03-20 13:00:00,2022-07-17 12:00:00
106,Penelope,Johnson,F,2007-12-14,9,Inactive,80,2022-03-27 16:00:00,2022-05-08 12:00:00
107,Mason,Martinez,M,2007-06-14,9,Inactive,80,2022-03-28 13:00:00,2022-04-04 12:00:00
108,Henry,Johnson,M,2007-04-16,10,Inactive,80,2022-03-29 13:00:00,2023-01-19 12:00:00
109,Matthew,Martinez,M,2005-08-04,11,Inactive,80,2022-03-30 14:00:00,2022-08-10 12:00:00
110,Skylar,Rodriguez,F,2006-06-13,11,Inactive,80,2022-04-05 17:00:00,2025-11-12 12:00:00
111,Avery,Ramirez,F,2007-11-17,12,Inactive,80,2022-04-09 16:00:00,2024-03-25 12:00:00
112,Lucas,Robinson,M,2006-11-03,11,Inactive,80,2022-04-10 15:00:00,2022-10-31 12:00:00
113,Henry,Allen,M,2009-07-27,10,Inactive,80,2022-04-13 15:00:00,2025-11-12 12:00:00
114,Aurora,Wilson,F,2009-03-21,10,Active,80,2022-04-19 14:00:00,2025-11-12 12:00:00
115,Zoey,Carter,F,2007-12-07,12,Inactive,80,2022-04-20 17:00:00,2024-09-28 12:00:00
116,Brooklyn,Carter,F,2010-06-01,6,Inactive,80,2022-04-30 17:00:00,2022-07-02 12:00:00
117,Riley,Sanchez,F,2007-12-01,9,Inactive,80,2022-05-05 15:00:00,2022-09-15 12:00:00
118,Amelia,Thompson,F,2005-11-22,12,Inactive,80,2022-05-07 16:00:00,2022-09-28 12:00:00
119,Riley,Carter,F,2005-05-06,11,Inactive,80,2022-05-15 18:00:00,2022-06-26 12:00:00
120,Sophia,Gonzalez,F,2006-11-23,12,Inactive,80,2022-05-16 16:00:00,2024-09-20 12:00:00
121,Samuel,Robinson,M,2006-11-01,10,Inactive,80,2022-05-18 18:00:00,2022-06-15 12:00:00
122,Josiah,Sanchez,M,2007-12-18,12,Inactive,80,2022-05-21 13:00:00,2024-10-18 12:00:00
123,Nora,Moore,F,2009-08-27,7,Inactive,80,2022-05-25 15:00:00,2022-10-05 12:00:00
124,Elijah,Martin,M,2009-05-04,12,Inactive,80,2022-05-27 14:00:00,2025-10-31 12:00:00
125,Harper,Mitchell,F,2009-07-21,9,Inactive,80,2022-05-29 15:00:00,2025-09-28 12:00:00
126,Chloe,King,F,2007-07-01,9,Inactive,80,2022-06-04 18:00:00,2022-10-15 12:00:00
127,Jayden,Gonzalez,M,2006-03-21,11,Inactive,80,2022-06-05 18:00:00,2023-02-24 12:00:00
128,Hannah,Robinson,F,2009-12-07,7,Inactive,80,2022-06-06 16:00:00,2022-10-17 12:00:00
129,Charles,Gonzalez,M,2007-07-24,12,Inactive,80,2022-06-08 13:00:00,2024-10-13 12:00:00
130,Wyatt,Walker,M,2010-06-15,6,Inactive,80,2022-06-19 15:00:00,2022-10-30 12:00:00
131,Isaac,Thompson,M,2006-12-22,12,Inactive,80,2022-06-22 13:00:00,2024-11-08 12:00:00
132,Leah,King,F,2005-09-20,12,Inactive,80,2022-06-25 15:00:00,2022-11-12 12:00:00
133,David,Jackson,M,2010-01-28,8,Active,80,2022-06-27 16:00:00,2025-09-12 12:00:00
134,Bella,White,F,2010-06-08,7,Inactive,80,2022-06-30 15:00:00,2023-03-26 12:00:00
135,Genesis,Taylor,F,2006-02-11,12,Inactive,80,2022-07-02 16:00:00,2022-11-17 12:00:00
136,Liam,Mitchell,M,2006-05-01,11,Inactive,80,2022-07-03 13:00:00,2023-01-14 12:00:00
137,Leo,Baker,M,2007-04-12,9,Inactive,80,2022-07-06 15:00:00,2022-11-16 12:00:00
138,Alexander,Clark,M,2007-02-15,11,Inactive,80,2022-07-07 14:00:00,2024-02-09 12:00:00
139,Henry,Young,M,2009-01-25,11,Inactive,80,2022-07-09 14:00:00,2025-11-29 12:00:00
140,Lily,Sanchez,F,2005-04-14,11,Inactive,80,2022-07-10 14:00:00,2022-11-20 12:00:00
141,Willow,Nelson,F,2007-06-23,9,Inactive,80,2022-07-15 17:00:00,2022-11-25 12:00:00
142,Scarlett,Hall,F,2006-09-20,10,Inactive,80,2022-07-17 16:00:00,2022-11-27 12:00:00
143,Anna,Clark,F,2006-06-06,12,Inactive,80,2022-07-18 15:00:00,2023-10-15 12:00:00
144,Paisley,Rivera,F,2006-04-03,11,Inactive,80,2022-07-23 15:00:00,2023-01-17 12:00:00
145,Jack,Hall,M,2005-11-12,12,Inactive,80,2022-07-25 18:00:00,2023-02-13 12:00:00
146,Scarlett,Thomas,F,2005-05-15,11,Inactive,80,2022-07-26 16:00:00,2022-12-06 12:00:00
147,Lucy,Roberts,F,2005-06-23,12,Inactive,80,2022-07-28 14:00:00,2023-03-20 12:00:00
148,Leah,Nelson,F,2009-11-06,9,Inactive,80,2022-07-29 13:00:00,2023-04-11 12:00:00
149,Evelyn,Walker,F,2010-03-09,10,Inactive,80,2022-07-30 16:00:00,2025-10-28 12:00:00
150,Alexander,King,M,2005-02-14,12,Inactive,80,2022-08-01 18:00:00,2022-11-24 12:00:00
151,Genesis,Flores,F,2006-07-10,12,Inactive,80,2022-08-05 13:00:00,2023-09-22 12:00:00
152,Luke,Young,M,2007-11-02,11,Inactive,80,2022-08-08 15:00:00,2025-11-13 12:00:00
153,Hudson,Lee,M,2005-10-14,11,Inactive,80,2022-08-12 15:00:00,2022-08-19 12:00:00
154,Aubrey,King,F,2005-08-16,12,Inactive,80,2022-08-22 14:00:00,2023-03-10 12:00:00
155,David,Roberts,M,2005-11-20,12,Inactive,80,2022-08-24 17:00:00,2024-03-14 12:00:00
156,Willow,Ramirez,F,2005-10-10,11,Inactive,80,2022-08-30 15:00:00,2023-01-10 12:00:00
157,Owen,Harris,M,2007-02-16,12,Inactive,80,2022-08-31 13:00:00,2023-10-29 12:00:00
158,David,Anderson,M,2006-04-18,12,Inactive,80,2022-09-02 17:00:00,2023-11-15 12:00:00
159,Emily,Taylor,F,2007-10-18,9,Inactive,80,2022-09-03 14:00:00,2023-01-14 12:00:00
160,Noah,Davis,M,2007-10-23,12,Inactive,80,2022-09-04 13:00:00,2025-12-07 12:00:00
161,Aria,Perez,F,2010-08-12,8,Inactive,80,2022-09-05 15:00:00,2025-11-10 12:00:00
162,James,Scott,M,2006-08-28,10,Inactive,80,2022-09-06 13:00:00,2022-12-20 12:00:00
163,John,Sanchez,M,2009-03-23,7,Inactive,80,2022-09-08 13:00:00,2023-01-19 12:00:00
164,Lily,Scott,F,2005-03-06,12,Inactive,80,2022-09-14 18:00:00,2022-10-24 12:00:00
165,Gabriel,Miller,M,2007-05-14,11,Active,80,2022-09-15 16:00:00,2025-11-06 12:00:00
166,Hazel,Nelson,F,2005-08-05,12,Inactive,80,2022-09-18 14:00:00,2023-02-13 12:00:00
167,Emily,Nelson,F,2010-06-26,6,Inactive,80,2022-09-19 18:00:00,2023-01-30 12:00:00
168,Penelope,Nelson,F,2006-10-13,10,Inactive,80,2022-09-20 13:00:00,2023-01-31 12:00:00
169,Scarlet,Martin,F,2007-12-13,10,Inactive,80,2022-09-21 16:00:00,2023-04-05 12:00:00
170,Riley,Wright,F,2009-02-09,9,Inactive,80,2022-09-26 13:00:00,2023-03-11 12:00:00
171,Gabriel,Perez,M,2007-05-19,12,Inactive,80,2022-09-27 13:00:00,2025-10-06 12:00:00
172,Emily,Smith,F,2007-11-20,10,Inactive,80,2022-09-28 16:00:00,2024-03-19 12:00:00
173,Samantha,Lee,F,2006-04-23,12,Inactive,80,2022-10-01 16:00:00,2024-11-08 12:00:00
174,Carter,Nelson,M,2007-11-16,11,Inactive,80,2022-10-04 17:00:00,2025-10-01 12:00:00
175,Lucy,Perez,F,2005-10-07,11,Inactive,80,2022-10-05 16:00:00,2023-02-15 12:00:00
176,Oliver,Adams,M,2006-08-10,12,Inactive,80,2022-10-07 15:00:00,2022-12-03 12:00:00
177,Elijah,White,M,2007-05-22,10,Active,80,2022-10-08 18:00:00,2025-09-08 12:00:00
178,Caroline,Mitchell,F,2006-09-05,12,Inactive,80,2022-10-09 15:00:00,2023-10-25 12:00:00
179,Ezra,Taylor,M,2007-03-28,10,Inactive,80,2022-10-11 16:00:00,2024-01-12 12:00:00
180,Emilia,Harris,F,2007-06-02,11,Inactive,80,2022-10-12 18:00:00,2024-11-16 12:00:00
181,Ezra,Martinez,M,2006-01-23,10,Inactive,80,2022-10-13 18:00:00,2023-02-23 12:00:00
182,Evelyn,Davis,F,2006-08-14,12,Inactive,80,2022-10-16 18:00:00,2023-10-18 12:00:00
183,Matthew,Hall,M,2005-07-12,11,Inactive,80,2022-10-18 18:00:00,2023-02-28 12:00:00
184,Riley,Rivera,F,2007-08-27,12,Inactive,80,2022-10-20 15:00:00,2023-12-06 12:00:00
185,Maya,Thompson,F,2009-03-21,9,Inactive,80,2022-10-21 18:00:00,2025-09-29 12:00:00
186,Bella,Nguyen,F,2009-01-15,9,Inactive,80,2022-10-22 13:00:00,2023-10-03 12:00:00
187,Evelyn,Robinson,F,2006-01-17,10,Inactive,80,2022-10-23 17:00:00,2023-03-05 12:00:00
188,Maverick,Clark,M,2010-01-02,12,Inactive,80,2022-10-24 16:00:00,2025-12-03 12:00:00
189,Scarlett,Perez,F,2006-08-16,12,Inactive,80,2022-10-28 13:00:00,2023-09-30 12:00:00
190,Henry,Clark,M,2010-03-10,6,Inactive,80,2022-10-29 18:00:00,2023-03-11 12:00:00
191,Mia,Lee,F,2005-08-16,11,Inactive,80,2022-10-30 15:00:00,2023-03-12 12:00:00
192,Hannah,Adams,F,2006-01-07,12,Inactive,80,2022-11-01 18:00:00,2024-10-11 12:00:00
193,Liam,Jackson,M,2007-05-11,9,Inactive,80,2022-11-02 13:00:00,2023-03-15 12:00:00
194,Ethan,King,M,2006-12-10,10,Inactive,80,2022-11-03 18:00:00,2023-03-16 12:00:00
195,Ava,Martin,F,2007-06-12,11,Inactive,80,2022-11-05 18:00:00,2025-02-15 12:00:00
196,Lucy,Jones,F,2006-06-16,10,Inactive,80,2022-11-06 14:00:00,2022-11-13 12:00:00
197,Hudson,Allen,M,2007-07-04,9,Inactive,80,2022-11-07 15:00:00,2023-03-20 12:00:00
198,James,Walker,M,2009-04-01,7,Inactive,80,2022-11-08 15:00:00,2023-03-21 12:00:00
199,Luca,Davis,M,2007-01-21,9,Inactive,80,2022-11-09 15:00:00,2023-03-22 12:00:00
200,Jacob,Adams,M,2006-06-17,12,Active,80,2022-11-10 16:00:00,2025-09-20 12:00:00
201,William,Hill,M,2007-06-13,12,Inactive,80,2022-11-13 17:00:00,2025-10-18 12:00:00
202,Grayson,Thomas,M,2007-04-20,10,Inactive,80,2022-11-14 17:00:00,2024-09-10 12:00:00
203,Noah,Thomas,M,2009-10-25,10,Inactive,80,2022-11-15 17:00:00,2025-01-25 12:00:00
204,Josiah,Nelson,M,2009-08-12,8,Inactive,80,2022-11-18 14:00:00,2024-02-18 12:00:00
205,Isabella,Flores,F,2007-12-16,12,Inactive,80,2022-11-19 18:00:00,2024-11-28 12:00:00
206,Benjamin,Garcia,M,2006-02-08,10,Inactive,80,2022-11-21 14:00:00,2023-04-03 12:00:00
207,Aubrey,Davis,F,2005-01-28,12,Inactive,80,2022-11-22 17:00:00,2023-11-24 12:00:00
208,Emma,Green,F,2006-05-24,12,Inactive,80,2022-11-23 17:00:00,2025-10-15 12:00:00
209,Abigail,King,F,2006-12-12,12,Inactive,80,2022-11-25 14:00:00,2025-03-31 12:00:00
210,Ella,Smith,F,2007-01-25,11,Inactive,80,2022-11-27 13:00:00,2024-10-02 12:00:00
211,Dylan,Scott,M,2007-02-19,9,Inactive,80,2022-11-28 15:00:00,2022-12-05 12:00:00
212,Bella,Roberts,F,2005-10-13,12,Inactive,80,2022-11-29 18:00:00,2023-09-29 12:00:00
213,Emma,Hall,F,2005-09-27,12,Inactive,80,2022-11-30 16:00:00,2024-10-22 12:00:00
214,Oliver,Miller,M,2010-08-07,9,Inactive,80,2022-12-01 14:00:00,2025-11-07 12:00:00
215,Caroline,Green,F,2005-07-10,12,Inactive,80,2022-12-04 17:00:00,2024-01-12 12:00:00
216,Sofia,Moore,F,2007-07-08,11,Inactive,80,2022-12-07 15:00:00,2025-02-04 12:00:00
217,Liam,Baker,M,2010-01-10,8,Inactive,80,2022-12-10 18:00:00,2025-04-11 12:00:00
218,Lucy,Campbell,F,2005-11-20,11,Inactive,80,2022-12-11 14:00:00,2023-04-23 12:00:00
219,Luca,Wilson,M,2007-06-16,9,Inactive,80,2022-12-12 14:00:00,2023-03-06 12:00:00
220,Leah,King,F,2007-04-28,12,Inactive,80,2022-12-19 15:00:00,2025-09-26 12:00:00
221,Theodore,Allen,M,2007-02-01,11,Inactive,80,2022-12-20 17:00:00,2025-09-13 12:00:00
222,Sofia,Harris,F,2006-06-22,12,Inactive,80,2022-12-24 15:00:00,2023-11-06 12:00:00
223,Leah,Anderson,F,2005-07-07,11,Inactive,80,2022-12-29 16:00:00,2023-05-11 12:00:00
224,Victoria,Campbell,F,2006-06-09,12,Inactive,80,2022-12-30 18:00:00,2024-12-05 12:00:00
225,Scarlet,Perez,F,2008-09-16,9,Inactive,100,2023-01-02 18:00:00,2023-05-15 12:00:00
226,James,Ramirez,M,2008-10-23,10,Inactive,100,2023-01-04 14:00:00,2023-12-05 12:00:00
227,Stella,Campbell,F,2011-03-21,10,Inactive,100,2023-01-11 17:00:00,2025-11-14 12:00:00
228,Ella,Torres,F,2010-06-02,7,Inactive,100,2023-01-13 16:00:00,2023-05-26 12:00:00
229,Ella,Nelson,F,2008-08-13,9,Inactive,100,2023-01-15 18:00:00,2023-02-12 12:00:00
230,Lucas,Jones,M,2010-08-10,9,Inactive,100,2023-01-18 13:00:00,2024-04-08 12:00:00
231,Liam,Sanchez,M,2007-11-28,11,Inactive,100,2023-01-19 14:00:00,2025-11-10 12:00:00
232,Harper,Lee,F,2008-04-14,9,Inactive,100,2023-01-21 14:00:00,2023-06-03 12:00:00
233,Liam,Roberts,M,2010-04-18,7,Inactive,100,2023-01-28 16:00:00,2023-06-10 12:00:00
234,Avery,Clark,F,2006-05-18,12,Inactive,100,2023-01-31 14:00:00,2024-02-25 12:00:00
235,Ellie,Martinez,F,2006-12-08,11,Inactive,100,2023-02-01 17:00:00,2023-06-14 12:00:00
236,Amelia,Jackson,F,2007-10-27,11,Inactive,100,2023-02-04 15:00:00,2024-09-19 12:00:00
237,Gabriel,Rivera,M,2011-04-26,6,Inactive,100,2023-02-06 13:00:00,2023-06-19 12:00:00
238,Logan,Rodriguez,M,2010-07-08,7,Inactive,100,2023-02-19 14:00:00,2023-03-05 12:00:00
239,Scarlett,Walker,F,2011-05-12,6,Inactive,100,2023-02-20 16:00:00,2023-07-03 12:00:00
240,Olivia,Gonzalez,F,2007-02-06,12,Inactive,100,2023-02-21 16:00:00,2024-11-19 12:00:00
241,Sofia,Jackson,F,2006-04-16,11,Inactive,100,2023-02-22 13:00:00,2023-07-05 12:00:00
242,Chloe,Davis,F,2011-06-11,6,Inactive,100,2023-02-24 16:00:00,2023-07-07 12:00:00
243,Lucy,Robinson,F,2008-02-18,9,Inactive,100,2023-02-25 16:00:00,2023-07-08 12:00:00
244,Luca,Baker,M,2006-04-17,12,Inactive,100,2023-02-26 13:00:00,2024-09-17 12:00:00
245,Nova,Wilson,F,2010-05-01,8,Inactive,100,2023-03-04 18:00:00,2024-10-24 12:00:00
246,Stella,Hill,F,2011-07-19,11,Inactive,100,2023-03-11 17:00:00,2025-10-08 12:00:00
247,Penelope,Johnson,F,2011-12-27,8,Inactive,100,2023-03-15 13:00:00,2025-12-02 12:00:00
248,Penelope,Thompson,F,2006-04-07,11,Inactive,100,2023-03-16 18:00:00,2023-07-27 12:00:00
249,Hudson,Walker,M,2006-06-05,11,Inactive,100,2023-03-18 17:00:00,2023-07-29 12:00:00
250,Luca,Flores,M,2007-03-25,12,Inactive,100,2023-03-20 18:00:00,2024-11-23 12:00:00
251,Ezra,Wilson,M,2011-06-01,6,Inactive,100,2023-03-24 17:00:00,2023-08-04 12:00:00
252,Penelope,Nelson,F,2007-01-15,10,Inactive,100,2023-03-26 16:00:00,2023-08-06 12:00:00
253,Claire,Carter,F,2011-04-06,9,Inactive,100,2023-03-27 16:00:00,2025-02-06 12:00:00
254,Willow,Lee,F,2011-04-22,6,Inactive,100,2023-03-28 13:00:00,2023-08-08 12:00:00
255,Sebastian,Sanchez,M,2011-11-20,8,Inactive,100,2023-03-29 15:00:00,2025-10-23 12:00:00
256,Hazel,Young,F,2011-02-05,7,Inactive,100,2023-04-02 18:00:00,2024-02-16 12:00:00
257,Asher,Flores,M,2010-07-06,10,Inactive,100,2023-04-10 17:00:00,2025-10-09 12:00:00
258,Elizabeth,Green,F,2008-08-23,11,Inactive,100,2023-04-12 17:00:00,2024-10-07 12:00:00
259,Lily,Clark,F,2006-07-10,12,Inactive,100,2023-04-13 18:00:00,2023-11-24 12:00:00
260,Elizabeth,Taylor,F,2007-06-07,11,Inactive,100,2023-04-18 17:00:00,2025-03-16 12:00:00
261,Mia,Wilson,F,2006-02-07,12,Inactive,100,2023-04-20 13:00:00,2025-03-19 12:00:00
262,Kennedy,Moore,F,2006-05-20,11,Inactive,100,2023-04-21 15:00:00,2023-09-01 12:00:00
263,Mia,Ramirez,F,2007-03-15,10,Inactive,100,2023-04-24 15:00:00,2023-07-03 12:00:00
264,Aria,Davis,F,2008-12-20,9,Inactive,100,2023-04-27 15:00:00,2023-09-07 12:00:00
265,Lucas,Thompson,M,2006-02-25,12,Inactive,100,2023-05-01 16:00:00,2023-10-14 12:00:00
266,Lucas,Garcia,M,2006-07-24,12,Inactive,100,2023-05-03 14:00:00,2023-09-11 12:00:00
267,Lucas,Hill,M,2010-08-17,11,Active,100,2023-05-05 15:00:00,2025-11-09 12:00:00
268,Abigail,Young,F,2007-03-03,10,Inactive,100,2023-05-12 14:00:00,2023-09-22 12:00:00
269,Chloe,Moore,F,2008-02-11,11,Inactive,100,2023-05-13 18:00:00,2025-03-04 12:00:00
270,Jackson,Martin,M,2007-07-18,12,Inactive,100,2023-05-16 17:00:00,2023-11-04 12:00:00
271,Oliver,Rodriguez,M,2007-01-23,10,Inactive,100,2023-05-17 15:00:00,2023-09-27 12:00:00
272,Grayson,Hernandez,M,2007-08-09,12,Inactive,100,2023-05-18 15:00:00,2024-02-27 12:00:00
273,James,Allen,M,2008-10-09,10,Inactive,100,2023-05-19 17:00:00,2024-03-14 12:00:00
274,Anna,Johnson,F,2007-03-06,10,Inactive,100,2023-05-20 18:00:00,2023-09-30 12:00:00
275,Leo,Martin,M,2006-08-08,12,Inactive,100,2023-05-26 15:00:00,2023-10-13 12:00:00
276,Leah,Taylor,F,2006-04-19,11,Inactive,100,2023-05-28 14:00:00,2023-10-08 12:00:00
277,Amelia,Clark,F,2007-05-02,12,Inactive,100,2023-05-30 15:00:00,2025-10-05 12:00:00
278,Paisley,Jones,F,2008-03-17,12,Active,100,2023-05-31 18:00:00,2025-10-08 12:00:00
279,Isaac,Rodriguez,M,2011-02-16,10,Active,100,2023-06-02 13:00:00,2025-10-24 12:00:00
280,Chloe,Lee,F,2007-10-10,12,Inactive,100,2023-06-04 15:00:00,2024-09-24 12:00:00
281,Sophia,Green,F,2006-09-25,11,Inactive,100,2023-06-05 18:00:00,2023-06-12 12:00:00
282,Ethan,Mitchell,M,2007-09-05,11,Inactive,100,2023-06-06 18:00:00,2024-03-13 12:00:00
283,Lucas,Rodriguez,M,2008-08-15,10,Inactive,100,2023-06-08 13:00:00,2024-12-02 12:00:00
284,Mateo,Jackson,M,2008-12-19,11,Inactive,100,2023-06-11 18:00:00,2024-12-02 12:00:00
285,Leo,Baker,M,2006-12-23,11,Inactive,100,2023-06-16 15:00:00,2023-10-27 12:00:00
286,Henry,Adams,M,2008-09-11,10,Inactive,100,2023-06-17 18:00:00,2024-09-23 12:00:00
287,Sophia,Jones,F,2008-07-18,9,Inactive,100,2023-06-20 18:00:00,2023-10-31 12:00:00
288,Leah,Young,F,2006-05-21,12,Inactive,100,2023-06-23 14:00:00,2023-11-11 12:00:00
289,Emily,Mitchell,F,2007-10-18,11,Inactive,100,2023-06-24 16:00:00,2025-03-21 12:00:00
290,Oliver,Martin,M,2008-12-10,10,Inactive,100,2023-06-25 15:00:00,2024-03-08 12:00:00
291,Jacob,Walker,M,2006-01-16,11,Inactive,100,2023-06-26 17:00:00,2023-11-06 12:00:00
292,James,Baker,M,2011-05-23,6,Inactive,100,2023-06-27 13:00:00,2023-11-07 12:00:00
293,Daniel,Taylor,M,2007-08-06,10,Inactive,100,2023-06-29 18:00:00,2023-11-09 12:00:00
294,John,Taylor,M,2006-11-06,12,Inactive,100,2023-07-01 16:00:00,2023-10-19 12:00:00
295,Samuel,Robinson,M,2007-04-25,12,Inactive,100,2023-07-04 15:00:00,2023-11-26 12:00:00
296,Bella,Scott,F,2008-12-22,10,Inactive,100,2023-07-05 14:00:00,2024-02-20 12:00:00
297,Samuel,Smith,M,2006-06-06,11,Inactive,100,2023-07-07 17:00:00,2023-11-17 12:00:00
298,Carter,Nelson,M,2006-01-15,12,Inactive,100,2023-07-12 17:00:00,2023-12-06 12:00:00
299,Jacob,Young,M,2010-02-28,8,Inactive,100,2023-07-13 17:00:00,2025-03-15 12:00:00
300,Emily,King,F,2007-02-28,11,Inactive,100,2023-07-16 15:00:00,2023-10-02 12:00:00
301,Luke,Jones,M,2008-08-13,12,Inactive,100,2023-07-17 14:00:00,2025-09-13 12:00:00
302,Ella,Wilson,F,2008-05-26,10,Inactive,100,2023-07-18 15:00:00,2024-01-19 12:00:00
303,Gabriel,Lewis,M,2006-01-19,12,Inactive,100,2023-07-20 16:00:00,2024-11-16 12:00:00
304,Claire,Rodriguez,F,2008-10-06,9,Inactive,100,2023-07-21 16:00:00,2023-12-01 12:00:00
305,Jack,Flores,M,2008-09-16,9,Inactive,100,2023-07-23 16:00:00,2023-12-03 12:00:00
306,Theodore,Jones,M,2006-09-20,12,Inactive,100,2023-07-26 13:00:00,2024-03-29 12:00:00
307,Charles,Wright,M,2007-11-18,10,Inactive,100,2023-07-30 18:00:00,2023-12-10 12:00:00
308,Aria,Lee,F,2011-10-14,9,Inactive,100,2023-07-31 14:00:00,2024-12-02 12:00:00
309,Noah,Taylor,M,2007-10-24,10,Inactive,100,2023-08-05 15:00:00,2023-12-16 12:00:00
310,Savannah,Rodriguez,F,2007-01-17,11,Inactive,100,2023-08-07 14:00:00,2023-09-28 12:00:00
311,Samantha,Thompson,F,2011-08-22,8,Inactive,100,2023-08-10 16:00:00,2024-04-02 12:00:00
312,Sofia,Rivera,F,2006-09-22,12,Inactive,100,2023-08-11 16:00:00,2024-02-17 12:00:00
313,Sophia,Roberts,F,2010-01-08,9,Active,100,2023-08-13 16:00:00,2025-11-09 12:00:00
314,Skylar,Ramirez,F,2008-03-07,9,Inactive,100,2023-08-14 16:00:00,2023-12-25 12:00:00
315,Savannah,Young,F,2006-01-05,11,Inactive,100,2023-08-15 17:00:00,2023-11-07 12:00:00
316,David,Martin,M,2007-05-25,11,Inactive,100,2023-08-18 14:00:00,2025-02-22 12:00:00
317,Thomas,White,M,2007-08-16,12,Inactive,100,2023-08-22 16:00:00,2023-12-05 12:00:00
318,Luke,Davis,M,2006-09-20,12,Inactive,100,2023-08-24 16:00:00,2024-04-08 12:00:00
319,Jack,Nelson,M,2007-09-06,10,Inactive,100,2023-08-25 14:00:00,2024-01-05 12:00:00
320,Benjamin,Flores,M,2011-03-16,10,Inactive,100,2023-08-26 13:00:00,2025-10-04 12:00:00
321,Aria,Taylor,F,2010-02-27,7,Inactive,100,2023-08-28 17:00:00,2024-01-08 12:00:00
322,Paisley,Harris,F,2007-08-21,12,Inactive,100,2023-09-01 15:00:00,2025-11-08 12:00:00
323,Noah,Nelson,M,2008-01-04,11,Inactive,100,2023-09-02 17:00:00,2025-04-03 12:00:00
324,Elijah,Rodriguez,M,2008-07-20,9,Inactive,100,2023-09-04 13:00:00,2023-10-02 12:00:00
325,Paisley,Hall,F,2008-12-08,10,Inactive,100,2023-09-05 16:00:00,2023-09-26 12:00:00
326,Emma,Carter,F,2006-09-08,11,Inactive,100,2023-09-06 15:00:00,2024-01-17 12:00:00
327,Ella,Young,F,2010-12-20,10,Active,100,2023-09-07 15:00:00,2025-10-04 12:00:00
328,Savannah,Rivera,F,2008-06-19,12,Inactive,100,2023-09-08 15:00:00,2024-11-08 12:00:00
329,Kennedy,Carter,F,2007-03-24,10,Inactive,100,2023-09-09 14:00:00,2024-01-20 12:00:00
330,Samuel,Thompson,M,2006-07-15,11,Inactive,100,2023-09-11 13:00:00,2024-01-22 12:00:00
331,Julian,Flores,M,2008-11-11,12,Inactive,100,2023-09-13 14:00:00,2024-10-27 12:00:00
332,Zoey,Clark,F,2011-01-08,7,Inactive,100,2023-09-14 16:00:00,2023-11-01 12:00:00
333,Zoey,Thomas,F,2006-08-07,12,Inactive,100,2023-09-15 13:00:00,2023-10-17 12:00:00
334,Grace,Robinson,F,2008-08-07,9,Inactive,100,2023-09-16 15:00:00,2024-01-27 12:00:00
335,Jack,Williams,M,2008-12-03,9,Inactive,100,2023-09-17 18:00:00,2024-01-28 12:00:00
336,Chloe,Lewis,F,2007-10-01,12,Inactive,100,2023-09-18 14:00:00,2025-10-18 12:00:00
337,Sofia,Williams,F,2007-08-21,10,Inactive,100,2023-09-19 15:00:00,2024-01-30 12:00:00
338,Mia,Moore,F,2008-04-20,9,Inactive,100,2023-09-20 18:00:00,2024-01-31 12:00:00
339,Willow,Adams,F,2007-01-28,10,Inactive,100,2023-09-22 16:00:00,2024-02-02 12:00:00
340,Emma,Hernandez,F,2010-07-02,7,Inactive,100,2023-09-23 16:00:00,2024-02-03 12:00:00
341,Brooklyn,Torres,F,2007-02-01,12,Inactive,100,2023-09-24 14:00:00,2024-11-30 12:00:00
342,Isaac,Allen,M,2006-11-16,12,Inactive,100,2023-09-25 13:00:00,2024-09-22 12:00:00
343,Riley,Lopez,F,2006-09-23,11,Inactive,100,2023-09-26 18:00:00,2024-02-06 12:00:00
344,Sofia,Lee,F,2008-08-09,12,Inactive,100,2023-09-27 17:00:00,2025-12-05 12:00:00
345,Mateo,Rodriguez,M,2006-05-04,12,Inactive,100,2023-09-28 13:00:00,2024-10-21 12:00:00
346,Riley,Mitchell,F,2006-12-17,12,Inactive,100,2023-09-29 14:00:00,2024-09-18 12:00:00
347,Oliver,Perez,M,2010-10-06,9,Inactive,100,2023-10-01 16:00:00,2025-09-23 12:00:00
348,Anna,Robinson,F,2006-07-23,12,Inactive,100,2023-10-03 16:00:00,2024-11-17 12:00:00
349,Samantha,Wright,F,2007-01-19,12,Inactive,100,2023-10-04 13:00:00,2023-10-30 12:00:00
350,Aubrey,Roberts,F,2008-06-22,9,Inactive,100,2023-10-05 17:00:00,2024-02-15 12:00:00
351,Charles,Hernandez,M,2006-02-16,12,Inactive,100,2023-10-06 13:00:00,2025-01-28 12:00:00
352,Isaac,Miller,M,2010-03-16,10,Inactive,100,2023-10-07 13:00:00,2024-10-24 12:00:00
353,Hazel,Gonzalez,F,2010-07-07,10,Inactive,100,2023-10-08 18:00:00,2025-09-27 12:00:00
354,Skylar,Flores,F,2006-08-15,12,Inactive,100,2023-10-09 16:00:00,2024-04-03 12:00:00
355,Stella,Hall,F,2006-03-15,11,Inactive,100,2023-10-11 14:00:00,2024-02-21 12:00:00
356,Aiden,Lopez,M,2007-10-04,12,Active,100,2023-10-13 18:00:00,2025-10-17 12:00:00
357,Caroline,Clark,F,2007-04-03,12,Inactive,100,2023-10-15 16:00:00,2024-11-24 12:00:00
358,Asher,Walker,M,2006-12-24,12,Inactive,100,2023-10-16 17:00:00,2023-11-09 12:00:00
359,Ava,Davis,F,2008-07-13,11,Inactive,100,2023-10-17 18:00:00,2024-09-26 12:00:00
360,Isabella,Nelson,F,2008-12-09,11,Inactive,100,2023-10-18 13:00:00,2025-02-10 12:00:00
361,Kennedy,Robinson,F,2006-11-26,11,Inactive,100,2023-10-19 15:00:00,2024-02-29 12:00:00
362,Charles,Nelson,M,2008-08-13,12,Inactive,100,2023-10-21 13:00:00,2025-10-20 12:00:00
363,Lucy,Brown,F,2008-02-25,9,Inactive,100,2023-10-22 16:00:00,2024-03-03 12:00:00
364,Hazel,Ramirez,F,2011-01-12,7,Inactive,100,2023-10-23 17:00:00,2025-01-22 12:00:00
365,Scarlett,Carter,F,2007-12-04,10,Inactive,100,2023-10-25 13:00:00,2024-03-06 12:00:00
366,Grayson,Adams,M,2008-07-14,10,Inactive,100,2023-10-27 13:00:00,2024-03-16 12:00:00
367,Evelyn,Robinson,F,2006-12-21,12,Inactive,100,2023-10-28 18:00:00,2024-09-10 12:00:00
368,Anna,Martin,F,2008-10-19,9,Inactive,100,2023-10-29 15:00:00,2024-02-25 12:00:00
369,Elizabeth,Wilson,F,2011-03-09,7,Inactive,100,2023-10-30 16:00:00,2025-03-05 12:00:00
370,Noah,Garcia,M,2006-08-14,12,Inactive,100,2023-10-31 13:00:00,2023-11-30 12:00:00
371,Willow,Lewis,F,2011-06-27,9,Inactive,100,2023-11-02 15:00:00,2025-11-11 12:00:00
372,Mason,Walker,M,2008-02-28,10,Active,100,2023-11-03 17:00:00,2025-10-16 12:00:00
373,Paisley,Gonzalez,F,2011-01-06,6,Inactive,100,2023-11-04 13:00:00,2024-01-06 12:00:00
374,Emily,Roberts,F,2007-09-25,12,Inactive,100,2023-11-05 15:00:00,2025-11-04 12:00:00
375,Jacob,Perez,M,2007-05-12,12,Inactive,100,2023-11-06 18:00:00,2025-11-16 12:00:00
376,Paisley,Campbell,F,2006-02-26,11,Inactive,100,2023-11-07 15:00:00,2024-03-19 12:00:00
377,Lucas,Martinez,M,2008-03-07,11,Inactive,100,2023-11-08 13:00:00,2025-10-13 12:00:00
378,Logan,Scott,M,2007-08-09,11,Inactive,100,2023-11-09 18:00:00,2025-03-31 12:00:00
379,Grace,Lopez,F,2006-06-06,12,Active,100,2023-11-10 17:00:00,2025-10-07 12:00:00
380,Emily,King,F,2011-06-19,8,Inactive,100,2023-11-12 14:00:00,2024-11-16 12:00:00
381,Matthew,Young,M,2008-02-03,9,Inactive,100,2023-11-14 14:00:00,2024-03-26 12:00:00
382,Isabella,Moore,F,2006-04-26,12,Inactive,100,2023-11-15 13:00:00,2024-10-08 12:00:00
383,Violet,Scott,F,2008-12-14,10,Inactive,100,2023-11-17 18:00:00,2025-11-07 12:00:00
384,Henry,Roberts,M,2007-02-25,12,Inactive,100,2023-11-19 13:00:00,2025-10-28 12:00:00
385,Jayden,Miller,M,2010-05-24,7,Inactive,100,2023-11-21 14:00:00,2024-04-02 12:00:00
386,James,Clark,M,2006-04-22,12,Inactive,100,2023-11-22 16:00:00,2024-09-09 12:00:00
387,Grace,King,F,2008-04-13,11,Inactive,100,2023-11-25 15:00:00,2025-09-10 12:00:00
388,Harper,Nelson,F,2011-06-15,6,Inactive,100,2023-11-26 13:00:00,2024-01-21 12:00:00
389,Henry,Baker,M,2008-04-06,10,Inactive,100,2023-11-27 17:00:00,2025-10-09 12:00:00
390,Amelia,Ramirez,F,2008-07-24,10,Inactive,100,2023-11-28 16:00:00,2025-03-20 12:00:00
391,Leo,Nelson,M,2010-04-24,10,Inactive,100,2023-11-29 14:00:00,2025-09-30 12:00:00
392,Wyatt,Brown,M,2008-12-06,11,Active,100,2023-12-01 13:00:00,2025-10-09 12:00:00
393,Liam,Scott,M,2011-12-28,6,Inactive,100,2023-12-04 14:00:00,2024-04-15 12:00:00
394,Evelyn,Lewis,F,2008-05-10,11,Inactive,100,2023-12-06 14:00:00,2025-10-27 12:00:00
395,Samuel,Garcia,M,2006-08-06,11,Inactive,100,2023-12-11 18:00:00,2024-03-25 12:00:00
396,Joseph,Lewis,M,2007-01-13,12,Active,100,2023-12-13 13:00:00,2025-11-16 12:00:00
397,Owen,Nguyen,M,2007-04-14,10,Inactive,100,2023-12-15 18:00:00,2024-04-26 12:00:00
398,Luca,Baker,M,2006-10-09,12,Active,100,2023-12-16 18:00:00,2025-11-09 12:00:00
399,Paisley,Wright,F,2011-04-03,8,Inactive,100,2023-12-18 17:00:00,2024-10-07 12:00:00
400,Abigail,Thomas,F,2006-02-09,12,Inactive,100,2023-12-19 15:00:00,2024-09-20 12:00:00
401,Skylar,Scott,F,2007-06-18,10,Inactive,100,2023-12-21 13:00:00,2024-05-02 12:00:00
402,Maverick,Martinez,M,2011-02-15,6,Inactive,100,2023-12-25 13:00:00,2024-05-06 12:00:00
403,Skylar,Allen,F,2006-07-11,11,Inactive,100,2023-12-29 15:00:00,2024-05-31 12:00:00
404,Ella,Taylor,F,2008-08-01,11,Active,100,2023-12-30 15:00:00,2025-09-05 12:00:00
405,Samantha,Carter,F,2008-05-21,9,Inactive,100,2023-12-31 17:00:00,2024-05-12 12:00:00
406,Violet,Gonzalez,F,2008-06-04,12,Inactive,120,2024-01-06 17:00:00,2025-10-08 12:00:00
407,Elijah,Miller,M,2011-10-01,7,Inactive,120,2024-01-08 18:00:00,2024-05-20 12:00:00
408,Emilia,Robinson,F,2011-02-05,7,Inactive,120,2024-01-11 16:00:00,2024-05-23 12:00:00
409,Asher,Scott,M,2007-01-08,12,Inactive,120,2024-01-18 14:00:00,2025-10-13 12:00:00
410,Mason,Sanchez,M,2009-05-07,9,Inactive,120,2024-01-20 14:00:00,2024-07-06 12:00:00
411,Skylar,Hall,F,2008-07-17,11,Inactive,120,2024-01-21 14:00:00,2025-03-20 12:00:00
412,Elizabeth,Johnson,F,2011-04-11,9,Active,120,2024-01-28 16:00:00,2025-09-09 12:00:00
413,Michael,Brown,M,2011-02-16,7,Inactive,120,2024-02-02 13:00:00,2024-06-14 12:00:00
414,Noah,Flores,M,2008-12-03,11,Inactive,120,2024-02-04 16:00:00,2025-02-14 12:00:00
415,Grace,Smith,F,2008-09-08,10,Inactive,120,2024-02-05 16:00:00,2024-04-29 12:00:00
416,Ellie,Gonzalez,F,2009-10-23,9,Inactive,120,2024-02-07 13:00:00,2024-06-19 12:00:00
417,Harper,Hernandez,F,2007-02-09,11,Inactive,120,2024-02-08 17:00:00,2024-06-20 12:00:00
418,Aurora,Allen,F,2011-02-07,8,Inactive,120,2024-02-12 15:00:00,2025-03-26 12:00:00
419,Lily,Hall,F,2007-08-01,12,Inactive,120,2024-02-19 13:00:00,2024-11-16 12:00:00
420,Asher,Harris,M,2012-03-25,7,Inactive,120,2024-02-20 15:00:00,2025-04-03 12:00:00
421,Kennedy,Brown,F,2007-12-23,12,Inactive,120,2024-02-24 13:00:00,2024-12-04 12:00:00
422,Matthew,King,M,2009-08-17,9,Inactive,120,2024-03-01 16:00:00,2024-06-07 12:00:00
423,Samuel,Thomas,M,2011-11-01,9,Active,120,2024-03-05 16:00:00,2025-10-23 12:00:00
424,Lily,Anderson,F,2008-04-26,10,Inactive,120,2024-03-09 14:00:00,2024-05-11 12:00:00
425,Charles,Taylor,M,2008-12-01,11,Inactive,120,2024-03-12 13:00:00,2025-10-07 12:00:00
426,Ezra,Brown,M,2009-02-20,9,Inactive,120,2024-03-15 17:00:00,2024-07-26 12:00:00
427,Elizabeth,Moore,F,2007-12-07,12,Inactive,120,2024-03-16 16:00:00,2024-12-07 12:00:00
428,Elizabeth,Clark,F,2009-10-03,9,Inactive,120,2024-03-17 15:00:00,2024-07-28 12:00:00
429,Willow,Brown,F,2008-05-04,11,Active,120,2024-03-19 15:00:00,2025-10-19 12:00:00
430,Jackson,Mitchell,M,2008-05-14,12,Inactive,120,2024-03-22 13:00:00,2024-09-16 12:00:00
431,Ellie,Johnson,F,2009-04-27,9,Inactive,120,2024-03-24 15:00:00,2024-07-14 12:00:00
432,Ethan,Nguyen,M,2007-05-14,12,Inactive,120,2024-03-28 18:00:00,2024-11-23 12:00:00
433,Riley,Robinson,F,2011-12-23,7,Inactive,120,2024-03-30 13:00:00,2024-08-10 12:00:00
434,Sebastian,Campbell,M,2007-02-22,11,Inactive,120,2024-04-01 14:00:00,2024-06-10 12:00:00
435,Mia,Brown,F,2009-09-24,11,Inactive,120,2024-04-07 13:00:00,2025-10-13 12:00:00
436,Ethan,Thomas,M,2012-10-02,6,Inactive,120,2024-04-09 15:00:00,2024-04-23 12:00:00
437,Brooklyn,Hill,F,2007-01-19,11,Inactive,120,2024-04-10 14:00:00,2024-08-21 12:00:00
438,Levi,Wright,M,2007-08-18,12,Inactive,120,2024-04-13 16:00:00,2025-03-17 12:00:00
439,Stella,Hill,F,2008-09-28,11,Inactive,120,2024-04-14 13:00:00,2025-09-13 12:00:00
440,Avery,Garcia,F,2008-03-15,10,Inactive,120,2024-04-15 17:00:00,2024-07-08 12:00:00
441,Skylar,White,F,2009-09-13,10,Inactive,120,2024-04-18 17:00:00,2025-03-20 12:00:00
442,Sofia,Taylor,F,2009-11-08,12,Inactive,120,2024-04-21 18:00:00,2025-11-09 12:00:00
443,James,Campbell,M,2007-02-02,11,Inactive,120,2024-04-29 13:00:00,2024-09-09 12:00:00
444,Violet,Hall,F,2012-09-12,6,Inactive,120,2024-04-30 13:00:00,2024-09-10 12:00:00
445,Michael,Adams,M,2011-07-07,10,Inactive,120,2024-05-01 15:00:00,2025-12-05 12:00:00
446,Amelia,King,F,2008-08-10,10,Inactive,120,2024-05-02 18:00:00,2024-05-23 12:00:00
447,Levi,Martinez,M,2008-08-23,10,Inactive,120,2024-05-06 17:00:00,2024-09-16 12:00:00
448,Riley,Robinson,F,2007-08-06,12,Inactive,120,2024-05-08 13:00:00,2024-10-15 12:00:00
449,Scarlet,Campbell,F,2012-05-09,7,Inactive,120,2024-05-11 16:00:00,2024-10-19 12:00:00
450,Nora,Green,F,2009-01-19,9,Inactive,120,2024-05-12 17:00:00,2024-09-22 12:00:00
451,Skylar,Martinez,F,2009-12-26,10,Inactive,120,2024-05-14 16:00:00,2025-12-02 12:00:00
452,Riley,Clark,F,2008-02-12,10,Inactive,120,2024-05-20 17:00:00,2024-05-27 12:00:00
453,David,King,M,2011-04-22,9,Inactive,120,2024-05-21 16:00:00,2025-10-15 12:00:00
454,Chloe,Scott,F,2007-06-09,11,Inactive,120,2024-05-26 16:00:00,2024-10-06 12:00:00
455,Samuel,Carter,M,2008-11-22,11,Inactive,120,2024-05-27 14:00:00,2025-11-06 12:00:00
456,Claire,Perez,F,2011-07-22,10,Active,120,2024-05-28 13:00:00,2025-10-13 12:00:00
457,Ellie,Martinez,F,2007-06-19,12,Inactive,120,2024-05-29 17:00:00,2024-10-15 12:00:00
458,Hazel,Hall,F,2007-12-16,12,Inactive,120,2024-06-06 15:00:00,2025-03-21 12:00:00
459,Hazel,Adams,F,2008-04-18,12,Inactive,120,2024-06-07 16:00:00,2025-10-28 12:00:00
460,Grayson,Perez,M,2009-12-08,9,Inactive,120,2024-06-09 18:00:00,2024-10-20 12:00:00
461,Genesis,Garcia,F,2008-08-08,12,Inactive,120,2024-06-12 17:00:00,2025-02-08 12:00:00
462,Amelia,Johnson,F,2011-10-01,10,Inactive,120,2024-06-13 16:00:00,2025-11-26 12:00:00
463,Mia,Sanchez,F,2007-06-16,12,Inactive,120,2024-06-17 16:00:00,2024-10-12 12:00:00
464,Hudson,Jones,M,2008-10-23,11,Inactive,120,2024-06-20 13:00:00,2024-10-31 12:00:00
465,Caroline,Martinez,F,2009-10-22,11,Inactive,120,2024-06-22 18:00:00,2025-09-30 12:00:00
466,Ellie,Anderson,F,2009-09-19,10,Inactive,120,2024-06-24 17:00:00,2025-02-11 12:00:00
467,Zoey,Wright,F,2009-01-10,9,Inactive,120,2024-06-27 13:00:00,2024-11-07 12:00:00
468,Anna,King,F,2007-04-28,12,Inactive,120,2024-06-28 15:00:00,2024-10-30 12:00:00
469,Michael,Baker,M,2008-05-15,10,Inactive,120,2024-06-30 17:00:00,2024-11-10 12:00:00
470,Caroline,Scott,F,2007-12-04,12,Inactive,120,2024-07-02 14:00:00,2025-01-25 12:00:00
471,Harper,Ramirez,F,2008-09-07,10,Inactive,120,2024-07-03 13:00:00,2024-07-10 12:00:00
472,Scarlett,Flores,F,2008-04-15,11,Inactive,120,2024-07-04 13:00:00,2025-09-15 12:00:00
473,Riley,Lewis,F,2007-07-24,11,Inactive,120,2024-07-08 17:00:00,2024-11-18 12:00:00
474,Lucy,Campbell,F,2011-03-13,7,Inactive,120,2024-07-09 15:00:00,2024-07-16 12:00:00
475,Lucas,Jones,M,2009-08-06,10,Inactive,120,2024-07-10 15:00:00,2025-11-23 12:00:00
476,Ezra,Nguyen,M,2009-03-14,12,Inactive,120,2024-07-13 16:00:00,2025-11-13 12:00:00
477,Zoey,Thompson,F,2008-10-11,10,Inactive,120,2024-07-14 17:00:00,2024-11-24 12:00:00
478,Anna,Lopez,F,2012-03-08,9,Active,120,2024-07-18 15:00:00,2025-10-13 12:00:00
479,Maya,Anderson,F,2012-09-16,6,Inactive,120,2024-07-26 16:00:00,2024-12-06 12:00:00
480,Logan,Young,M,2012-06-09,7,Inactive,120,2024-07-27 13:00:00,2024-09-17 12:00:00
481,Samantha,Mitchell,F,2007-10-03,12,Inactive,120,2024-07-28 13:00:00,2024-09-10 12:00:00
482,Anthony,Miller,M,2009-03-13,9,Inactive,120,2024-07-29 13:00:00,2024-08-05 12:00:00
483,Genesis,Roberts,F,2011-01-03,7,Inactive,120,2024-07-31 15:00:00,2024-12-11 12:00:00
484,Victoria,Martin,F,2009-10-22,10,Inactive,120,2024-08-01 14:00:00,2024-10-30 12:00:00
485,Aiden,Taylor,M,2009-03-18,9,Inactive,120,2024-08-02 16:00:00,2024-12-13 12:00:00
486,Isabella,Wright,F,2007-12-06,12,Inactive,120,2024-08-04 15:00:00,2024-09-26 12:00:00
487,Owen,Nelson,M,2008-06-28,10,Inactive,120,2024-08-07 14:00:00,2024-12-18 12:00:00
488,Jackson,Walker,M,2008-02-21,11,Inactive,120,2024-08-08 15:00:00,2025-03-14 12:00:00
489,Kennedy,Hernandez,F,2012-01-10,6,Inactive,120,2024-08-12 14:00:00,2024-12-23 12:00:00
490,Genesis,Robinson,F,2009-08-17,9,Inactive,120,2024-08-15 14:00:00,2024-12-26 12:00:00
491,Nova,Davis,F,2011-05-06,7,Inactive,120,2024-08-22 14:00:00,2025-01-02 12:00:00
492,Nova,Gonzalez,F,2009-03-04,12,Inactive,120,2024-08-23 15:00:00,2025-11-27 12:00:00
493,Aubrey,Miller,F,2008-07-01,10,Inactive,120,2024-08-25 13:00:00,2025-01-05 12:00:00
494,Amelia,Walker,F,2009-07-13,9,Inactive,120,2024-08-26 18:00:00,2025-01-06 12:00:00
495,Maverick,Lee,M,2011-01-06,9,Inactive,120,2024-08-28 15:00:00,2025-10-12 12:00:00
496,Leo,Davis,M,2007-07-24,11,Inactive,120,2024-08-29 17:00:00,2025-01-09 12:00:00
497,Anna,Wilson,F,2008-11-01,11,Inactive,120,2024-08-30 13:00:00,2025-09-13 12:00:00
498,Aurora,Martinez,F,2008-04-05,10,Inactive,120,2024-09-03 13:00:00,2024-09-10 12:00:00
499,Lucy,Nelson,F,2009-03-13,11,Inactive,120,2024-09-04 17:00:00,2025-10-04 12:00:00
500,Chloe,Hall,F,2008-02-03,12,Inactive,120,2024-09-05 14:00:00,2024-11-27 12:00:00
501,Emily,Young,F,2007-02-27,12,Inactive,120,2024-09-06 17:00:00,2024-11-10 12:00:00
502,Aiden,Martinez,M,2011-12-05,9,Inactive,120,2024-09-09 17:00:00,2025-10-26 12:00:00
503,Anna,Williams,F,2008-10-05,12,Inactive,120,2024-09-10 17:00:00,2024-12-01 12:00:00
504,Scarlet,Jones,F,2008-09-27,12,Active,120,2024-09-11 17:00:00,2025-11-18 12:00:00
505,Elijah,Wilson,M,2011-07-13,7,Inactive,120,2024-09-12 16:00:00,2025-01-23 12:00:00
506,Olivia,Hernandez,F,2012-09-02,8,Inactive,120,2024-09-13 14:00:00,2025-11-28 12:00:00
507,Abigail,Clark,F,2011-04-12,9,Inactive,120,2024-09-14 14:00:00,2025-09-30 12:00:00
508,Evelyn,White,F,2008-03-05,12,Inactive,120,2024-09-15 13:00:00,2025-11-06 12:00:00
509,Chloe,Rodriguez,F,2007-03-11,12,Inactive,120,2024-09-16 14:00:00,2024-10-01 12:00:00
510,Nora,Young,F,2008-12-08,10,Inactive,120,2024-09-17 16:00:00,2025-01-28 12:00:00
511,Claire,Thompson,F,2009-11-01,9,Inactive,120,2024-09-18 16:00:00,2025-01-29 12:00:00
512,Caroline,Thompson,F,2011-12-25,9,Active,120,2024-09-19 16:00:00,2025-11-22 12:00:00
513,Noah,Lee,M,2008-02-02,11,Inactive,120,2024-09-20 17:00:00,2024-10-20 12:00:00
514,Emma,Brown,F,2008-05-22,10,Inactive,120,2024-09-21 18:00:00,2025-02-01 12:00:00
515,Sofia,Miller,F,2011-06-24,7,Inactive,120,2024-09-22 18:00:00,2025-02-02 12:00:00
516,Jackson,Williams,M,2008-04-05,12,Inactive,120,2024-09-23 18:00:00,2025-10-24 12:00:00
517,Wyatt,Garcia,M,2009-03-06,9,Inactive,120,2024-09-24 17:00:00,2024-10-01 12:00:00
518,Skylar,Jackson,F,2007-04-12,12,Inactive,120,2024-09-25 16:00:00,2025-09-18 12:00:00
519,Jacob,Thomas,M,2009-08-04,11,Inactive,120,2024-09-26 17:00:00,2025-12-05 12:00:00
520,Aria,Smith,F,2011-03-22,8,Inactive,120,2024-09-28 16:00:00,2025-10-10 12:00:00
521,Mason,Hill,M,2009-12-03,9,Inactive,120,2024-09-29 16:00:00,2025-02-09 12:00:00
522,Caroline,Nelson,F,2009-07-11,11,Inactive,120,2024-09-30 13:00:00,2025-03-25 12:00:00
523,Isabella,Smith,F,2009-01-23,9,Inactive,120,2024-10-01 17:00:00,2024-10-08 12:00:00
524,Dylan,Johnson,M,2008-10-24,12,Inactive,120,2024-10-02 13:00:00,2025-11-10 12:00:00
525,Violet,Campbell,F,2009-04-26,9,Inactive,120,2024-10-03 15:00:00,2025-02-13 12:00:00
526,Grace,Perez,F,2007-07-19,12,Inactive,120,2024-10-04 14:00:00,2025-03-25 12:00:00
527,Wyatt,Wright,M,2007-03-06,11,Inactive,120,2024-10-05 14:00:00,2025-02-15 12:00:00
528,Elijah,Lopez,M,2009-05-26,11,Inactive,120,2024-10-06 13:00:00,2024-11-06 12:00:00
529,Leo,Walker,M,2009-11-04,10,Inactive,120,2024-10-07 18:00:00,2025-12-03 12:00:00
530,Hudson,Hall,M,2009-05-05,12,Active,120,2024-10-08 17:00:00,2025-10-29 12:00:00
531,Ella,Brown,F,2007-03-14,12,Inactive,120,2024-10-09 17:00:00,2024-11-13 12:00:00
532,Violet,Hill,F,2007-06-09,12,Inactive,120,2024-10-10 14:00:00,2025-09-22 12:00:00
533,Michael,Smith,M,2011-09-15,7,Inactive,120,2024-10-11 13:00:00,2025-02-21 12:00:00
534,Emilia,Clark,F,2009-06-14,9,Inactive,120,2024-10-12 14:00:00,2024-10-19 12:00:00
535,Brooklyn,Hill,F,2012-05-22,6,Inactive,120,2024-10-13 14:00:00,2024-10-20 12:00:00
536,Riley,Martinez,F,2008-11-08,10,Inactive,120,2024-10-15 17:00:00,2025-02-25 12:00:00
537,Stella,Flores,F,2007-06-17,11,Inactive,120,2024-10-16 14:00:00,2025-02-26 12:00:00
538,Sebastian,Jones,M,2012-11-28,8,Inactive,120,2024-10-17 13:00:00,2025-10-27 12:00:00
539,Nova,Robinson,F,2011-04-16,8,Inactive,120,2024-10-19 14:00:00,2025-09-26 12:00:00
540,Lucy,Nguyen,F,2007-07-14,11,Inactive,120,2024-10-20 14:00:00,2025-03-02 12:00:00
541,Liam,Wilson,M,2011-05-09,7,Inactive,120,2024-10-21 16:00:00,2025-03-03 12:00:00
542,Aurora,Robinson,F,2011-04-10,8,Inactive,120,2024-10-23 15:00:00,2025-10-06 12:00:00
543,Evelyn,Lopez,F,2007-05-28,12,Inactive,120,2024-10-25 17:00:00,2025-11-07 12:00:00
544,Emilia,Lewis,F,2009-11-10,10,Inactive,120,2024-10-26 18:00:00,2025-10-21 12:00:00
545,Joseph,Hernandez,M,2012-09-08,7,Inactive,120,2024-10-28 16:00:00,2025-10-19 12:00:00
546,Victoria,Hill,F,2008-01-26,11,Inactive,120,2024-11-01 17:00:00,2025-09-12 12:00:00
547,Samantha,Moore,F,2009-09-05,9,Inactive,120,2024-11-03 17:00:00,2025-03-16 12:00:00
548,Lincoln,Moore,M,2008-06-23,10,Inactive,120,2024-11-04 15:00:00,2025-03-17 12:00:00
549,Wyatt,Miller,M,2008-08-13,10,Inactive,120,2024-11-04 18:00:00,2024-11-11 12:00:00
550,Lucy,Martin,F,2009-06-11,9,Inactive,120,2024-11-05 15:00:00,2025-03-18 12:00:00
551,Maya,Johnson,F,2008-02-07,10,Inactive,120,2024-11-05 17:00:00,2024-11-12 12:00:00
552,Violet,Baker,F,2008-05-22,10,Inactive,120,2024-11-06 15:00:00,2025-03-19 12:00:00
553,Ezra,Gonzalez,M,2008-02-07,10,Inactive,120,2024-11-07 13:00:00,2024-11-14 12:00:00
554,Amelia,King,F,2007-12-25,11,Inactive,120,2024-11-08 17:00:00,2025-03-21 12:00:00
555,Chloe,Anderson,F,2011-04-02,9,Inactive,120,2024-11-08 17:00:00,2025-10-20 12:00:00
556,Logan,Hall,M,2008-10-09,11,Inactive,120,2024-11-09 16:00:00,2025-10-25 12:00:00
557,Abigail,Walker,F,2012-05-13,6,Inactive,120,2024-11-09 13:00:00,2025-03-22 12:00:00
558,Aria,Nguyen,F,2012-05-13,6,Inactive,120,2024-11-10 18:00:00,2025-03-23 12:00:00
559,Lily,Rodriguez,F,2012-11-01,7,Inactive,120,2024-11-11 18:00:00,2024-12-05 12:00:00
560,Skylar,Martin,F,2007-04-21,11,Inactive,120,2024-11-11 17:00:00,2025-03-24 12:00:00
561,Nova,White,F,2008-12-10,10,Inactive,120,2024-11-12 13:00:00,2025-03-25 12:00:00
562,Luke,Gonzalez,M,2009-08-25,9,Inactive,120,2024-11-12 15:00:00,2025-03-25 12:00:00
563,Sofia,Harris,F,2009-04-28,9,Inactive,120,2024-11-13 16:00:00,2025-03-26 12:00:00
564,Maverick,Jackson,M,2008-07-10,10,Inactive,120,2024-11-13 17:00:00,2024-11-20 12:00:00
565,Hannah,Jackson,F,2008-09-17,11,Inactive,120,2024-11-14 13:00:00,2025-10-23 12:00:00
566,Aurora,Green,F,2007-07-01,11,Inactive,120,2024-11-14 16:00:00,2024-11-28 12:00:00
567,Olivia,Sanchez,F,2012-06-12,6,Inactive,120,2024-11-17 15:00:00,2024-11-24 12:00:00
568,Ellie,Adams,F,2007-09-10,11,Inactive,120,2024-11-17 17:00:00,2025-03-30 12:00:00
569,Grayson,Harris,M,2009-11-11,10,Active,120,2024-11-18 13:00:00,2025-11-18 12:00:00
570,Lily,Martin,F,2008-06-12,10,Inactive,120,2024-11-19 13:00:00,2025-03-18 12:00:00
571,Abigail,Wright,F,2008-06-17,10,Inactive,120,2024-11-19 14:00:00,2025-04-01 12:00:00
572,James,Torres,M,2011-08-18,9,Active,120,2024-11-20 14:00:00,2025-11-01 12:00:00
573,Jacob,Torres,M,2007-10-12,12,Inactive,120,2024-11-21 16:00:00,2025-11-09 12:00:00
574,Grayson,Jackson,M,2008-10-03,10,Inactive,120,2024-11-22 15:00:00,2024-11-29 12:00:00
575,Thomas,Brown,M,2011-09-02,7,Inactive,120,2024-11-23 13:00:00,2025-04-05 12:00:00
576,Wyatt,Hall,M,2008-10-11,10,Inactive,120,2024-11-24 17:00:00,2025-04-06 12:00:00
577,Julian,Jones,M,2008-01-11,10,Inactive,120,2024-11-25 15:00:00,2025-04-07 12:00:00
578,Isaac,Martinez,M,2008-06-07,11,Inactive,120,2024-11-26 17:00:00,2025-10-21 12:00:00
579,Emily,Williams,F,2009-06-15,9,Inactive,120,2024-11-28 18:00:00,2024-12-05 12:00:00
580,Bella,Walker,F,2008-09-15,11,Inactive,120,2024-11-29 14:00:00,2025-10-15 12:00:00
581,Benjamin,Jones,M,2009-07-11,10,Inactive,120,2024-12-04 15:00:00,2025-10-17 12:00:00
582,Chloe,Young,F,2009-10-19,10,Active,120,2024-12-07 18:00:00,2025-10-13 12:00:00
583,Lucy,Green,F,2008-11-01,11,Inactive,120,2024-12-07 17:00:00,2025-09-16 12:00:00
584,Isabella,Flores,F,2007-03-22,11,Inactive,120,2024-12-09 14:00:00,2024-12-16 12:00:00
585,Isaac,Anderson,M,2007-07-28,11,Inactive,120,2024-12-10 18:00:00,2025-04-22 12:00:00
586,Carter,Walker,M,2007-01-27,12,Inactive,120,2024-12-10 18:00:00,2025-10-18 12:00:00
587,Victoria,Johnson,F,2009-02-02,9,Inactive,120,2024-12-11 18:00:00,2025-04-23 12:00:00
588,Anna,Garcia,F,2011-10-16,8,Inactive,120,2024-12-12 17:00:00,2025-11-21 12:00:00
589,Jacob,Gonzalez,M,2008-07-27,10,Inactive,120,2024-12-12 16:00:00,2025-04-24 12:00:00
590,Hannah,Wilson,F,2008-06-10,11,Inactive,120,2024-12-14 16:00:00,2025-12-01 12:00:00
591,Maya,Baker,F,2011-03-04,7,Inactive,120,2024-12-14 16:00:00,2025-04-26 12:00:00
592,Aria,Anderson,F,2012-09-02,6,Inactive,120,2024-12-15 13:00:00,2024-12-22 12:00:00
593,Joseph,Miller,M,2007-12-25,11,Inactive,120,2024-12-17 14:00:00,2024-12-24 12:00:00
594,Aurora,Thomas,F,2008-03-12,10,Inactive,120,2024-12-17 15:00:00,2025-04-29 12:00:00
595,Henry,Hall,M,2007-12-28,12,Active,120,2024-12-19 15:00:00,2025-10-31 12:00:00
596,Willow,Clark,F,2008-11-28,10,Inactive,120,2024-12-19 13:00:00,2025-05-01 12:00:00
597,Thomas,Rodriguez,M,2011-10-11,7,Inactive,120,2024-12-20 17:00:00,2024-12-27 12:00:00
598,Luke,Adams,M,2007-09-06,11,Inactive,120,2024-12-23 18:00:00,2025-05-05 12:00:00
599,Zoey,Wright,F,2009-01-01,9,Inactive,120,2024-12-26 14:00:00,2025-06-26 12:00:00
600,Isaac,Ramirez,M,2008-05-04,11,Active,120,2024-12-27 13:00:00,2025-11-07 12:00:00
601,Anthony,Young,M,2007-10-03,12,Inactive,120,2024-12-28 18:00:00,2025-11-18 12:00:00
602,Isabella,Baker,F,2009-05-07,11,Active,120,2024-12-29 16:00:00,2025-09-23 12:00:00
603,Scarlett,Brown,F,2008-11-28,11,Inactive,120,2024-12-30 13:00:00,2025-10-05 12:00:00
604,Leo,Brown,M,2012-03-14,6,Inactive,120,2024-12-30 17:00:00,2025-05-12 12:00:00
605,Avery,Nguyen,F,2008-12-22,10,Inactive,120,2024-12-31 18:00:00,2025-05-13 12:00:00
606,Brooklyn,Baker,F,2008-05-09,12,Inactive,120,2025-01-04 18:00:00,2025-11-17 12:00:00
607,Victoria,Sanchez,F,2008-05-10,11,Inactive,120,2025-01-04 17:00:00,2025-05-17 12:00:00
608,Aurora,Lopez,F,2013-10-02,6,Inactive,120,2025-01-05 13:00:00,2025-05-18 12:00:00
609,Hudson,Martin,M,2008-09-24,11,Inactive,120,2025-01-05 18:00:00,2025-05-18 12:00:00
610,Brooklyn,Garcia,F,2008-04-25,12,Inactive,120,2025-01-06 18:00:00,2025-09-14 12:00:00
611,Victoria,Lee,F,2013-06-12,6,Inactive,120,2025-01-06 14:00:00,2025-05-19 12:00:00
612,Ella,Smith,F,2012-05-12,7,Inactive,120,2025-01-10 18:00:00,2025-07-04 12:00:00
613,Avery,Taylor,F,2013-06-24,6,Inactive,120,2025-01-12 15:00:00,2025-02-16 12:00:00
614,Penelope,Smith,F,2010-10-26,12,Inactive,120,2025-01-15 18:00:00,2025-10-31 12:00:00
615,Elizabeth,Hernandez,F,2008-04-12,12,Active,120,2025-01-18 15:00:00,2025-09-07 12:00:00
616,Penelope,Brown,F,2010-04-25,11,Inactive,120,2025-01-19 18:00:00,2025-11-29 12:00:00
617,Jacob,Jones,M,2010-03-20,9,Inactive,120,2025-01-19 13:00:00,2025-06-22 12:00:00
618,Grace,Torres,F,2013-09-25,7,Inactive,120,2025-01-20 14:00:00,2025-10-31 12:00:00
619,Ellie,Miller,F,2009-04-25,10,Inactive,120,2025-01-20 17:00:00,2025-06-02 12:00:00
620,Zoey,Lopez,F,2009-09-16,10,Inactive,120,2025-01-21 14:00:00,2025-06-03 12:00:00
621,Luca,Ramirez,M,2009-03-04,11,Active,120,2025-01-21 13:00:00,2025-10-29 12:00:00
622,Aubrey,Davis,F,2008-10-15,11,Inactive,120,2025-01-22 16:00:00,2025-02-26 12:00:00
623,Leah,Moore,F,2009-12-04,10,Inactive,120,2025-01-22 16:00:00,2025-05-14 12:00:00
624,Emily,Nelson,F,2010-10-16,9,Inactive,120,2025-01-23 14:00:00,2025-03-06 12:00:00
625,Josiah,Garcia,M,2012-06-22,7,Inactive,120,2025-01-23 13:00:00,2025-06-05 12:00:00
626,Leah,White,F,2010-04-09,9,Inactive,120,2025-01-26 13:00:00,2025-06-08 12:00:00
627,Grace,Garcia,F,2010-07-24,11,Inactive,120,2025-01-27 15:00:00,2025-11-06 12:00:00
628,Lily,Green,F,2010-02-13,9,Inactive,120,2025-01-27 14:00:00,2025-06-09 12:00:00
629,Kennedy,Martin,F,2008-05-16,11,Inactive,120,2025-01-28 18:00:00,2025-06-10 12:00:00
630,Owen,Ramirez,M,2008-01-22,12,Inactive,120,2025-01-28 17:00:00,2025-11-30 12:00:00
631,Elizabeth,Thomas,F,2008-09-22,11,Inactive,120,2025-01-29 14:00:00,2025-06-11 12:00:00
632,Emma,Smith,F,2009-10-18,10,Inactive,120,2025-01-29 13:00:00,2025-06-11 12:00:00
633,Abigail,Hill,F,2012-05-13,8,Inactive,120,2025-01-30 17:00:00,2025-10-22 12:00:00
634,Elias,Harris,M,2012-03-15,7,Inactive,120,2025-01-30 14:00:00,2025-04-03 12:00:00
635,Olivia,Torres,F,2009-11-18,10,Inactive,120,2025-01-31 13:00:00,2025-06-13 12:00:00
636,Daniel,Thompson,M,2009-12-24,12,Inactive,120,2025-01-31 15:00:00,2025-10-05 12:00:00
637,Lincoln,Jones,M,2010-03-15,10,Inactive,120,2025-02-01 13:00:00,2025-09-15 12:00:00
638,Skylar,Flores,F,2008-03-03,12,Inactive,120,2025-02-01 14:00:00,2025-10-27 12:00:00
639,Oliver,Hall,M,2008-06-09,11,Inactive,120,2025-02-02 13:00:00,2025-06-15 12:00:00
640,Samuel,Perez,M,2013-05-19,6,Inactive,120,2025-02-05 15:00:00,2025-06-11 12:00:00
641,Charles,Brown,M,2012-10-24,7,Inactive,120,2025-02-08 15:00:00,2025-06-28 12:00:00
642,Penelope,Clark,F,2010-06-25,10,Inactive,120,2025-02-08 15:00:00,2025-09-13 12:00:00
643,Lincoln,Lewis,M,2012-02-02,7,Inactive,120,2025-02-11 14:00:00,2025-04-15 12:00:00
644,Hazel,Davis,F,2010-07-23,9,Inactive,120,2025-02-13 16:00:00,2025-03-20 12:00:00
645,Anthony,Miller,M,2013-01-28,6,Inactive,120,2025-02-14 16:00:00,2025-06-27 12:00:00
646,Dylan,Jones,M,2008-03-28,11,Inactive,120,2025-02-14 18:00:00,2025-06-27 12:00:00
647,Isabella,Taylor,F,2010-03-16,9,Inactive,120,2025-02-15 16:00:00,2025-06-28 12:00:00
648,Thomas,Scott,M,2010-04-07,10,Inactive,120,2025-02-15 17:00:00,2025-10-25 12:00:00
649,Anna,Ramirez,F,2008-01-22,12,Inactive,120,2025-02-16 18:00:00,2025-09-12 12:00:00
650,Nora,Williams,F,2010-05-25,11,Inactive,120,2025-02-16 15:00:00,2025-11-03 12:00:00
651,Leah,Martin,F,2008-06-02,11,Inactive,120,2025-02-20 16:00:00,2025-06-05 12:00:00
652,Lily,Anderson,F,2009-04-28,12,Inactive,120,2025-02-24 17:00:00,2025-11-07 12:00:00
653,Mason,White,M,2009-09-21,10,Inactive,120,2025-02-24 13:00:00,2025-03-24 12:00:00
654,James,Mitchell,M,2013-11-28,6,Inactive,120,2025-02-25 13:00:00,2025-06-24 12:00:00
655,Olivia,Wilson,F,2009-07-28,12,Active,120,2025-02-27 15:00:00,2025-09-12 12:00:00
656,Matthew,Lee,M,2009-07-28,10,Inactive,120,2025-02-27 14:00:00,2025-07-03 12:00:00
657,Benjamin,Baker,M,2010-08-09,10,Inactive,120,2025-02-28 17:00:00,2025-10-31 12:00:00
658,Zoey,Rodriguez,F,2008-01-16,12,Active,120,2025-03-02 18:00:00,2025-09-01 12:00:00
659,Abigail,Thomas,F,2009-07-20,11,Active,120,2025-03-04 15:00:00,2025-09-17 12:00:00
660,Charles,Smith,M,2008-07-18,11,Inactive,120,2025-03-05 13:00:00,2025-06-18 12:00:00
661,Michael,Garcia,M,2013-12-15,7,Active,120,2025-03-07 13:00:00,2025-10-07 12:00:00
662,Lucas,Torres,M,2009-12-02,12,Inactive,120,2025-03-07 14:00:00,2025-10-28 12:00:00
663,Samantha,Jackson,F,2009-01-23,11,Active,120,2025-03-08 14:00:00,2025-09-30 12:00:00
664,Levi,Thompson,M,2010-03-02,9,Inactive,120,2025-03-09 14:00:00,2025-06-29 12:00:00
665,Stella,Clark,F,2009-04-06,10,Inactive,120,2025-03-09 16:00:00,2025-07-20 12:00:00
666,Jack,Green,M,2009-12-08,11,Inactive,120,2025-03-10 14:00:00,2025-12-01 12:00:00
667,Paisley,King,F,2009-02-06,11,Inactive,120,2025-03-10 16:00:00,2025-10-02 12:00:00
668,Leo,King,M,2009-04-09,10,Inactive,120,2025-03-11 15:00:00,2025-07-22 12:00:00
669,Scarlet,Jackson,F,2009-01-05,10,Inactive,120,2025-03-13 15:00:00,2025-06-19 12:00:00
670,Grayson,Nelson,M,2009-06-25,10,Inactive,120,2025-03-14 13:00:00,2025-07-25 12:00:00
671,Bella,Martin,F,2008-03-05,11,Inactive,120,2025-03-14 14:00:00,2025-06-27 12:00:00
672,Aurora,Wright,F,2010-08-05,9,Inactive,120,2025-03-15 16:00:00,2025-06-21 12:00:00
673,Amelia,Jackson,F,2008-08-01,12,Active,120,2025-03-16 15:00:00,2025-11-02 12:00:00
674,Paisley,Adams,F,2009-04-04,10,Inactive,120,2025-03-16 17:00:00,2025-07-27 12:00:00
675,Jacob,Wright,M,2010-01-22,9,Inactive,120,2025-03-23 13:00:00,2025-05-11 12:00:00
676,Jack,King,M,2009-12-23,12,Inactive,120,2025-03-23 16:00:00,2025-11-24 12:00:00
677,John,Jones,M,2010-03-14,9,Inactive,120,2025-03-26 18:00:00,2025-07-02 12:00:00
678,Hazel,Walker,F,2012-04-19,9,Active,120,2025-03-26 18:00:00,2025-10-31 12:00:00
679,Anna,Hernandez,F,2013-03-15,6,Inactive,120,2025-03-27 17:00:00,2025-08-07 12:00:00
680,Dylan,Lewis,M,2009-11-08,10,Inactive,120,2025-03-31 18:00:00,2025-06-02 12:00:00
681,Theodore,Miller,M,2010-09-21,9,Inactive,120,2025-04-01 17:00:00,2025-08-12 12:00:00
682,Aubrey,Perez,F,2010-04-02,9,Inactive,120,2025-04-01 16:00:00,2025-06-03 12:00:00
683,Kennedy,Young,F,2012-07-14,8,Inactive,120,2025-04-02 17:00:00,2025-11-18 12:00:00
684,Aria,Jackson,F,2013-04-01,9,Inactive,120,2025-04-04 16:00:00,2025-09-27 12:00:00
685,Anthony,Robinson,M,2010-05-03,10,Inactive,120,2025-04-04 13:00:00,2025-10-28 12:00:00
686,Savannah,Garcia,F,2010-07-27,10,Inactive,120,2025-04-05 14:00:00,2025-10-21 12:00:00
687,Josiah,Wright,M,2010-06-15,11,Inactive,120,2025-04-06 15:00:00,2025-09-30 12:00:00
688,Elizabeth,Flores,F,2008-05-17,12,Inactive,120,2025-04-06 15:00:00,2025-10-19 12:00:00
689,Lucas,Ramirez,M,2009-08-18,11,Active,120,2025-04-08 15:00:00,2025-09-04 12:00:00
690,Jayden,Adams,M,2010-08-20,11,Inactive,120,2025-04-08 14:00:00,2025-10-04 12:00:00
691,Aiden,Jones,M,2008-09-16,11,Inactive,120,2025-04-10 16:00:00,2025-08-21 12:00:00
692,Leo,White,M,2009-09-28,10,Inactive,120,2025-04-10 13:00:00,2025-08-21 12:00:00
693,Liam,Gonzalez,M,2010-09-19,9,Inactive,120,2025-04-12 17:00:00,2025-08-23 12:00:00
694,Emma,Allen,F,2010-10-05,10,Active,120,2025-04-12 14:00:00,2025-11-08 12:00:00
695,Grace,Ramirez,F,2008-09-26,11,Inactive,120,2025-04-14 18:00:00,2025-08-25 12:00:00
696,David,Gonzalez,M,2010-01-08,9,Inactive,120,2025-04-14 16:00:00,2025-08-25 12:00:00
697,Penelope,Walker,F,2013-05-01,6,Inactive,120,2025-04-15 17:00:00,2025-05-27 12:00:00
698,Dylan,Brown,M,2010-03-18,10,Inactive,120,2025-04-16 13:00:00,2025-11-28 12:00:00
699,Lincoln,Garcia,M,2009-04-12,10,Inactive,120,2025-04-16 17:00:00,2025-05-28 12:00:00
700,Josiah,Gonzalez,M,2010-08-19,10,Active,120,2025-04-20 17:00:00,2025-11-07 12:00:00
701,Harper,Davis,F,2008-10-10,12,Inactive,120,2025-04-20 18:00:00,2025-11-13 12:00:00
702,Sofia,Perez,F,2010-09-15,10,Active,120,2025-04-21 16:00:00,2025-11-01 12:00:00
703,Anthony,Anderson,M,2013-05-09,6,Inactive,120,2025-04-22 17:00:00,2025-06-17 12:00:00
704,Caroline,Lopez,F,2010-09-14,9,Inactive,120,2025-04-25 16:00:00,2025-09-05 12:00:00
705,Stella,Lopez,F,2008-12-04,11,Inactive,120,2025-04-27 18:00:00,2025-05-18 12:00:00
706,Anna,Baker,F,2008-12-20,12,Inactive,120,2025-04-27 15:00:00,2025-11-29 12:00:00
707,Anna,Gonzalez,F,2009-01-20,11,Inactive,120,2025-04-28 18:00:00,2025-12-07 12:00:00
708,Jackson,Nelson,M,2009-12-04,10,Inactive,120,2025-04-28 14:00:00,2025-08-04 12:00:00
709,Aurora,White,F,2008-09-16,12,Inactive,120,2025-04-29 18:00:00,2025-10-16 12:00:00
710,Lily,Lewis,F,2008-07-21,11,Inactive,120,2025-04-29 18:00:00,2025-05-13 12:00:00
711,Lucas,Flores,M,2013-05-05,6,Inactive,120,2025-05-01 17:00:00,2025-09-11 12:00:00
712,Aubrey,Green,F,2013-01-14,8,Inactive,120,2025-05-01 15:00:00,2025-11-26 12:00:00
713,Evelyn,Lopez,F,2008-02-26,12,Active,120,2025-05-06 13:00:00,2025-11-06 12:00:00
714,Savannah,Smith,F,2008-12-20,12,Inactive,120,2025-05-06 14:00:00,2025-09-15 12:00:00
715,Joseph,Davis,M,2009-08-25,11,Inactive,120,2025-05-07 16:00:00,2025-09-15 12:00:00
716,Scarlet,Mitchell,F,2012-07-27,8,Inactive,120,2025-05-07 16:00:00,2025-09-21 12:00:00
717,Ethan,Thomas,M,2008-03-13,12,Inactive,120,2025-05-10 13:00:00,2025-10-13 12:00:00
718,Jacob,Gonzalez,M,2010-12-15,12,Inactive,120,2025-05-10 15:00:00,2025-12-05 12:00:00
719,Ellie,Young,F,2009-03-19,10,Inactive,120,2025-05-11 13:00:00,2025-09-21 12:00:00
720,Aria,Adams,F,2013-03-11,6,Inactive,120,2025-05-11 18:00:00,2025-05-18 12:00:00
721,Lily,Smith,F,2010-06-25,9,Inactive,120,2025-05-12 14:00:00,2025-07-07 12:00:00
722,Kennedy,Robinson,F,2008-07-25,11,Inactive,120,2025-05-12 15:00:00,2025-09-22 12:00:00
723,David,Smith,M,2010-08-27,9,Inactive,120,2025-05-13 16:00:00,2025-09-23 12:00:00
724,Ava,Jackson,F,2008-04-17,11,Inactive,120,2025-05-14 15:00:00,2025-05-21 12:00:00
725,Chloe,Smith,F,2012-11-26,7,Inactive,120,2025-05-14 13:00:00,2025-09-24 12:00:00
726,Genesis,Smith,F,2008-12-03,12,Inactive,120,2025-05-15 15:00:00,2025-10-03 12:00:00
727,Paisley,Garcia,F,2008-09-19,11,Inactive,120,2025-05-15 14:00:00,2025-09-25 12:00:00
728,Victoria,Hernandez,F,2008-12-27,12,Active,120,2025-05-17 18:00:00,2025-11-05 12:00:00
729,Elias,Harris,M,2009-03-03,11,Active,120,2025-05-17 17:00:00,2025-11-11 12:00:00
730,Mason,Allen,M,2013-11-14,7,Inactive,120,2025-05-20 17:00:00,2025-09-23 12:00:00
731,Aubrey,Ramirez,F,2008-04-24,11,Inactive,120,2025-05-21 17:00:00,2025-10-01 12:00:00
732,Benjamin,Moore,M,2008-10-21,12,Inactive,120,2025-05-22 16:00:00,2025-09-11 12:00:00
733,Maya,Sanchez,F,2008-05-10,12,Inactive,120,2025-05-24 13:00:00,2025-11-28 12:00:00
734,Aubrey,Martinez,F,2010-02-19,10,Inactive,120,2025-05-24 18:00:00,2025-11-15 12:00:00
735,Sofia,King,F,2013-11-19,7,Inactive,120,2025-05-25 14:00:00,2025-10-01 12:00:00
736,Liam,Campbell,M,2013-03-12,6,Inactive,120,2025-05-26 15:00:00,2025-06-30 12:00:00
737,Jack,Smith,M,2008-01-07,11,Inactive,120,2025-05-26 16:00:00,2025-10-06 12:00:00
738,Nova,Lewis,F,2013-04-28,6,Inactive,120,2025-05-27 13:00:00,2025-10-07 12:00:00
739,Lily,Baker,F,2008-10-09,12,Inactive,120,2025-05-27 13:00:00,2025-10-10 12:00:00
740,Lily,Wright,F,2010-07-18,11,Inactive,120,2025-05-29 17:00:00,2025-11-07 12:00:00
741,Theodore,Mitchell,M,2009-08-16,11,Inactive,120,2025-05-30 15:00:00,2025-09-13 12:00:00
742,Lucy,Martin,F,2009-05-21,10,Inactive,120,2025-05-30 18:00:00,2025-10-10 12:00:00
743,Ellie,Ramirez,F,2009-11-01,10,Inactive,120,2025-05-31 13:00:00,2025-10-11 12:00:00
744,Sophia,Lee,F,2008-05-28,12,Inactive,120,2025-05-31 16:00:00,2025-11-12 12:00:00
745,Daniel,Wright,M,2010-09-26,10,Inactive,120,2025-06-01 14:00:00,2025-10-11 12:00:00
746,Lincoln,Flores,M,2012-05-01,8,Inactive,120,2025-06-04 17:00:00,2025-10-01 12:00:00
747,Bella,Hall,F,2013-11-06,6,Inactive,120,2025-06-04 13:00:00,2025-10-15 12:00:00
748,Anna,Lee,F,2008-09-04,11,Inactive,120,2025-06-05 18:00:00,2025-10-16 12:00:00
749,Savannah,Miller,F,2008-01-03,11,Inactive,120,2025-06-05 18:00:00,2025-10-16 12:00:00
750,Leah,Martin,F,2010-11-22,9,Inactive,120,2025-06-06 16:00:00,2025-10-17 12:00:00
751,Penelope,Nelson,F,2008-12-18,12,Inactive,120,2025-06-06 18:00:00,2025-10-01 12:00:00
752,Avery,Martin,F,2008-10-05,12,Inactive,120,2025-06-07 14:00:00,2025-12-01 12:00:00
753,Daniel,Garcia,M,2012-06-22,7,Inactive,120,2025-06-07 17:00:00,2025-10-18 12:00:00
754,Riley,Ramirez,F,2010-05-12,9,Inactive,120,2025-06-09 16:00:00,2025-10-20 12:00:00
755,Leah,Scott,F,2013-03-04,7,Inactive,120,2025-06-11 14:00:00,2025-09-27 12:00:00
756,Aurora,Lopez,F,2008-12-17,12,Inactive,120,2025-06-11 13:00:00,2025-10-14 12:00:00
757,Maverick,Walker,M,2010-10-02,11,Inactive,120,2025-06-13 17:00:00,2025-09-30 12:00:00
758,Scarlet,Miller,F,2009-02-20,10,Inactive,120,2025-06-13 13:00:00,2025-10-24 12:00:00
759,Zoey,Jones,F,2008-04-04,11,Inactive,120,2025-06-14 16:00:00,2025-06-21 12:00:00
760,Nova,Carter,F,2010-10-20,10,Inactive,120,2025-06-17 16:00:00,2025-10-30 12:00:00
761,Penelope,Roberts,F,2010-05-25,11,Inactive,120,2025-06-19 14:00:00,2025-10-27 12:00:00
762,Zoey,Walker,F,2010-08-12,9,Inactive,120,2025-06-20 13:00:00,2025-10-31 12:00:00
763,Sophia,Young,F,2008-11-13,11,Inactive,120,2025-06-21 17:00:00,2025-11-01 12:00:00
764,Daniel,Jones,M,2012-01-22,7,Inactive,120,2025-06-22 15:00:00,2025-06-29 12:00:00
765,Abigail,Wilson,F,2013-12-20,6,Inactive,120,2025-06-23 14:00:00,2025-11-03 12:00:00
766,Harper,Baker,F,2008-10-18,12,Active,120,2025-06-23 17:00:00,2025-10-10 12:00:00
767,Jayden,Nguyen,M,2008-10-09,12,Inactive,120,2025-06-24 14:00:00,2025-12-03 12:00:00
768,Bella,Roberts,F,2009-05-17,11,Inactive,120,2025-06-24 16:00:00,2025-11-19 12:00:00
769,Willow,Ramirez,F,2010-08-26,9,Inactive,120,2025-06-25 17:00:00,2025-11-05 12:00:00
770,Zoey,Nelson,F,2010-11-02,9,Inactive,120,2025-06-25 18:00:00,2025-11-05 12:00:00
771,Olivia,Thomas,F,2010-04-21,9,Inactive,120,2025-06-26 17:00:00,2025-07-03 12:00:00
772,Josiah,Moore,M,2008-02-11,12,Inactive,120,2025-06-26 14:00:00,2025-09-12 12:00:00
773,Isabella,Hall,F,2008-03-16,11,Inactive,120,2025-06-27 14:00:00,2025-11-07 12:00:00
774,Mateo,Williams,M,2009-05-05,10,Inactive,120,2025-06-27 18:00:00,2025-07-04 12:00:00
775,Noah,Lee,M,2009-10-22,12,Inactive,120,2025-06-28 18:00:00,2025-12-05 12:00:00
776,Oliver,Gonzalez,M,2008-02-21,11,Inactive,120,2025-06-30 18:00:00,2025-07-07 12:00:00
777,Leah,Flores,F,2009-05-20,12,Inactive,120,2025-07-01 13:00:00,2025-11-23 12:00:00
778,Olivia,Moore,F,2009-11-07,11,Inactive,120,2025-07-01 13:00:00,2025-11-11 12:00:00
779,Theodore,Hernandez,M,2009-08-09,11,Inactive,120,2025-07-04 15:00:00,2025-11-26 12:00:00
780,Emily,Harris,F,2013-05-20,6,Inactive,120,2025-07-04 13:00:00,2025-11-14 12:00:00
781,Caroline,Wright,F,2012-10-20,9,Inactive,120,2025-07-06 18:00:00,2025-11-07 12:00:00
782,Genesis,Torres,F,2009-10-09,12,Inactive,120,2025-07-07 18:00:00,2025-11-25 12:00:00
783,Aria,Johnson,F,2010-01-15,10,Inactive,120,2025-07-08 15:00:00,2025-11-15 12:00:00
784,Lucas,Rodriguez,M,2010-04-22,9,Inactive,120,2025-07-08 17:00:00,2025-11-18 12:00:00
785,Nora,White,F,2013-04-14,6,Inactive,120,2025-07-13 13:00:00,2025-11-23 12:00:00
786,Mateo,Nelson,M,2010-03-19,10,Active,120,2025-07-13 18:00:00,2025-11-09 12:00:00
787,Owen,Flores,M,2008-06-17,11,Inactive,120,2025-07-15 15:00:00,2025-07-22 12:00:00
788,Isabella,Lewis,F,2010-11-09,10,Inactive,120,2025-07-15 14:00:00,2025-10-17 12:00:00
789,Evelyn,Jones,F,2012-04-22,7,Inactive,120,2025-07-20 18:00:00,2025-11-30 12:00:00
790,Sebastian,Thompson,M,2012-12-09,7,Inactive,120,2025-07-20 13:00:00,2025-07-27 12:00:00
791,William,Wilson,M,2010-05-21,9,Inactive,120,2025-07-21 17:00:00,2025-07-28 12:00:00
792,Mia,Young,F,2009-07-24,11,Inactive,120,2025-07-21 16:00:00,2025-11-15 12:00:00
793,William,Green,M,2012-06-11,7,Inactive,120,2025-07-23 17:00:00,2025-07-30 12:00:00
794,Emma,Lopez,F,2009-04-12,11,Inactive,120,2025-07-23 15:00:00,2025-11-18 12:00:00
795,Isaac,Taylor,M,2008-04-11,12,Inactive,120,2025-07-24 13:00:00,2025-11-25 12:00:00
796,Lily,Martinez,F,2010-06-21,9,Inactive,120,2025-07-24 15:00:00,2025-07-31 12:00:00
797,Amelia,Martinez,F,2009-03-11,10,Inactive,120,2025-07-25 14:00:00,2025-12-05 12:00:00
798,Elias,Hernandez,M,2008-03-22,12,Inactive,120,2025-07-25 15:00:00,2025-11-30 12:00:00
799,Chloe,Martin,F,2009-08-20,10,Inactive,120,2025-07-27 17:00:00,2025-12-07 12:00:00
800,Stella,Jones,F,2013-04-15,7,Inactive,120,2025-07-29 16:00:00,2025-10-04 12:00:00
801,Lucy,Smith,F,2009-03-12,10,Inactive,120,2025-07-31 15:00:00,2025-12-11 12:00:00
802,Hannah,Adams,F,2009-06-08,10,Inactive,120,2025-07-31 17:00:00,2025-08-07 12:00:00
803,Violet,Baker,F,2008-06-28,11,Inactive,120,2025-08-01 18:00:00,2025-12-12 12:00:00
804,Stella,Martinez,F,2010-01-10,10,Inactive,120,2025-08-04 18:00:00,2025-12-07 12:00:00
805,John,Martinez,M,2012-07-23,9,Inactive,120,2025-08-04 16:00:00,2025-11-05 12:00:00
806,Sebastian,Hill,M,2012-05-04,8,Inactive,120,2025-08-05 18:00:00,2025-10-13 12:00:00
807,Anthony,Torres,M,2010-06-06,9,Inactive,120,2025-08-07 17:00:00,2025-12-18 12:00:00
808,Maverick,Hall,M,2013-12-27,7,Inactive,120,2025-08-07 17:00:00,2025-11-17 12:00:00
809,Sofia,Harris,F,2010-01-02,9,Active,120,2025-08-11 15:00:00,2025-08-11 15:00:00
810,Aubrey,Rodriguez,F,2009-09-24,10,Inactive,120,2025-08-12 13:00:00,2025-08-19 12:00:00
811,Bella,Lewis,F,2008-03-10,11,Inactive,120,2025-08-15 13:00:00,2025-08-22 12:00:00
812,Sophia,Hall,F,2013-02-27,7,Inactive,120,2025-08-15 13:00:00,2025-10-21 12:00:00
813,Aiden,Carter,M,2008-08-09,12,Inactive,120,2025-08-16 13:00:00,2025-11-14 12:00:00
814,Maverick,Lee,M,2013-06-18,8,Inactive,120,2025-08-16 13:00:00,2025-12-05 12:00:00
815,Logan,White,M,2009-08-06,10,Inactive,120,2025-08-20 15:00:00,2025-09-17 12:00:00
816,Nora,Clark,F,2009-05-02,10,Active,120,2025-08-20 15:00:00,2025-08-20 15:00:00
817,Mason,Thomas,M,2012-08-12,8,Active,120,2025-08-21 18:00:00,2025-09-06 12:00:00
818,Nova,Hill,F,2012-03-24,8,Inactive,120,2025-08-21 14:00:00,2025-10-30 12:00:00
819,Grayson,Nguyen,M,2008-06-12,11,Inactive,120,2025-08-24 14:00:00,2025-08-31 12:00:00
820,Avery,Perez,F,2013-01-20,7,Inactive,120,2025-08-24 13:00:00,2025-11-13 12:00:00
821,Jacob,Taylor,M,2008-04-18,11,Inactive,120,2025-08-25 16:00:00,2025-09-01 12:00:00
822,Sofia,Scott,F,2012-11-06,7,Active,120,2025-08-28 15:00:00,2025-08-28 15:00:00
823,Aubrey,Jones,F,2013-02-16,7,Inactive,120,2025-08-28 15:00:00,2025-10-27 12:00:00
824,Lucy,Walker,F,2010-09-17,10,Inactive,120,2025-08-31 16:00:00,2025-09-24 12:00:00
825,Maya,Lee,F,2013-04-23,7,Inactive,120,2025-09-01 18:00:00,2025-12-01 12:00:00
826,Emilia,Lopez,F,2009-03-01,10,Active,120,2025-09-01 13:00:00,2025-09-01 13:00:00
827,Liam,Thompson,M,2010-04-06,9,Active,120,2025-09-02 18:00:00,2025-09-02 18:00:00
828,Mia,Hall,F,2009-03-12,11,Inactive,120,2025-09-02 16:00:00,2025-09-20 12:00:00
829,Hannah,Flores,F,2009-03-09,11,Inactive,120,2025-09-03 15:00:00,2025-11-15 12:00:00
830,Samantha,Hernandez,F,2009-04-18,10,Active,120,2025-09-04 13:00:00,2025-09-04 13:00:00
831,Julian,Martinez,M,2008-12-23,11,Active,120,2025-09-04 14:00:00,2025-09-04 14:00:00
832,Lily,Jones,F,2013-12-09,7,Inactive,120,2025-09-05 15:00:00,2025-11-02 12:00:00
833,Emma,Gonzalez,F,2012-05-08,7,Inactive,120,2025-09-05 14:00:00,2025-09-12 12:00:00
834,Hudson,Anderson,M,2012-09-10,8,Inactive,120,2025-09-07 17:00:00,2025-10-20 12:00:00
835,Sebastian,Rivera,M,2010-11-05,9,Active,120,2025-09-08 16:00:00,2025-09-08 16:00:00
836,John,Hernandez,M,2013-12-27,7,Inactive,120,2025-09-09 13:00:00,2025-10-01 12:00:00
837,Aurora,Moore,F,2008-12-07,11,Active,120,2025-09-11 13:00:00,2025-09-11 13:00:00
838,Maya,Jackson,F,2008-06-26,11,Inactive,120,2025-09-12 17:00:00,2025-09-19 12:00:00
839,Chloe,Miller,F,2008-09-19,11,Active,120,2025-09-14 14:00:00,2025-09-14 14:00:00
840,Evelyn,Williams,F,2009-04-18,12,Inactive,120,2025-09-15 15:00:00,2025-10-31 12:00:00
841,Mia,Harris,F,2013-01-27,7,Active,120,2025-09-15 17:00:00,2025-09-24 12:00:00
842,Anna,Smith,F,2009-04-03,10,Inactive,120,2025-09-16 15:00:00,2025-09-23 12:00:00
843,Abigail,Wright,F,2013-09-08,6,Active,120,2025-09-16 18:00:00,2025-09-16 18:00:00
844,Jack,Roberts,M,2010-12-12,9,Inactive,120,2025-09-17 18:00:00,2025-09-24 12:00:00
845,Nova,Jones,F,2008-05-10,12,Inactive,120,2025-09-20 18:00:00,2025-11-12 12:00:00
846,Amelia,Moore,F,2013-05-03,6,Active,120,2025-09-21 14:00:00,2025-09-21 14:00:00
847,Lucy,Martinez,F,2010-11-19,10,Inactive,120,2025-09-22 13:00:00,2025-11-04 12:00:00
848,Emilia,Sanchez,F,2012-11-27,7,Inactive,120,2025-09-22 18:00:00,2025-09-29 12:00:00
849,Elizabeth,Campbell,F,2009-06-21,11,Inactive,120,2025-09-23 14:00:00,2025-10-31 12:00:00
850,Owen,Harris,M,2012-09-08,7,Active,120,2025-09-23 17:00:00,2025-09-23 17:00:00
851,Grayson,King,M,2009-02-25,10,Inactive,120,2025-09-24 13:00:00,2025-10-01 12:00:00
852,Levi,Walker,M,2008-11-11,12,Inactive,120,2025-09-24 15:00:00,2025-10-27 12:00:00
853,Ezra,King,M,2013-01-23,6,Active,120,2025-09-26 15:00:00,2025-09-26 15:00:00
854,Aiden,Nelson,M,2008-10-25,12,Inactive,120,2025-09-26 15:00:00,2025-10-14 12:00:00
855,Dylan,King,M,2012-08-27,9,Inactive,120,2025-09-27 13:00:00,2025-12-02 12:00:00
856,Evelyn,Lee,F,2012-07-08,7,Inactive,120,2025-09-28 14:00:00,2025-10-05 12:00:00
857,Samantha,Hill,F,2009-10-26,10,Inactive,120,2025-09-29 18:00:00,2025-10-06 12:00:00
858,Ava,Thompson,F,2008-12-14,11,Inactive,120,2025-09-29 15:00:00,2025-10-06 12:00:00
859,Riley,Davis,F,2010-08-27,9,Active,120,2025-09-30 16:00:00,2025-09-30 16:00:00
860,Aria,Davis,F,2008-08-21,11,Active,120,2025-10-01 15:00:00,2025-10-01 15:00:00
861,Ellie,Scott,F,2012-03-16,7,Active,120,2025-10-01 17:00:00,2025-10-01 17:00:00
862,Amelia,Adams,F,2009-09-21,11,Active,120,2025-10-02 16:00:00,2025-11-18 12:00:00
863,Brooklyn,Young,F,2008-06-27,12,Inactive,120,2025-10-02 18:00:00,2025-10-26 12:00:00
864,Evelyn,Hill,F,2009-04-18,12,Inactive,120,2025-10-03 18:00:00,2025-11-28 12:00:00
865,Savannah,Roberts,F,2009-11-25,10,Active,120,2025-10-04 16:00:00,2025-10-04 16:00:00
866,Josiah,Davis,M,2010-12-05,9,Active,120,2025-10-05 16:00:00,2025-10-05 16:00:00
867,Ella,Perez,F,2009-11-07,10,Inactive,120,2025-10-06 18:00:00,2025-10-13 12:00:00
868,Maya,Jackson,F,2010-10-27,9,Inactive,120,2025-10-06 15:00:00,2025-10-13 12:00:00
869,Nora,Smith,F,2010-05-13,9,Active,120,2025-10-07 15:00:00,2025-10-07 15:00:00
870,Josiah,Nelson,M,2010-05-10,9,Inactive,120,2025-10-07 13:00:00,2025-10-14 12:00:00
871,Chloe,Brown,F,2010-06-28,9,Active,120,2025-10-08 18:00:00,2025-10-08 18:00:00
872,Skylar,Allen,F,2009-07-04,11,Active,120,2025-10-08 16:00:00,2025-10-24 12:00:00
873,Elizabeth,Carter,F,2012-12-05,8,Inactive,120,2025-10-09 17:00:00,2025-11-21 12:00:00
874,Abigail,Smith,F,2008-07-11,12,Inactive,120,2025-10-10 13:00:00,2025-11-23 12:00:00
875,Jackson,Torres,M,2008-04-19,11,Inactive,120,2025-10-11 15:00:00,2025-10-18 12:00:00
876,Violet,Thompson,F,2009-11-04,10,Active,120,2025-10-11 16:00:00,2025-10-11 16:00:00
877,Jack,Moore,M,2013-10-08,6,Inactive,120,2025-10-12 15:00:00,2025-10-19 12:00:00
878,Logan,Nguyen,M,2008-03-19,11,Active,120,2025-10-13 18:00:00,2025-10-13 18:00:00
879,Theodore,Clark,M,2010-11-18,9,Active,120,2025-10-13 13:00:00,2025-10-13 13:00:00
880,Hannah,Flores,F,2012-05-11,7,Active,120,2025-10-14 18:00:00,2025-10-14 18:00:00
881,Benjamin,Campbell,M,2010-10-19,11,Active,120,2025-10-14 13:00:00,2025-11-15 12:00:00
882,Abigail,Wright,F,2012-03-25,7,Active,120,2025-10-15 15:00:00,2025-10-15 15:00:00
883,Carter,Thompson,M,2012-03-26,9,Inactive,120,2025-10-17 16:00:00,2025-11-23 12:00:00
884,Riley,Roberts,F,2013-12-15,6,Active,120,2025-10-17 15:00:00,2025-10-17 15:00:00
885,Sophia,Brown,F,2009-10-07,10,Active,120,2025-10-18 14:00:00,2025-10-18 14:00:00
886,Charles,Moore,M,2008-03-17,11,Active,120,2025-10-19 13:00:00,2025-10-19 13:00:00
887,Hudson,Johnson,M,2008-04-27,11,Active,120,2025-10-19 13:00:00,2025-10-19 13:00:00
888,Ava,Green,F,2008-03-26,11,Active,120,2025-10-20 17:00:00,2025-10-20 17:00:00
889,Bella,Smith,F,2008-07-18,11,Active,120,2025-10-20 13:00:00,2025-10-20 13:00:00
890,Abigail,Wright,F,2008-05-04,12,Inactive,120,2025-10-21 16:00:00,2025-11-07 12:00:00
891,Riley,White,F,2009-11-20,10,Inactive,120,2025-10-22 14:00:00,2025-10-29 12:00:00
892,James,Moore,M,2009-05-07,10,Inactive,120,2025-10-22 14:00:00,2025-10-29 12:00:00
893,Matthew,Ramirez,M,2008-07-27,11,Active,120,2025-10-24 15:00:00,2025-10-24 15:00:00
894,Daniel,Jones,M,2010-12-26,9,Inactive,120,2025-10-25 14:00:00,2025-12-06 12:00:00
895,Sophia,Lewis,F,2013-01-14,6,Inactive,120,2025-10-25 15:00:00,2025-11-01 12:00:00
896,Riley,Wilson,F,2009-07-15,10,Inactive,120,2025-10-26 13:00:00,2025-11-02 12:00:00
897,Ella,Brown,F,2009-03-13,10,Active,120,2025-10-27 15:00:00,2025-10-27 15:00:00
898,John,Young,M,2010-11-27,9,Active,120,2025-10-28 13:00:00,2025-10-28 13:00:00
899,Luke,Lewis,M,2008-05-16,12,Inactive,120,2025-10-29 13:00:00,2025-11-21 12:00:00
900,Sofia,Wright,F,2010-02-02,9,Inactive,120,2025-10-29 15:00:00,2025-11-05 12:00:00
901,William,Moore,M,2013-07-08,6,Inactive,120,2025-10-30 14:00:00,2025-11-06 12:00:00
902,Olivia,Adams,F,2010-03-05,9,Inactive,120,2025-10-30 14:00:00,2025-11-06 12:00:00
903,Leah,Gonzalez,F,2010-12-25,10,Active,120,2025-10-31 15:00:00,2025-11-21 12:00:00
904,Mason,Torres,M,2009-09-03,10,Active,120,2025-11-01 13:00:00,2025-11-01 13:00:00
905,Zoey,Williams,F,2010-03-21,9,Inactive,120,2025-11-02 15:00:00,2025-11-09 12:00:00
906,Ava,Nelson,F,2012-08-06,7,Active,120,2025-11-02 14:00:00,2025-11-02 14:00:00
907,Mia,Davis,F,2009-03-05,11,Active,120,2025-11-03 13:00:00,2025-11-12 12:00:00
908,Ellie,Walker,F,2008-09-12,11,Active,120,2025-11-03 17:00:00,2025-11-03 17:00:00
909,Penelope,Wright,F,2009-12-25,10,Inactive,120,2025-11-04 17:00:00,2025-11-11 12:00:00
910,Leo,Martin,M,2010-01-18,9,Active,120,2025-11-05 17:00:00,2025-11-05 17:00:00
911,Oliver,Mitchell,M,2008-03-06,11,Active,120,2025-11-05 13:00:00,2025-11-05 13:00:00
912,Abigail,Williams,F,2008-03-11,11,Inactive,120,2025-11-06 13:00:00,2025-11-13 12:00:00
913,Lucy,Moore,F,2010-11-06,10,Active,120,2025-11-06 15:00:00,2025-11-29 12:00:00
914,Mason,Rodriguez,M,2013-08-13,7,Inactive,120,2025-11-07 18:00:00,2025-11-27 12:00:00
915,Luke,Thomas,M,2009-10-13,10,Active,120,2025-11-07 17:00:00,2025-11-07 17:00:00
916,Nora,Walker,F,2009-04-25,10,Active,120,2025-11-08 14:00:00,2025-11-08 14:00:00
917,Evelyn,Mitchell,F,2009-03-01,10,Inactive,120,2025-11-09 17:00:00,2025-11-16 12:00:00
918,Dylan,Carter,M,2010-05-24,9,Inactive,120,2025-11-10 15:00:00,2025-11-17 12:00:00
919,Ethan,Smith,M,2013-12-19,6,Inactive,120,2025-11-10 17:00:00,2025-11-17 12:00:00
920,Bella,Davis,F,2009-02-14,10,Active,120,2025-11-11 17:00:00,2025-11-11 17:00:00
921,Scarlett,Young,F,2009-12-28,10,Active,120,2025-11-12 17:00:00,2025-11-12 17:00:00
922,Lucy,Taylor,F,2010-05-26,9,Inactive,120,2025-11-12 18:00:00,2025-11-19 12:00:00
923,Daniel,Young,M,2009-05-12,10,Inactive,120,2025-11-13 17:00:00,2025-11-20 12:00:00
924,Savannah,Lopez,F,2010-06-02,9,Active,120,2025-11-13 15:00:00,2025-11-13 15:00:00
925,Elijah,Torres,M,2013-12-08,6,Active,120,2025-11-14 14:00:00,2025-11-14 14:00:00
926,Scarlet,White,F,2010-11-01,9,Active,120,2025-11-14 18:00:00,2025-11-14 18:00:00
927,Violet,Walker,F,2010-03-22,9,Inactive,120,2025-11-16 14:00:00,2025-11-23 12:00:00
928,Bella,Mitchell,F,2008-02-25,11,Inactive,120,2025-11-17 18:00:00,2025-11-24 12:00:00
929,Amelia,White,F,2009-04-14,10,Active,120,2025-11-18 18:00:00,2025-11-18 18:00:00
930,Olivia,Jones,F,2009-03-14,10,Inactive,120,2025-11-18 17:00:00,2025-11-25 12:00:00
931,Grayson,Roberts,M,2010-08-08,9,Inactive,120,2025-11-19 17:00:00,2025-11-26 12:00:00
932,Samantha,Wright,F,2010-07-04,9,Inactive,120,2025-11-19 17:00:00,2025-11-26 12:00:00
933,Josiah,Torres,M,2008-05-07,11,Inactive,120,2025-11-20 13:00:00,2025-11-27 12:00:00
934,Thomas,Jones,M,2010-07-16,9,Active,120,2025-11-21 16:00:00,2025-11-21 16:00:00
935,Emilia,Martin,F,2008-08-23,11,Active,120,2025-11-21 18:00:00,2025-11-21 18:00:00
936,Violet,Smith,F,2010-02-09,9,Inactive,120,2025-11-22 16:00:00,2025-11-29 12:00:00
937,Genesis,Robinson,F,2013-02-16,6,Active,120,2025-11-23 14:00:00,2025-11-23 14:00:00
938,Matthew,Taylor,M,2010-07-05,9,Active,120,2025-11-24 13:00:00,2025-11-24 13:00:00
939,Skylar,Lewis,F,2009-09-25,10,Active,120,2025-11-24 18:00:00,2025-11-24 18:00:00
940,Amelia,Flores,F,2010-06-04,9,Active,120,2025-11-25 18:00:00,2025-11-25 18:00:00
941,Joseph,Young,M,2013-12-04,6,Inactive,120,2025-11-25 17:00:00,2025-12-02 12:00:00
942,Nora,Adams,F,2008-04-17,11,Inactive,120,2025-11-26 16:00:00,2025-12-03 12:00:00
943,Stella,Flores,F,2010-07-10,9,Inactive,120,2025-11-27 18:00:00,2025-12-04 12:00:00
944,Elias,Lee,M,2010-07-05,9,Inactive,120,2025-11-27 13:00:00,2025-12-04 12:00:00
945,Claire,Johnson,F,2009-12-16,10,Inactive,120,2025-11-28 14:00:00,2025-12-05 12:00:00
946,Hannah,Thomas,F,2013-10-10,6,Inactive,120,2025-11-28 18:00:00,2025-12-05 12:00:00
947,Aurora,Hernandez,F,2010-04-09,9,Inactive,120,2025-11-29 17:00:00,2025-12-06 12:00:00
948,Joseph,Lopez,M,2008-05-11,11,Inactive,120,2025-11-30 17:00:00,2025-12-07 12:00:00
949,Skylar,Taylor,F,2008-03-03,11,Active,120,2025-11-30 17:00:00,2025-11-30 17:00:00
950,Mateo,Young,M,2008-11-01,11,Active,120,2025-12-04 16:00:00,2025-12-04 16:00:00
951,Logan,Hernandez,M,2012-09-22,7,Inactive,120,2025-12-05 15:00:00,2025-12-12 12:00:00
952,Oliver,Harris,M,2008-12-04,11,Inactive,120,2025-12-06 14:00:00,2025-12-13 12:00:00
953,Maya,Mitchell,F,2009-05-18,10,Inactive,120,2025-12-08 18:00:00,2025-12-15 12:00:00
954,Grayson,Moore,M,2010-08-07,9,Inactive,120,2025-12-08 13:00:00,2025-12-15 12:00:00
955,Mateo,Jones,M,2008-09-17,11,Active,120,2025-12-10 13:00:00,2025-12-10 13:00:00
956,Willow,Robinson,F,2012-06-01,7,Active,120,2025-12-12 16:00:00,2025-12-12 16:00:00
957,Jayden,Allen,M,2009-02-17,10,Inactive,120,2025-12-12 18:00:00,2025-12-19 12:00:00
958,Hazel,Adams,F,2012-07-14,7,Active,120,2025-12-13 16:00:00,2025-12-13 16:00:00
959,Isabella,Rivera,F,2008-10-17,11,Active,120,2025-12-13 13:00:00,2025-12-13 13:00:00
960,Ellie,Walker,F,2010-06-25,9,Active,120,2025-12-16 17:00:00,2025-12-16 17:00:00
961,Aurora,Torres,F,2010-12-13,9,Active,120,2025-12-17 15:00:00,2025-12-17 15:00:00
962,Luke,Hernandez,M,2008-11-12,11,Active,120,2025-12-18 14:00:00,2025-12-18 14:00:00
