student_id,first_name,last_name,sex,date_of_birth,grade,status,contract_rate,created,updated
0,Aurora,Martin,F,2006-08-09,10,Inactive,80,2021-08-24 12:00:00,2022-01-05 12:00:00
1,Riley,Taylor,F,2006-03-05,10,Inactive,80,2021-08-24 12:00:00,2022-01-06 12:00:00
2,Alexander,Robinson,M,2005-08-28,12,Inactive,80,2021-08-24 12:00:00,2024-09-10 12:00:00
3,Violet,Nguyen,F,2010-07-05,6,Inactive,80,2021-08-24 12:00:00,2022-01-04 12:00:00
4,Amelia,Carter,F,2004-09-10,12,Inactive,80,2021-08-24 12:00:00,2022-01-24 12:00:00
5,Gabriel,Hill,M,2003-12-02,12,Inactive,80,2021-08-24 12:00:00,2022-09-11 12:00:00
6,Isaac,Sanchez,M,2009-07-31,7,Inactive,80,2021-08-24 12:00:00,2022-01-05 12:00:00
7,Chloe,Garcia,F,2004-10-22,12,Inactive,80,2021-08-24 12:00:00,2022-09-13 12:00:00
8,Emily,Campbell,F,2004-09-12,12,Inactive,80,2021-08-24 12:00:00,2021-09-26 12:00:00
9,Ezra,Miller,M,2004-12-14,11,Inactive,80,2021-08-24 12:00:00,2025-01-25 12:00:00
10,Paisley,Wright,F,2007-05-30,12,Inactive,80,2021-08-24 12:00:00,2024-09-12 12:00:00
11,Aiden,Anderson,M,2005-11-18,10,Inactive,80,2021-08-24 12:00:00,2022-01-04 12:00:00
12,James,Walker,M,2005-08-26,12,Inactive,80,2021-08-24 12:00:00,2022-01-17 12:00:00
13,Elizabeth,Lewis,F,2003-11-06,12,Inactive,80,2021-08-24 12:00:00,2022-09-09 12:00:00
14,Olivia,Hall,F,2007-11-26,7,Inactive,80,2021-08-24 12:00:00,2021-09-29 12:00:00
15,Scarlet,Clark,F,2005-03-15,12,Inactive,80,2021-08-24 12:00:00,2024-01-18 12:00:00
16,Claire,Jones,F,2007-11-21,11,Inactive,80,2021-08-24 12:00:00,2023-09-29 12:00:00
17,Paisley,Smith,F,2005-11-15,10,Inactive,80,2021-08-24 12:00:00,2022-01-07 12:00:00
18,Victoria,Clark,F,2004-10-31,12,Inactive,80,2021-08-24 12:00:00,2022-09-12 12:00:00
19,Caroline,Campbell,F,2007-11-11,7,Inactive,80,2021-08-24 12:00:00,2022-01-08 12:00:00
20,Abigail,Flores,F,2005-04-26,12,Inactive,80,2021-08-24 12:00:00,2021-09-21 12:00:00
21,Brooklyn,Rivera,F,2006-08-22,12,Active,80,2021-08-24 12:00:00,2025-09-28 12:00:00
22,Grace,Thomas,F,2009-07-04,9,Inactive,80,2021-08-24 12:00:00,2022-02-05 12:00:00
23,John,Lopez,M,2004-07-14,11,Inactive,80,2021-08-24 12:00:00,2022-01-05 12:00:00
24,Gabriel,Ramirez,M,2005-02-07,12,Inactive,80,2021-08-24 12:00:00,2022-01-18 12:00:00
25,Luke,Smith,M,2006-04-27,12,Inactive,80,2021-08-24 12:00:00,2022-09-19 12:00:00
26,Gabriel,Baker,M,2004-10-06,12,Inactive,80,2021-08-24 12:00:00,2024-09-14 12:00:00
27,Elias,Thomas,M,2004-11-09,12,Inactive,80,2021-08-24 12:00:00,2021-09-14 12:00:00
28,Olivia,Jones,F,2006-01-08,12,Inactive,80,2021-09-01 15:00:00,2023-11-20 12:00:00
29,Thomas,Harris,M,2006-01-14,9,Inactive,80,2021-09-02 13:00:00,2022-01-13 12:00:00
30,Evelyn,Thompson,F,2004-10-23,12,Inactive,80,2021-09-03 18:00:00,2021-10-21 12:00:00
31,Jack,Miller,M,2005-08-28,12,Inactive,80,2021-09-04 17:00:00,2021-10-07 12:00:00
32,Elizabeth,Nelson,F,2005-11-28,11,Inactive,80,2021-09-07 16:00:00,2022-03-15 12:00:00
33,Aiden,Wright,M,2004-03-07,12,Inactive,80,2021-09-09 16:00:00,2022-11-29 12:00:00
34,Savannah,Scott,F,2005-06-21,12,Inactive,80,2021-09-15 17:00:00,2022-12-03 12:00:00
35,David,Gonzalez,M,2004-07-21,12,Inactive,80,2021-09-16 18:00:00,2022-09-30 12:00:00
36,Nova,Rivera,F,2006-10-12,9,Inactive,80,2021-09-17 15:00:00,2022-01-28 12:00:00
37,Elizabeth,Nguyen,F,2004-08-23,12,Inactive,80,2021-09-18 14:00:00,2022-09-22 12:00:00
38,Emma,Thomas,F,2005-12-28,12,Inactive,80,2021-09-19 13:00:00,2022-11-23 12:00:00
39,Samuel,Williams,M,2006-06-21,11,Inactive,80,2021-09-22 17:00:00,2024-01-19 12:00:00
40,Willow,Hernandez,F,2005-07-24,12,Inactive,80,2021-09-27 17:00:00,2022-11-30 12:00:00
41,Samantha,Rodriguez,F,2005-10-04,10,Inactive,80,2021-09-28 17:00:00,2022-02-08 12:00:00
42,Brooklyn,Rodriguez,F,2006-08-19,9,Inactive,80,2021-09-30 13:00:00,2022-02-10 12:00:00
43,Logan,Scott,M,2004-11-20,11,Inactive,80,2021-10-01 17:00:00,2022-02-11 12:00:00
44,Kennedy,Carter,F,2005-09-08,12,Inactive,80,2021-10-04 16:00:00,2023-10-13 12:00:00
45,Willow,Rodriguez,F,2009-11-13,10,Inactive,80,2021-10-05 14:00:00,2025-10-29 12:00:00
46,Carter,Hernandez,M,2005-04-08,12,Inactive,80,2021-10-10 15:00:00,2022-09-22 12:00:00
47,Daniel,Scott,M,2008-09-26,7,Inactive,80,2021-10-12 17:00:00,2022-02-22 12:00:00
48,Sophia,Martin,F,2004-05-24,12,Inactive,80,2021-10-15 16:00:00,2023-09-22 12:00:00
49,Jacob,Williams,M,2006-09-26,12,Inactive,80,2021-10-18 18:00:00,2024-12-15 12:00:00
50,Emilia,Martinez,F,2009-07-07,9,Inactive,80,2021-10-19 14:00:00,2023-03-11 12:00:00
51,Nora,Hill,F,2005-12-23,10,Inactive,80,2021-10-23 17:00:00,2022-03-05 12:00:00
52,Michael,Harris,M,2006-09-06,10,Inactive,80,2021-10-24 16:00:00,2022-03-26 12:00:00
53,Luke,Jackson,M,2004-11-16,11,Inactive,80,2021-10-25 14:00:00,2022-03-07 12:00:00
54,Harper,Lopez,F,2005-07-25,12,Inactive,80,2021-10-30 17:00:00,2022-09-26 12:00:00
55,Bella,Campbell,F,2005-05-14,10,Inactive,80,2021-10-31 16:00:00,2022-03-13 12:00:00
56,Charles,Harris,M,2006-10-11,9,Inactive,80,2021-11-02 17:00:00,2022-03-15 12:00:00
57,David,Scott,M,2009-12-17,7,Inactive,80,2021-11-05 15:00:00,2023-02-28 12:00:00
58,Grace,Hill,F,2005-06-11,12,Inactive,80,2021-11-08 15:00:00,2022-11-14 12:00:00
59,Mason,Rivera,M,2005-04-11,11,Inactive,80,2021-11-09 14:00:00,2021-11-28 12:00:00
60,Aurora,Martinez,F,2005-04-12,12,Active,80,2021-11-14 16:00:00,2025-09-04 12:00:00
61,Henry,Allen,M,2005-10-12,12,Inactive,80,2021-11-16 17:00:00,2025-10-30 12:00:00
62,Daniel,Harris,M,2004-10-13,12,Inactive,80,2021-11-18 18:00:00,2022-10-24 12:00:00
63,Benjamin,Lewis,M,2006-07-23,11,Inactive,80,2021-11-20 18:00:00,2023-11-30 12:00:00
64,Emma,Nguyen,F,2004-04-06,12,Inactive,80,2021-11-21 17:00:00,2022-10-21 12:00:00
65,Skylar,Green,F,2008-06-18,8,Inactive,80,2021-11-22 18:00:00,2024-01-10 12:00:00
66,Ella,Perez,F,2008-01-11,7,Inactive,80,2021-11-24 16:00:00,2022-04-06 12:00:00
67,Sofia,Young,F,2006-03-07,12,Inactive,80,2021-11-26 14:00:00,2024-10-11 12:00:00
68,John,Hall,M,2008-11-17,9,Inactive,80,2021-11-28 18:00:00,2024-10-01 12:00:00
69,Aria,Davis,F,2009-11-18,6,Inactive,80,2021-11-29 15:00:00,2022-04-04 12:00:00
70,Josiah,Davis,M,2006-11-19,12,Inactive,80,2021-12-07 17:00:00,2025-01-20 12:00:00
71,Alexander,Taylor,M,2006-07-11,11,Inactive,80,2021-12-10 17:00:00,2023-11-28 12:00:00
72,Ellie,Martinez,F,2006-11-15,12,Inactive,80,2021-12-13 13:00:00,2023-10-20 12:00:00
73,Kennedy,Carter,F,2006-06-10,11,Inactive,80,2021-12-16 18:00:00,2025-02-16 12:00:00
74,Lily,Clark,F,2008-03-21,8,Inactive,80,2021-12-19 18:00:00,2023-04-12 12:00:00
75,Leah,Rodriguez,F,2008-04-06,12,Inactive,80,2021-12-24 16:00:00,2025-10-27 12:00:00
76,Levi,Jones,M,2006-04-27,9,Inactive,80,2021-12-25 15:00:00,2022-05-07 12:00:00
77,Asher,King,M,2007-08-17,9,Inactive,80,2022-01-06 13:00:00,2022-05-19 12:00:00
78,Scarlet,Allen,F,2007-03-17,12,Inactive,80,2022-01-10 17:00:00,2024-10-09 12:00:00
79,Samuel,Wilson,M,2006-09-06,11,Inactive,80,2022-01-12 17:00:00,2023-04-02 12:00:00
80,Carter,Sanchez,M,2010-06-20,6,Inactive,80,2022-01-20 18:00:00,2022-06-02 12:00:00
81,Victoria,Lee,F,2005-03-10,12,Inactive,80,2022-01-26 16:00:00,2025-01-31 12:00:00
82,Leah,White,F,2006-05-26,10,Inactive,80,2022-01-28 16:00:00,2022-06-10 12:00:00
83,Ella,Nelson,F,2007-01-01,12,Active,80,2022-01-30 17:00:00,2025-10-22 12:00:00
84,Riley,Smith,F,2009-05-25,10,Active,80,2022-02-01 15:00:00,2025-11-12 12:00:00
85,Lily,Anderson,F,2007-07-12,9,Inactive,80,2022-02-03 16:00:00,2022-06-16 12:00:00
86,Grayson,Mitchell,M,2006-09-17,12,Inactive,80,2022-02-12 14:00:00,2024-11-22 12:00:00
87,Paisley,Roberts,F,2010-08-07,8,Inactive,80,2022-02-13 17:00:00,2025-11-01 12:00:00
88,Genesis,Harris,F,2006-01-20,12,Inactive,80,2022-02-14 15:00:00,2025-11-10 12:00:00
89,Owen,Flores,M,2006-12-23,10,Inactive,80,2022-02-25 16:00:00,2022-07-08 12:00:00
90,Hannah,Anderson,F,2005-03-15,12,Inactive,80,2022-02-28 15:00:00,2024-10-03 12:00:00
91,Thomas,Garcia,M,2007-01-26,9,Inactive,80,2022-03-08 14:00:00,2022-07-19 12:00:00
92,Grace,Roberts,F,2005-07-21,12,Inactive,80,2022-03-18 17:00:00,2022-09-12 12:00:00
93,Grace,Williams,F,2006-08-04,10,Inactive,80,2022-03-26 13:00:00,2022-08-06 12:00:00
94,Jayden,Wright,M,2007-08-16,9,Inactive,80,2022-04-04 17:00:00,2022-08-15 12:00:00
95,Emilia,Lewis,F,2006-06-02,12,Inactive,80,2022-04-05 16:00:00,2023-09-21 12:00:00
96,Scarlet,White,F,2005-11-21,12,Inactive,80,2022-04-16 16:00:00,2023-03-25 12:00:00
97,Penelope,Williams,F,2006-03-23,11,Inactive,80,2022-04-18 15:00:00,2024-11-29 12:00:00
98,Chloe,Walker,F,2009-09-15,12,Inactive,80,2022-04-19 15:00:00,2024-09-27 12:00:00
99,Matthew,Garcia,M,2007-01-11,12,Inactive,80,2022-04-30 17:00:00,2024-09-20 12:00:00
100,Savannah,Hill,F,2007-02-23,11,Inactive,80,2022-05-01 17:00:00,2025-11-24 12:00:00
101,Maya,Hill,F,2005-02-03,12,Inactive,80,2022-05-04 13:00:00,2022-09-20 12:00:00
102,Amelia,Adams,F,2007-05-13,12,Inactive,80,2022-05-13 18:00:00,2023-09-14 12:00:00
103,Sebastian,Mitchell,M,2006-09-02,10,Inactive,80,2022-05-18 13:00:00,2022-09-28 12:00:00
104,Ezra,Baker,M,2005-07-22,12,Inactive,80,2022-05-19 14:00:00,2022-10-02 12:00:00
105,Abigail,Scott,F,2005-11-08,12,Inactive,80,2022-05-28 13:00:00,2022-09-30 12:00:00
106,Sebastian,Nguyen,M,2005-11-02,11,Inactive,80,2022-05-30 15:00:00,2022-10-10 12:00:00
107,Kennedy,Lewis,F,2005-02-07,12,Inactive,80,2022-05-31 14:00:00,2022-10-13 12:00:00
108,Lucas,Garcia,M,2005-04-23,12,Inactive,80,2022-06-01 14:00:00,2023-09-10 12:00:00
109,Harper,Johnson,F,2005-06-18,12,Inactive,80,2022-06-02 16:00:00,2022-10-24 12:00:00
110,Chloe,Miller,F,2006-05-28,10,Inactive,80,2022-06-05 15:00:00,2022-10-16 12:00:00
111,Scarlett,Roberts,F,2006-11-20,11,Inactive,80,2022-06-08 14:00:00,2023-10-04 12:00:00
112,Ethan,King,M,2006-03-23,11,Inactive,80,2022-06-13 17:00:00,2023-03-12 12:00:00
113,Jacob,Thompson,M,2005-01-16,12,Inactive,80,2022-06-28 13:00:00,2022-10-17 12:00:00
114,Benjamin,Green,M,2010-08-14,9,Inactive,80,2022-07-01 16:00:00,2024-04-10 12:00:00
115,Mia,Jackson,F,2007-06-28,12,Inactive,80,2022-07-02 14:00:00,2024-11-17 12:00:00
116,William,Jackson,M,2005-12-18,12,Inactive,80,2022-07-05 15:00:00,2022-09-20 12:00:00
117,Sofia,Rodriguez,F,2007-03-20,12,Inactive,80,2022-07-10 17:00:00,2024-12-06 12:00:00
118,Daniel,Scott,M,2005-08-03,12,Inactive,80,2022-07-13 14:00:00,2022-09-12 12:00:00
119,Sophia,Flores,F,2005-03-18,12,Inactive,80,2022-07-21 18:00:00,2022-11-18 12:00:00
120,Abigail,Sanchez,F,2005-07-02,12,Inactive,80,2022-07-26 13:00:00,2022-10-20 12:00:00
121,Hannah,Perez,F,2006-09-10,12,Inactive,80,2022-07-27 15:00:00,2024-11-15 12:00:00
122,Penelope,Williams,F,2007-04-02,9,Inactive,80,2022-07-31 18:00:00,2022-12-11 12:00:00
123,Violet,Mitchell,F,2007-03-05,12,Inactive,80,2022-08-09 15:00:00,2023-11-27 12:00:00
124,Hazel,Allen,F,2005-10-18,12,Inactive,80,2022-08-11 17:00:00,2022-10-17 12:00:00
125,James,Robinson,M,2005-12-03,12,Inactive,80,2022-08-12 13:00:00,2023-02-26 12:00:00
126,Bella,Thomas,F,2007-11-25,9,Inactive,80,2022-08-22 15:00:00,2022-11-28 12:00:00
127,Harper,Hall,F,2009-08-20,8,Inactive,80,2022-08-25 14:00:00,2023-04-09 12:00:00
128,Leo,Carter,M,2010-07-28,6,Inactive,80,2022-08-28 13:00:00,2023-01-08 12:00:00
129,James,Gonzalez,M,2009-07-07,12,Inactive,80,2022-08-31 17:00:00,2025-10-23 12:00:00
130,Levi,Williams,M,2006-07-24,12,Inactive,80,2022-09-02 13:00:00,2023-11-18 12:00:00
131,Gabriel,Ramirez,M,2005-10-26,12,Inactive,80,2022-09-05 16:00:00,2022-10-18 12:00:00
132,Daniel,Rodriguez,M,2010-03-25,6,Inactive,80,2022-09-06 14:00:00,2023-01-17 12:00:00
133,Aria,Nguyen,F,2010-05-22,6,Inactive,80,2022-09-07 15:00:00,2023-01-18 12:00:00
134,Caroline,Hill,F,2007-07-11,12,Inactive,80,2022-09-09 13:00:00,2024-10-31 12:00:00
135,Violet,Thompson,F,2006-10-23,10,Inactive,80,2022-09-11 18:00:00,2023-01-22 12:00:00
136,Skylar,Taylor,F,2006-09-08,10,Inactive,80,2022-09-12 13:00:00,2023-01-23 12:00:00
137,Aurora,Gonzalez,F,2007-08-21,12,Inactive,80,2022-09-15 17:00:00,2023-11-18 12:00:00
138,Skylar,Thompson,F,2007-08-14,12,Inactive,80,2022-09-17 17:00:00,2025-09-30 12:00:00
139,Ezra,Wilson,M,2006-10-17,12,Inactive,80,2022-09-19 16:00:00,2024-09-27 12:00:00
140,Jacob,Young,M,2006-01-18,10,Inactive,80,2022-09-20 18:00:00,2023-01-31 12:00:00
141,Isabella,Williams,F,2006-12-25,12,Inactive,80,2022-09-21 13:00:00,2023-12-02 12:00:00
142,Asher,Jones,M,2005-05-11,11,Inactive,80,2022-09-23 13:00:00,2023-02-03 12:00:00
143,Aiden,Johnson,M,2006-12-11,12,Inactive,80,2022-09-25 15:00:00,2025-11-01 12:00:00
144,Samantha,Lewis,F,2005-03-05,12,Inactive,80,2022-09-26 18:00:00,2023-11-10 12:00:00
145,Josiah,Martinez,M,2005-10-07,12,Inactive,80,2022-09-29 17:00:00,2022-10-31 12:00:00
146,Hudson,Scott,M,2009-08-13,11,Inactive,80,2022-09-30 17:00:00,2025-09-22 12:00:00
147,Mateo,Robinson,M,2007-11-08,12,Active,80,2022-10-01 13:00:00,2025-09-03 12:00:00
148,Bella,Hernandez,F,2007-11-03,12,Inactive,80,2022-10-04 15:00:00,2023-10-29 12:00:00
149,Lily,Nguyen,F,2005-04-07,11,Inactive,80,2022-10-05 13:00:00,2023-02-15 12:00:00
150,Brooklyn,Rivera,F,2006-01-09,10,Inactive,80,2022-10-06 18:00:00,2023-02-16 12:00:00
151,Daniel,Harris,M,2005-05-28,11,Inactive,80,2022-10-07 18:00:00,2023-02-17 12:00:00
152,William,Young,M,2007-11-28,9,Inactive,80,2022-10-08 17:00:00,2023-02-18 12:00:00
153,Logan,Hall,M,2010-03-19,11,Inactive,80,2022-10-09 14:00:00,2025-11-21 12:00:00
154,Willow,Hernandez,F,2007-10-23,10,Inactive,80,2022-10-15 16:00:00,2024-03-11 12:00:00
155,Anthony,Moore,M,2007-07-14,9,Inactive,80,2022-10-17 14:00:00,2023-02-27 12:00:00
156,Riley,Perez,F,2010-11-16,6,Inactive,80,2022-10-20 18:00:00,2022-10-27 12:00:00
157,Victoria,Robinson,F,2007-02-11,12,Inactive,80,2022-10-21 13:00:00,2023-11-30 12:00:00
158,Brooklyn,Davis,F,2005-10-24,11,Inactive,80,2022-10-22 17:00:00,2023-03-04 12:00:00
159,Levi,Adams,M,2005-03-03,12,Inactive,80,2022-10-23 14:00:00,2023-10-26 12:00:00
160,Liam,Williams,M,2006-03-08,11,Inactive,80,2022-10-24 16:00:00,2025-10-18 12:00:00
161,Hannah,White,F,2005-03-19,12,Inactive,80,2022-10-26 13:00:00,2023-11-11 12:00:00
162,Lily,Green,F,2009-08-26,9,Inactive,80,2022-10-27 17:00:00,2025-10-10 12:00:00
163,Daniel,Hill,M,2010-06-22,6,Inactive,80,2022-10-28 17:00:00,2023-03-10 12:00:00
164,James,Lewis,M,2009-10-10,10,Inactive,80,2022-10-29 14:00:00,2025-03-15 12:00:00
165,Avery,Thompson,F,2005-08-28,12,Inactive,80,2022-10-30 18:00:00,2023-10-30 12:00:00
166,Chloe,Williams,F,2005-06-26,12,Inactive,80,2022-10-31 18:00:00,2023-03-22 12:00:00
167,Willow,Martin,F,2006-06-12,10,Inactive,80,2022-11-01 14:00:00,2023-03-14 12:00:00
168,Isabella,Adams,F,2007-01-05,11,Inactive,80,2022-11-02 16:00:00,2024-03-29 12:00:00
169,Aubrey,Taylor,F,2007-12-18,12,Inactive,80,2022-11-03 15:00:00,2024-11-21 12:00:00
170,Genesis,Thompson,F,2007-09-06,10,Inactive,80,2022-11-04 18:00:00,2024-01-23 12:00:00
171,Victoria,Walker,F,2007-11-08,9,Inactive,80,2022-11-05 15:00:00,2023-03-18 12:00:00
172,Oliver,Hill,M,2010-11-01,6,Inactive,80,2022-11-07 17:00:00,2023-03-20 12:00:00
173,Bella,Johnson,F,2009-03-15,7,Inactive,80,2022-11-08 18:00:00,2023-03-21 12:00:00
174,Anthony,Baker,M,2005-08-15,12,Inactive,80,2022-11-10 13:00:00,2022-12-01 12:00:00
175,Paisley,Miller,F,2005-12-19,11,Inactive,80,2022-11-11 14:00:00,2022-12-02 12:00:00
176,Theodore,White,M,2006-03-17,12,Inactive,80,2022-11-13 16:00:00,2024-11-04 12:00:00
177,Brooklyn,Torres,F,2005-04-25,11,Inactive,80,2022-11-14 17:00:00,2023-03-27 12:00:00
178,Lincoln,Campbell,M,2005-11-28,12,Inactive,80,2022-11-15 13:00:00,2024-09-15 12:00:00
179,Grayson,Nguyen,M,2005-02-08,12,Inactive,80,2022-11-16 17:00:00,2024-11-27 12:00:00
180,Theodore,Jackson,M,2010-12-01,6,Inactive,80,2022-11-17 16:00:00,2023-03-30 12:00:00
181,Genesis,Davis,F,2010-11-21,7,Inactive,80,2022-11-18 15:00:00,2024-03-15 12:00:00
182,Grace,Hernandez,F,2007-08-16,10,Inactive,80,2022-11-19 13:00:00,2024-03-27 12:00:00
183,Victoria,Harris,F,2007-12-21,12,Inactive,80,2022-11-21 16:00:00,2025-10-25 12:00:00
184,Jayden,Davis,M,2006-08-09,10,Inactive,80,2022-11-24 14:00:00,2023-04-06 12:00:00
185,Thomas,Lopez,M,2006-02-17,11,Inactive,80,2022-11-28 16:00:00,2025-01-27 12:00:00
186,Claire,Adams,F,2007-03-09,11,Inactive,80,2022-11-29 15:00:00,2025-09-27 12:00:00
187,Stella,Young,F,2010-04-13,7,Inactive,80,2022-11-30 17:00:00,2024-03-15 12:00:00
188,Paisley,Jones,F,2005-06-10,12,Inactive,80,2022-12-01 13:00:00,2023-09-09 12:00:00
189,Ezra,Miller,M,2007-06-15,11,Inactive,80,2022-12-03 16:00:00,2023-12-06 12:00:00
190,John,Moore,M,2010-09-12,7,Inactive,80,2022-12-09 18:00:00,2024-04-01 12:00:00
191,Jacob,Miller,M,2006-05-03,12,Inactive,80,2022-12-10 17:00:00,2023-11-27 12:00:00
192,Sebastian,Walker,M,2006-02-14,12,Inactive,80,2022-12-12 16:00:00,2023-11-06 12:00:00
193,David,Thompson,M,2010-06-08,7,Active,80,2022-12-14 15:00:00,2025-10-05 12:00:00
194,Willow,Thompson,F,2009-12-03,9,Inactive,80,2022-12-19 14:00:00,2025-10-08 12:00:00
195,Elizabeth,Gonzalez,F,2006-01-14,12,Inactive,80,2022-12-22 14:00:00,2023-11-27 12:00:00
196,Lucy,Taylor,F,2005-07-17,12,Inactive,80,2022-12-23 18:00:00,2024-04-11 12:00:00
197,Ava,Walker,F,2005-04-04,12,Inactive,80,2022-12-24 18:00:00,2024-02-20 12:00:00
198,Ella,Allen,F,2010-07-26,6,Inactive,80,2022-12-27 17:00:00,2023-05-09 12:00:00
199,Stella,Walker,F,2006-06-05,12,Inactive,80,2022-12-28 17:00:00,2025-03-13 12:00:00
200,Penelope,Davis,F,2005-07-06,12,Inactive,80,2022-12-30 14:00:00,2024-11-09 12:00:00
201,Elizabeth,Gonzalez,F,2008-02-01,9,Inactive,100,2023-01-01 15:00:00,2023-05-14 12:00:00
202,Thomas,Jones,M,2008-02-18,12,Inactive,100,2023-01-02 13:00:00,2024-10-29 12:00:00
203,Lily,Lopez,F,2006-11-18,11,Inactive,100,2023-01-04 13:00:00,2023-02-15 12:00:00
204,Lucas,Carter,M,2010-12-28,7,Inactive,100,2023-01-05 17:00:00,2023-05-18 12:00:00
205,Liam,Scott,M,2010-06-22,8,Inactive,100,2023-01-06 16:00:00,2024-01-26 12:00:00
206,Violet,Scott,F,2011-01-15,6,Inactive,100,2023-01-08 14:00:00,2023-01-22 12:00:00
207,Anna,Martin,F,2011-03-01,6,Inactive,100,2023-01-11 15:00:00,2023-05-24 12:00:00
208,Hazel,Lee,F,2006-11-13,12,Inactive,100,2023-01-12 14:00:00,2023-11-23 12:00:00
209,Abigail,Nguyen,F,2006-04-08,12,Inactive,100,2023-01-13 17:00:00,2023-10-09 12:00:00
210,Matthew,King,M,2010-04-28,9,Inactive,100,2023-01-20 16:00:00,2025-11-06 12:00:00
211,Evelyn,Miller,F,2011-02-26,6,Inactive,100,2023-01-21 13:00:00,2023-06-10 12:00:00
212,Luke,Rodriguez,M,2008-11-10,9,Inactive,100,2023-01-24 16:00:00,2023-06-06 12:00:00
213,Jayden,Martin,M,2006-05-24,11,Inactive,100,2023-01-25 16:00:00,2023-06-07 12:00:00
214,Jack,Hill,M,2006-09-02,11,Inactive,100,2023-01-26 18:00:00,2023-06-08 12:00:00
215,Theodore,Anderson,M,2006-06-24,12,Inactive,100,2023-02-01 15:00:00,2023-09-10 12:00:00
216,Aiden,Allen,M,2006-03-11,11,Inactive,100,2023-02-04 16:00:00,2023-06-17 12:00:00
217,Brooklyn,Lewis,F,2006-05-25,12,Inactive,100,2023-02-10 13:00:00,2023-11-14 12:00:00
218,Logan,Davis,M,2008-04-22,11,Inactive,100,2023-02-12 14:00:00,2024-11-15 12:00:00
219,Ava,Moore,F,2006-08-22,12,Inactive,100,2023-02-16 16:00:00,2023-09-23 12:00:00
220,Aurora,Rodriguez,F,2007-10-09,12,Inactive,100,2023-02-19 15:00:00,2024-12-06 12:00:00
221,Oliver,Rodriguez,M,2010-09-19,7,Inactive,100,2023-02-20 14:00:00,2023-07-03 12:00:00
222,Dylan,Williams,M,2007-02-26,11,Inactive,100,2023-02-21 13:00:00,2025-02-28 12:00:00
223,Brooklyn,Moore,F,2006-11-16,11,Inactive,100,2023-02-22 17:00:00,2023-03-22 12:00:00
224,Carter,Jones,M,2007-05-21,11,Inactive,100,2023-02-23 16:00:00,2024-02-25 12:00:00
225,Caroline,Walker,F,2008-05-10,9,Inactive,100,2023-02-24 18:00:00,2023-07-07 12:00:00
226,David,Smith,M,2007-07-21,11,Inactive,100,2023-02-25 14:00:00,2024-11-22 12:00:00
227,Owen,Martinez,M,2010-07-09,7,Inactive,100,2023-02-28 17:00:00,2023-07-11 12:00:00
228,Harper,Walker,F,2008-11-06,12,Inactive,100,2023-03-02 14:00:00,2024-10-19 12:00:00
229,Claire,Williams,F,2006-06-02,12,Inactive,100,2023-03-03 13:00:00,2023-09-09 12:00:00
230,Lucy,Nelson,F,2010-10-12,9,Active,100,2023-03-07 18:00:00,2025-11-03 12:00:00
231,Avery,Taylor,F,2008-05-23,11,Inactive,100,2023-03-13 14:00:00,2025-03-08 12:00:00
232,Ava,Mitchell,F,2007-10-18,12,Inactive,100,2023-03-14 18:00:00,2025-03-11 12:00:00
233,Alexander,Garcia,M,2011-07-22,6,Inactive,100,2023-03-15 15:00:00,2023-07-26 12:00:00
234,David,Gonzalez,M,2008-01-21,10,Inactive,100,2023-03-17 16:00:00,2024-09-30 12:00:00
235,Chloe,Perez,F,2008-08-24,12,Inactive,100,2023-03-18 16:00:00,2025-11-08 12:00:00
236,Ellie,Brown,F,2011-06-01,6,Inactive,100,2023-03-19 18:00:00,2023-07-30 12:00:00
237,Luke,Nguyen,M,2010-12-17,7,Inactive,100,2023-03-21 14:00:00,2023-08-01 12:00:00
238,James,Nguyen,M,2007-01-10,12,Inactive,100,2023-03-22 14:00:00,2024-11-26 12:00:00
239,Maverick,Hill,M,2007-07-26,11,Inactive,100,2023-03-26 17:00:00,2025-10-21 12:00:00
240,Penelope,Thompson,F,2008-01-14,9,Inactive,100,2023-03-28 13:00:00,2023-08-08 12:00:00
241,Willow,Garcia,F,2011-08-07,9,Inactive,100,2023-03-30 15:00:00,2024-12-06 12:00:00
242,Isabella,Hall,F,2008-10-15,11,Inactive,100,2023-03-31 16:00:00,2025-11-16 12:00:00
243,Benjamin,Scott,M,2007-10-16,10,Inactive,100,2023-04-04 14:00:00,2023-04-18 12:00:00
244,Grayson,Hall,M,2011-08-14,7,Inactive,100,2023-04-10 13:00:00,2025-03-22 12:00:00
245,Anthony,Lewis,M,2008-11-28,12,Inactive,100,2023-04-11 16:00:00,2024-10-08 12:00:00
246,Avery,Baker,F,2007-07-14,10,Inactive,100,2023-04-16 13:00:00,2023-08-27 12:00:00
247,Isabella,Rivera,F,2008-04-11,12,Inactive,100,2023-04-17 13:00:00,2024-11-26 12:00:00
248,Maverick,Green,M,2008-05-11,10,Inactive,100,2023-04-20 15:00:00,2024-02-20 12:00:00
249,Skylar,Brown,F,2006-12-11,12,Inactive,100,2023-04-30 17:00:00,2023-11-10 12:00:00
250,Aurora,Wright,F,2006-04-16,12,Inactive,100,2023-05-01 17:00:00,2025-02-19 12:00:00
251,Lincoln,Mitchell,M,2006-07-01,12,Inactive,100,2023-05-02 13:00:00,2023-09-19 12:00:00
252,Paisley,Young,F,2011-03-15,9,Active,100,2023-05-03 18:00:00,2025-11-01 12:00:00
253,Emilia,Young,F,2007-04-18,10,Inactive,100,2023-05-04 15:00:00,2023-09-14 12:00:00
254,Luke,Gonzalez,M,2007-05-11,12,Inactive,100,2023-05-05 18:00:00,2024-09-23 12:00:00
255,Brooklyn,Lewis,F,2006-11-12,12,Inactive,100,2023-05-12 13:00:00,2023-10-20 12:00:00
256,Jack,Martinez,M,2008-07-22,12,Inactive,100,2023-05-21 13:00:00,2024-11-27 12:00:00
257,William,Smith,M,2007-03-19,11,Inactive,100,2023-05-22 16:00:00,2025-09-22 12:00:00
258,Stella,Rivera,F,2011-10-08,7,Inactive,100,2023-05-24 14:00:00,2024-01-14 12:00:00
259,Elijah,Campbell,M,2007-04-28,10,Inactive,100,2023-05-28 18:00:00,2023-10-08 12:00:00
260,Aiden,Roberts,M,2011-06-03,6,Inactive,100,2023-06-03 15:00:00,2023-10-14 12:00:00
261,Caroline,Harris,F,2011-07-21,6,Inactive,100,2023-06-11 15:00:00,2023-10-22 12:00:00
262,Ellie,Lee,F,2008-10-25,10,Inactive,100,2023-06-14 18:00:00,2024-03-26 12:00:00
263,Lucas,Williams,M,2011-08-26,8,Inactive,100,2023-06-15 17:00:00,2025-09-22 12:00:00
264,Olivia,Allen,F,2007-05-23,12,Active,100,2023-06-17 14:00:00,2025-11-14 12:00:00
265,Harper,Hill,F,2008-01-18,12,Inactive,100,2023-06-19 16:00:00,2025-09-15 12:00:00
266,Victoria,Garcia,F,2006-11-18,11,Inactive,100,2023-06-29 16:00:00,2023-11-09 12:00:00
267,Carter,White,M,2007-01-27,10,Inactive,100,2023-07-01 15:00:00,2023-11-11 12:00:00
268,Lucy,King,F,2011-08-28,6,Inactive,100,2023-07-02 17:00:00,2023-11-12 12:00:00
269,Logan,Sanchez,M,2007-08-07,11,Inactive,100,2023-07-03 13:00:00,2024-02-19 12:00:00
270,Aiden,Scott,M,2006-03-24,12,Inactive,100,2023-07-06 16:00:00,2023-09-18 12:00:00
271,Luca,Nelson,M,2006-05-06,12,Inactive,100,2023-07-11 15:00:00,2023-10-24 12:00:00
272,Mateo,Miller,M,2011-06-13,7,Inactive,100,2023-07-19 14:00:00,2024-10-07 12:00:00
273,Isabella,Johnson,F,2007-10-06,12,Inactive,100,2023-07-21 13:00:00,2025-10-10 12:00:00
274,Charles,Jackson,M,2011-05-21,7,Inactive,100,2023-07-22 14:00:00,2024-11-27 12:00:00
275,Emily,Thomas,F,2007-12-02,11,Inactive,100,2023-07-25 17:00:00,2025-02-14 12:00:00
276,Daniel,Young,M,2006-09-02,12,Inactive,100,2023-07-26 15:00:00,2024-02-16 12:00:00
277,Sebastian,Young,M,2006-02-28,12,Inactive,100,2023-07-28 13:00:00,2024-02-13 12:00:00
278,Isaac,Martinez,M,2008-02-18,12,Active,100,2023-07-29 13:00:00,2025-10-25 12:00:00
279,Willow,Robinson,F,2007-01-05,11,Inactive,100,2023-07-30 13:00:00,2024-03-18 12:00:00
280,Jayden,Hernandez,M,2008-01-04,12,Inactive,100,2023-08-01 17:00:00,2025-11-24 12:00:00
281,Hazel,Harris,F,2007-11-20,12,Inactive,100,2023-08-03 18:00:00,2024-09-16 12:00:00
282,Elias,Rivera,M,2006-06-07,11,Inactive,100,2023-08-05 13:00:00,2023-12-16 12:00:00
283,Jayden,Gonzalez,M,2011-04-27,8,Inactive,100,2023-08-06 18:00:00,2025-03-11 12:00:00
284,Benjamin,White,M,2006-04-27,12,Inactive,100,2023-08-09 18:00:00,2023-10-02 12:00:00
285,Scarlett,Carter,F,2006-12-23,12,Inactive,100,2023-08-13 13:00:00,2023-09-12 12:00:00
286,Isabella,Nelson,F,2006-01-24,12,Inactive,100,2023-08-15 14:00:00,2025-10-10 12:00:00
287,Hudson,Brown,M,2007-06-08,12,Inactive,100,2023-08-16 17:00:00,2025-09-13 12:00:00
288,Nora,Campbell,F,2008-06-08,9,Inactive,100,2023-08-17 13:00:00,2023-12-28 12:00:00
289,Scarlett,Williams,F,2006-04-12,12,Inactive,100,2023-08-23 18:00:00,2023-09-09 12:00:00
290,Dylan,White,M,2010-02-26,7,Inactive,100,2023-08-25 16:00:00,2024-01-05 12:00:00
291,Logan,Miller,M,2006-10-16,11,Inactive,100,2023-08-26 13:00:00,2024-01-06 12:00:00
292,Hazel,Rivera,F,2006-04-11,12,Inactive,100,2023-08-29 18:00:00,2023-10-29 12:00:00
293,Sofia,Roberts,F,2007-06-22,11,Inactive,100,2023-09-01 17:00:00,2025-09-20 12:00:00
294,Wyatt,Harris,M,2006-12-25,11,Inactive,100,2023-09-02 13:00:00,2024-01-13 12:00:00
295,Noah,Campbell,M,2007-02-06,11,Active,100,2023-09-03 17:00:00,2025-09-10 12:00:00
296,Lily,Walker,F,2010-08-05,7,Inactive,100,2023-09-04 17:00:00,2024-01-15 12:00:00
297,Mateo,Rivera,M,2006-06-21,12,Inactive,100,2023-09-06 15:00:00,2023-11-17 12:00:00
298,Aria,Miller,F,2010-11-04,8,Inactive,100,2023-09-09 13:00:00,2025-03-29 12:00:00
299,Jacob,Roberts,M,2006-02-07,12,Inactive,100,2023-09-11 14:00:00,2024-09-16 12:00:00
300,Victoria,Harris,F,2008-12-20,12,Inactive,100,2023-09-14 16:00:00,2025-11-13 12:00:00
301,Olivia,Davis,F,2007-01-19,12,Inactive,100,2023-09-16 17:00:00,2025-11-13 12:00:00
302,Jacob,Perez,M,2010-05-28,7,Inactive,100,2023-09-17 14:00:00,2024-01-28 12:00:00
303,Brooklyn,Campbell,F,2007-03-15,10,Inactive,100,2023-09-19 14:00:00,2024-01-30 12:00:00
304,Bella,Smith,F,2006-01-28,12,Inactive,100,2023-09-20 17:00:00,2023-11-19 12:00:00
305,Theodore,Brown,M,2010-11-01,7,Inactive,100,2023-09-21 16:00:00,2024-02-01 12:00:00
306,Leah,White,F,2010-06-15,8,Inactive,100,2023-09-24 15:00:00,2025-03-07 12:00:00
307,Samantha,Hill,F,2008-05-12,9,Inactive,100,2023-09-25 16:00:00,2024-02-05 12:00:00
308,Bella,Brown,F,2008-09-08,9,Inactive,100,2023-09-26 13:00:00,2024-02-06 12:00:00
309,Hazel,Garcia,F,2011-12-15,8,Inactive,100,2023-09-27 18:00:00,2025-10-06 12:00:00
310,Logan,Rodriguez,M,2007-01-05,10,Inactive,100,2023-09-29 18:00:00,2024-02-09 12:00:00
311,Abigail,King,F,2011-09-09,8,Inactive,100,2023-10-01 14:00:00,2024-10-21 12:00:00
312,Scarlett,Thompson,F,2008-08-28,10,Inactive,100,2023-10-03 14:00:00,2024-03-16 12:00:00
313,Isabella,Robinson,F,2006-02-26,12,Inactive,100,2023-10-05 13:00:00,2024-09-10 12:00:00
314,Violet,Martinez,F,2006-05-09,12,Inactive,100,2023-10-07 13:00:00,2023-12-01 12:00:00
315,Scarlet,Carter,F,2006-11-09,12,Inactive,100,2023-10-08 18:00:00,2025-09-15 12:00:00
316,Harper,Nguyen,F,2010-12-17,9,Inactive,100,2023-10-09 15:00:00,2025-10-15 12:00:00
317,Liam,White,M,2008-08-10,11,Inactive,100,2023-10-10 16:00:00,2024-10-28 12:00:00
318,Josiah,Adams,M,2007-09-27,11,Inactive,100,2023-10-11 15:00:00,2025-01-24 12:00:00
319,Mason,Scott,M,2006-06-15,12,Inactive,100,2023-10-12 15:00:00,2024-09-14 12:00:00
320,Zoey,Thomas,F,2007-05-16,10,Inactive,100,2023-10-13 13:00:00,2024-02-23 12:00:00
321,Anna,Jones,F,2011-03-04,8,Inactive,100,2023-10-14 13:00:00,2025-10-04 12:00:00
322,Liam,Davis,M,2010-12-26,11,Inactive,100,2023-10-15 16:00:00,2025-09-28 12:00:00
323,Jayden,Wilson,M,2007-08-03,10,Inactive,100,2023-10-18 14:00:00,2024-02-28 12:00:00
324,Avery,Mitchell,F,2007-01-25,10,Inactive,100,2023-10-19 18:00:00,2024-02-29 12:00:00
325,Anna,Martin,F,2011-12-01,6,Inactive,100,2023-10-20 14:00:00,2024-03-01 12:00:00
326,Henry,Campbell,M,2007-10-01,11,Active,100,2023-10-22 16:00:00,2025-09-13 12:00:00
327,Amelia,Campbell,F,2006-08-28,12,Inactive,100,2023-10-23 16:00:00,2025-01-17 12:00:00
328,Leah,Rodriguez,F,2006-05-18,12,Inactive,100,2023-10-24 15:00:00,2023-11-25 12:00:00
329,Claire,Garcia,F,2007-01-20,11,Inactive,100,2023-10-27 15:00:00,2025-11-25 12:00:00
330,Logan,Robinson,M,2006-07-13,11,Inactive,100,2023-10-29 14:00:00,2024-03-10 12:00:00
331,James,Robinson,M,2007-02-24,10,Inactive,100,2023-10-31 15:00:00,2023-11-28 12:00:00
332,Zoey,Garcia,F,2010-10-24,9,Inactive,100,2023-11-01 15:00:00,2025-10-04 12:00:00
333,Benjamin,Harris,M,2007-01-17,12,Inactive,100,2023-11-02 16:00:00,2025-01-09 12:00:00
334,Emma,Carter,F,2010-11-18,8,Inactive,100,2023-11-06 18:00:00,2025-10-10 12:00:00
335,Michael,Moore,M,2007-11-25,12,Inactive,100,2023-11-08 17:00:00,2025-10-25 12:00:00
336,Mateo,Lopez,M,2008-01-24,10,Inactive,100,2023-11-12 17:00:00,2025-09-26 12:00:00
337,Lily,Adams,F,2010-07-25,8,Inactive,100,2023-11-14 18:00:00,2025-10-31 12:00:00
338,David,Lewis,M,2007-06-11,10,Inactive,100,2023-11-15 13:00:00,2024-03-27 12:00:00
339,Oliver,Torres,M,2007-08-12,12,Active,100,2023-11-16 14:00:00,2025-09-18 12:00:00
340,Logan,Harris,M,2007-05-02,11,Inactive,100,2023-11-18 14:00:00,2024-10-08 12:00:00
341,Aiden,Young,M,2006-05-18,12,Inactive,100,2023-11-21 18:00:00,2024-09-15 12:00:00
342,Emma,Moore,F,2006-07-06,12,Inactive,100,2023-11-23 16:00:00,2024-10-08 12:00:00
343,Abigail,Nguyen,F,2007-08-20,12,Inactive,100,2023-11-24 16:00:00,2025-10-21 12:00:00
344,Paisley,Mitchell,F,2011-10-24,8,Inactive,100,2023-11-28 15:00:00,2024-11-07 12:00:00
345,Hudson,Hernandez,M,2007-07-19,10,Inactive,100,2023-11-29 15:00:00,2024-04-10 12:00:00
346,Benjamin,Hill,M,2011-11-02,7,Active,100,2023-11-30 15:00:00,2025-11-13 12:00:00
347,Emma,White,F,2010-01-15,9,Inactive,100,2023-12-01 17:00:00,2024-09-30 12:00:00
348,Caroline,Wilson,F,2007-11-26,10,Inactive,100,2023-12-03 15:00:00,2024-04-14 12:00:00
349,Elias,Davis,M,2011-11-28,6,Inactive,100,2023-12-05 13:00:00,2024-04-16 12:00:00
350,Paisley,Torres,F,2006-06-09,11,Inactive,100,2023-12-06 14:00:00,2023-12-13 12:00:00
351,Claire,Campbell,F,2006-03-17,11,Inactive,100,2023-12-07 17:00:00,2024-04-18 12:00:00
352,Chloe,Hall,F,2006-01-09,12,Inactive,100,2023-12-09 13:00:00,2024-10-05 12:00:00
353,Oliver,Taylor,M,2007-10-04,10,Inactive,100,2023-12-10 13:00:00,2024-04-21 12:00:00
354,Penelope,Garcia,F,2011-07-19,7,Inactive,100,2023-12-12 14:00:00,2025-02-26 12:00:00
355,Elijah,Flores,M,2007-11-17,12,Inactive,100,2023-12-13 18:00:00,2025-09-27 12:00:00
356,Ethan,Anderson,M,2006-09-05,11,Inactive,100,2023-12-14 14:00:00,2024-04-25 12:00:00
357,Abigail,Rodriguez,F,2010-08-23,7,Inactive,100,2023-12-15 13:00:00,2024-04-26 12:00:00
358,John,Sanchez,M,2007-11-16,10,Inactive,100,2023-12-17 13:00:00,2024-04-28 12:00:00
359,Jackson,Wilson,M,2010-05-17,9,Inactive,100,2023-12-20 15:00:00,2024-09-27 12:00:00
360,Jack,Nelson,M,2007-08-20,11,Inactive,100,2023-12-23 18:00:00,2024-11-13 12:00:00
361,Hannah,Hill,F,2010-05-24,11,Inactive,100,2023-12-24 13:00:00,2025-10-01 12:00:00
362,Nora,Hill,F,2010-10-05,8,Inactive,100,2023-12-29 16:00:00,2025-01-19 12:00:00
363,Aiden,Flores,M,2011-01-26,6,Inactive,100,2023-12-30 15:00:00,2024-05-11 12:00:00
364,Harper,Baker,F,2012-02-19,6,Inactive,120,2024-01-01 13:00:00,2024-05-13 12:00:00
365,Liam,Perez,M,2008-05-23,12,Inactive,120,2024-01-06 13:00:00,2025-09-22 12:00:00
366,Dylan,Garcia,M,2008-08-25,10,Inactive,120,2024-01-09 15:00:00,2024-05-21 12:00:00
367,Elias,Clark,M,2012-07-27,8,Inactive,120,2024-01-10 18:00:00,2025-11-06 12:00:00
368,Luca,Nguyen,M,2007-10-27,12,Inactive,120,2024-01-12 15:00:00,2025-09-13 12:00:00
369,Benjamin,Nguyen,M,2007-10-17,12,Inactive,120,2024-01-13 15:00:00,2024-11-24 12:00:00
370,Stella,Flores,F,2008-08-24,10,Inactive,120,2024-01-14 13:00:00,2024-05-26 12:00:00
371,Emily,Johnson,F,2007-02-11,12,Inactive,120,2024-01-15 16:00:00,2024-10-13 12:00:00
372,Hannah,Harris,F,2009-08-26,9,Inactive,120,2024-01-18 13:00:00,2024-05-16 12:00:00
373,Maverick,Hernandez,M,2009-12-07,12,Inactive,120,2024-01-19 18:00:00,2025-11-29 12:00:00
374,Lily,Wright,F,2008-07-26,11,Inactive,120,2024-01-24 18:00:00,2024-12-07 12:00:00
375,Avery,Rivera,F,2011-09-13,7,Inactive,120,2024-01-29 13:00:00,2024-06-10 12:00:00
376,Scarlett,Taylor,F,2008-09-23,12,Inactive,120,2024-01-30 14:00:00,2025-11-27 12:00:00
377,Stella,King,F,2008-08-26,12,Inactive,120,2024-01-31 15:00:00,2024-11-05 12:00:00
378,Aria,Robinson,F,2012-02-17,7,Inactive,120,2024-02-01 14:00:00,2025-01-16 12:00:00
379,Emma,King,F,2007-08-27,11,Inactive,120,2024-02-03 16:00:00,2024-06-15 12:00:00
380,John,Gonzalez,M,2009-04-22,9,Inactive,120,2024-02-04 15:00:00,2024-06-16 12:00:00
381,Scarlet,Thomas,F,2009-11-19,10,Inactive,120,2024-02-06 14:00:00,2025-11-29 12:00:00
382,Lucas,Robinson,M,2009-11-19,9,Inactive,120,2024-02-07 17:00:00,2024-06-19 12:00:00
383,Grace,Flores,F,2011-06-09,7,Inactive,120,2024-02-09 15:00:00,2024-06-21 12:00:00
384,Nova,Allen,F,2009-01-11,11,Active,120,2024-02-10 18:00:00,2025-09-26 12:00:00
385,Savannah,White,F,2009-11-17,9,Inactive,120,2024-02-15 14:00:00,2024-04-11 12:00:00
386,Sophia,Baker,F,2009-06-10,9,Inactive,120,2024-02-17 18:00:00,2024-03-09 12:00:00
387,Samantha,Thompson,F,2009-05-28,10,Inactive,120,2024-02-18 17:00:00,2025-01-15 12:00:00
388,Anna,Sanchez,F,2008-05-08,10,Inactive,120,2024-02-19 18:00:00,2024-07-01 12:00:00
389,Mia,Green,F,2008-02-10,12,Inactive,120,2024-02-23 15:00:00,2024-10-07 12:00:00
390,Penelope,Ramirez,F,2007-05-01,12,Inactive,120,2024-02-24 17:00:00,2024-09-15 12:00:00
391,Willow,Martinez,F,2008-04-14,11,Inactive,120,2024-02-25 14:00:00,2025-04-08 12:00:00
392,Nova,Jones,F,2008-11-02,12,Inactive,120,2024-02-26 13:00:00,2025-10-11 12:00:00
393,Caroline,Thomas,F,2012-08-07,7,Inactive,120,2024-02-27 13:00:00,2025-03-23 12:00:00
394,Hudson,Hall,M,2007-11-21,11,Inactive,120,2024-03-01 15:00:00,2024-07-12 12:00:00
395,Evelyn,Lopez,F,2008-05-25,12,Inactive,120,2024-03-02 16:00:00,2025-12-01 12:00:00
396,Maya,Harris,F,2008-10-23,11,Inactive,120,2024-03-03 13:00:00,2024-11-28 12:00:00
397,Hudson,Gonzalez,M,2008-01-20,12,Inactive,120,2024-03-04 14:00:00,2025-11-16 12:00:00
398,Carter,Baker,M,2007-02-20,11,Inactive,120,2024-03-08 14:00:00,2024-07-19 12:00:00
399,Claire,Carter,F,2007-06-02,12,Inactive,120,2024-03-09 14:00:00,2024-09-15 12:00:00
400,Carter,Perez,M,2009-05-08,12,Inactive,120,2024-03-18 15:00:00,2025-09-10 12:00:00
401,Nova,Thomas,F,2012-02-02,7,Inactive,120,2024-03-24 17:00:00,2025-03-03 12:00:00
402,Sebastian,Carter,M,2008-02-01,12,Active,120,2024-03-29 13:00:00,2025-11-14 12:00:00
403,Aria,Hill,F,2007-11-06,12,Inactive,120,2024-03-30 14:00:00,2025-09-13 12:00:00
404,Emma,Allen,F,2009-02-27,11,Inactive,120,2024-04-14 16:00:00,2025-11-29 12:00:00
405,Claire,Wright,F,2007-04-21,12,Inactive,120,2024-04-17 16:00:00,2024-11-16 12:00:00
406,Elijah,Wright,M,2007-09-12,12,Inactive,120,2024-04-18 15:00:00,2024-09-25 12:00:00
407,Lucy,Harris,F,2007-02-18,11,Inactive,120,2024-04-23 16:00:00,2024-09-03 12:00:00
408,Anna,White,F,2007-04-09,12,Inactive,120,2024-04-26 13:00:00,2024-09-20 12:00:00
409,Brooklyn,Lewis,F,2009-05-22,9,Inactive,120,2024-04-27 16:00:00,2024-09-07 12:00:00
410,James,Johnson,M,2012-08-12,6,Inactive,120,2024-04-29 15:00:00,2024-06-24 12:00:00
411,Anthony,Perez,M,2012-09-19,6,Inactive,120,2024-04-30 13:00:00,2024-09-10 12:00:00
412,Amelia,Green,F,2012-02-01,7,Inactive,120,2024-05-02 17:00:00,2025-03-27 12:00:00
413,Leah,Thompson,F,2011-12-06,8,Inactive,120,2024-05-03 13:00:00,2024-12-02 12:00:00
414,Aubrey,Smith,F,2007-09-18,11,Inactive,120,2024-05-04 18:00:00,2024-09-14 12:00:00
415,Theodore,Hernandez,M,2007-08-28,12,Inactive,120,2024-05-06 16:00:00,2025-11-10 12:00:00
416,Gabriel,Torres,M,2008-06-19,12,Inactive,120,2024-05-08 15:00:00,2024-11-27 12:00:00
417,Luca,Rivera,M,2012-08-04,7,Inactive,120,2024-05-14 15:00:00,2025-01-16 12:00:00
418,John,Taylor,M,2007-06-09,11,Inactive,120,2024-05-15 15:00:00,2024-09-25 12:00:00
419,Riley,Sanchez,F,2012-11-13,8,Inactive,120,2024-05-16 13:00:00,2025-11-25 12:00:00
420,Chloe,Jackson,F,2008-03-18,10,Inactive,120,2024-05-17 18:00:00,2024-05-24 12:00:00
421,Jack,Williams,M,2007-07-01,11,Inactive,120,2024-05-20 14:00:00,2024-09-30 12:00:00
422,Aria,Anderson,F,2009-07-02,11,Inactive,120,2024-05-21 16:00:00,2025-09-11 12:00:00
423,Jack,Scott,M,2007-12-01,12,Inactive,120,2024-05-23 14:00:00,2025-11-11 12:00:00
424,Caroline,Rodriguez,F,2008-05-02,10,Inactive,120,2024-05-26 15:00:00,2024-10-06 12:00:00
425,Henry,Torres,M,2007-05-07,12,Inactive,120,2024-05-28 17:00:00,2025-10-15 12:00:00
426,Nora,Jones,F,2011-01-26,10,Inactive,120,2024-05-29 13:00:00,2024-11-30 12:00:00
427,Lincoln,Torres,M,2009-07-09,11,Active,120,2024-06-02 15:00:00,2025-10-25 12:00:00
428,Zoey,Roberts,F,2007-08-05,11,Inactive,120,2024-06-04 17:00:00,2024-10-15 12:00:00
429,Mason,White,M,2007-08-08,12,Inactive,120,2024-06-05 15:00:00,2024-12-07 12:00:00
430,Henry,Torres,M,2012-12-17,7,Inactive,120,2024-06-06 17:00:00,2024-10-18 12:00:00
431,Elijah,Clark,M,2011-04-26,10,Active,120,2024-06-07 18:00:00,2025-10-17 12:00:00
432,Claire,White,F,2009-10-25,10,Inactive,120,2024-06-09 14:00:00,2025-09-11 12:00:00
433,Dylan,Brown,M,2012-09-27,7,Inactive,120,2024-06-11 15:00:00,2025-10-08 12:00:00
434,Jayden,Allen,M,2009-11-16,12,Inactive,120,2024-06-12 18:00:00,2025-11-27 12:00:00
435,Hazel,Williams,F,2008-04-03,11,Inactive,120,2024-06-13 14:00:00,2024-11-17 12:00:00
436,Leah,Green,F,2008-01-12,11,Inactive,120,2024-06-16 17:00:00,2025-11-12 12:00:00
437,Nora,Nelson,F,2009-10-07,9,Inactive,120,2024-06-22 16:00:00,2024-11-02 12:00:00
438,Harper,Robinson,F,2009-07-16,11,Inactive,120,2024-06-24 13:00:00,2024-10-30 12:00:00
439,Caroline,King,F,2009-11-02,10,Inactive,120,2024-06-26 13:00:00,2025-01-18 12:00:00
440,Ethan,Allen,M,2008-03-21,10,Inactive,120,2024-06-27 14:00:00,2024-11-07 12:00:00
441,Violet,Young,F,2009-09-26,9,Inactive,120,2024-06-29 16:00:00,2024-11-09 12:00:00
442,Anna,Jones,F,2008-04-05,10,Inactive,120,2024-07-02 15:00:00,2024-11-12 12:00:00
443,Sophia,Walker,F,2009-11-04,11,Active,120,2024-07-03 15:00:00,2025-11-13 12:00:00
444,Aiden,Wilson,M,2009-08-03,11,Active,120,2024-07-09 14:00:00,2025-11-20 12:00:00
445,Penelope,Hill,F,2007-12-20,11,Inactive,120,2024-07-11 13:00:00,2024-11-21 12:00:00
446,Lincoln,Davis,M,2007-03-01,11,Inactive,120,2024-07-13 15:00:00,2024-11-23 12:00:00
447,Nora,Green,F,2007-12-09,12,Inactive,120,2024-07-16 15:00:00,2024-09-13 12:00:00
448,Nora,Lewis,F,2011-11-07,8,Inactive,120,2024-07-22 14:00:00,2024-09-12 12:00:00
449,Aurora,Torres,F,2012-11-27,6,Inactive,120,2024-07-25 14:00:00,2024-12-05 12:00:00
450,Leo,Jones,M,2011-07-19,7,Inactive,120,2024-07-26 15:00:00,2024-12-06 12:00:00
451,Carter,Nelson,M,2009-08-07,9,Inactive,120,2024-07-29 13:00:00,2024-08-05 12:00:00
452,Nova,Carter,F,2007-08-13,11,Inactive,120,2024-07-30 17:00:00,2024-08-06 12:00:00
453,Emily,Sanchez,F,2007-03-08,11,Inactive,120,2024-08-02 15:00:00,2024-12-13 12:00:00
454,James,Hall,M,2007-09-02,11,Inactive,120,2024-08-03 15:00:00,2024-08-10 12:00:00
455,Logan,Johnson,M,2008-09-08,10,Inactive,120,2024-08-05 16:00:00,2024-12-16 12:00:00
456,Liam,Martin,M,2007-12-11,12,Inactive,120,2024-08-08 14:00:00,2024-09-28 12:00:00
457,Jackson,Thomas,M,2007-07-02,11,Inactive,120,2024-08-09 14:00:00,2024-12-20 12:00:00
458,Hannah,Perez,F,2009-07-09,12,Inactive,120,2024-08-11 16:00:00,2025-11-10 12:00:00
459,Elizabeth,Jackson,F,2007-07-12,12,Inactive,120,2024-08-12 18:00:00,2025-11-28 12:00:00
460,Lucas,Allen,M,2009-05-06,10,Inactive,120,2024-08-13 13:00:00,2025-03-28 12:00:00
461,Ava,Johnson,F,2011-10-22,7,Inactive,120,2024-08-15 13:00:00,2024-08-22 12:00:00
462,Logan,Flores,M,2007-03-12,11,Inactive,120,2024-08-18 17:00:00,2024-08-25 12:00:00
463,Dylan,Flores,M,2007-07-23,11,Inactive,120,2024-08-19 13:00:00,2024-10-28 12:00:00
464,Emily,Scott,F,2007-03-12,12,Inactive,120,2024-08-26 13:00:00,2024-09-17 12:00:00
465,Anna,White,F,2009-04-09,10,Inactive,120,2024-08-28 16:00:00,2025-12-02 12:00:00
466,Maverick,Hall,M,2009-01-21,10,Inactive,120,2024-08-31 16:00:00,2024-11-30 12:00:00
467,Anna,Sanchez,F,2009-06-04,10,Inactive,120,2024-09-02 15:00:00,2025-11-12 12:00:00
468,Maverick,Gonzalez,M,2009-11-03,10,Inactive,120,2024-09-03 13:00:00,2025-01-27 12:00:00
469,Noah,Hall,M,2011-07-28,7,Inactive,120,2024-09-04 18:00:00,2025-01-15 12:00:00
470,Elias,Hernandez,M,2007-06-03,11,Inactive,120,2024-09-05 15:00:00,2025-01-16 12:00:00
471,Gabriel,Ramirez,M,2012-01-16,9,Inactive,120,2024-09-06 15:00:00,2025-12-01 12:00:00
472,Lucas,Baker,M,2012-02-26,7,Inactive,120,2024-09-07 16:00:00,2025-11-21 12:00:00
473,Nova,Roberts,F,2007-11-28,12,Inactive,120,2024-09-09 16:00:00,2024-11-24 12:00:00
474,Leo,Johnson,M,2012-09-13,7,Inactive,120,2024-09-10 13:00:00,2024-10-18 12:00:00
475,Leo,Clark,M,2008-08-12,11,Inactive,120,2024-09-11 14:00:00,2024-12-30 12:00:00
476,Skylar,Hernandez,F,2008-08-27,12,Active,120,2024-09-12 16:00:00,2025-09-20 12:00:00
477,Savannah,Sanchez,F,2011-06-03,7,Inactive,120,2024-09-13 15:00:00,2025-01-24 12:00:00
478,Ella,Brown,F,2008-08-27,10,Inactive,120,2024-09-14 16:00:00,2025-01-25 12:00:00
479,John,Rodriguez,M,2012-03-04,8,Inactive,120,2024-09-15 15:00:00,2025-11-17 12:00:00
480,Logan,Carter,M,2008-03-13,12,Inactive,120,2024-09-16 13:00:00,2025-10-19 12:00:00
481,Hannah,Wilson,F,2011-04-19,8,Inactive,120,2024-09-17 18:00:00,2025-09-21 12:00:00
482,Sofia,Walker,F,2007-09-13,11,Inactive,120,2024-09-18 18:00:00,2025-01-29 12:00:00
483,Lily,Robinson,F,2008-04-20,10,Inactive,120,2024-09-19 13:00:00,2025-01-09 12:00:00
484,Lucas,Mitchell,M,2007-02-19,11,Inactive,120,2024-09-20 13:00:00,2025-01-31 12:00:00
485,Caroline,Wilson,F,2011-12-06,7,Inactive,120,2024-09-21 13:00:00,2025-02-01 12:00:00
486,Jacob,Wilson,M,2008-04-03,11,Inactive,120,2024-09-22 15:00:00,2024-11-25 12:00:00
487,Riley,Clark,F,2009-06-17,9,Inactive,120,2024-09-23 15:00:00,2025-02-03 12:00:00
488,Penelope,Martin,F,2007-04-02,12,Inactive,120,2024-09-24 18:00:00,2024-10-17 12:00:00
489,Evelyn,Brown,F,2007-11-03,11,Inactive,120,2024-09-27 17:00:00,2025-02-07 12:00:00
490,Violet,Garcia,F,2008-07-11,10,Inactive,120,2024-09-29 17:00:00,2025-02-09 12:00:00
491,Olivia,Clark,F,2007-06-25,11,Inactive,120,2024-09-30 14:00:00,2025-02-10 12:00:00
492,Anna,Hill,F,2009-12-14,11,Inactive,120,2024-10-01 18:00:00,2025-10-15 12:00:00
493,William,Rodriguez,M,2009-01-26,11,Active,120,2024-10-03 13:00:00,2025-10-30 12:00:00
494,Kennedy,Thomas,F,2012-08-07,7,Inactive,120,2024-10-04 13:00:00,2025-09-08 12:00:00
495,Charles,Martinez,M,2008-08-14,10,Inactive,120,2024-10-05 13:00:00,2025-02-15 12:00:00
496,Luca,Gonzalez,M,2011-06-07,8,Inactive,120,2024-10-07 14:00:00,2025-11-03 12:00:00
497,Scarlett,King,F,2008-06-01,11,Active,120,2024-10-08 15:00:00,2025-10-15 12:00:00
498,Hazel,Thomas,F,2008-05-15,10,Inactive,120,2024-10-09 17:00:00,2025-02-19 12:00:00
499,Willow,Williams,F,2008-01-19,12,Inactive,120,2024-10-10 13:00:00,2025-01-12 12:00:00
500,Savannah,Martinez,F,2011-10-26,7,Inactive,120,2024-10-11 16:00:00,2025-02-21 12:00:00
501,Mia,Davis,F,2007-05-04,12,Inactive,120,2024-10-12 17:00:00,2024-11-23 12:00:00
502,Emily,Anderson,F,2007-08-15,11,Inactive,120,2024-10-13 18:00:00,2025-02-23 12:00:00
503,Paisley,Rodriguez,F,2009-12-10,9,Inactive,120,2024-10-14 14:00:00,2024-10-21 12:00:00
504,Willow,Thomas,F,2008-07-13,12,Inactive,120,2024-10-16 13:00:00,2025-11-24 12:00:00
505,Leo,Green,M,2012-11-02,7,Inactive,120,2024-10-17 14:00:00,2024-11-04 12:00:00
506,Logan,Miller,M,2008-01-20,10,Inactive,120,2024-10-18 13:00:00,2025-02-28 12:00:00
507,Chloe,Wright,F,2011-06-12,9,Active,120,2024-10-19 15:00:00,2025-10-27 12:00:00
508,Grayson,Mitchell,M,2011-03-10,7,Inactive,120,2024-10-20 15:00:00,2025-03-02 12:00:00
509,Josiah,Williams,M,2007-09-02,11,Inactive,120,2024-10-21 16:00:00,2024-10-28 12:00:00
510,Maverick,Davis,M,2007-10-11,12,Inactive,120,2024-10-22 16:00:00,2024-11-08 12:00:00
511,Dylan,Walker,M,2012-10-03,8,Inactive,120,2024-10-23 15:00:00,2025-04-09 12:00:00
512,Benjamin,Ramirez,M,2007-05-26,12,Inactive,120,2024-10-24 14:00:00,2025-10-13 12:00:00
513,Hazel,Roberts,F,2007-02-08,12,Inactive,120,2024-10-25 17:00:00,2024-11-19 12:00:00
514,Mia,Green,F,2008-11-21,12,Inactive,120,2024-10-26 17:00:00,2025-11-07 12:00:00
515,Ellie,Adams,F,2009-08-16,10,Inactive,120,2024-10-27 15:00:00,2025-03-25 12:00:00
516,Olivia,Smith,F,2008-05-02,12,Inactive,120,2024-10-27 14:00:00,2025-11-09 12:00:00
517,Michael,Wilson,M,2007-03-01,12,Inactive,120,2024-10-28 16:00:00,2024-11-22 12:00:00
518,Jayden,Smith,M,2008-03-11,12,Inactive,120,2024-10-28 13:00:00,2025-11-06 12:00:00
519,Ella,Mitchell,F,2009-04-19,10,Inactive,120,2024-10-29 17:00:00,2025-10-15 12:00:00
520,Olivia,Thomas,F,2008-01-24,11,Inactive,120,2024-10-31 18:00:00,2025-09-17 12:00:00
521,Jayden,Robinson,M,2007-09-05,12,Inactive,120,2024-11-01 14:00:00,2025-09-10 12:00:00
522,Penelope,Hill,F,2008-06-27,11,Inactive,120,2024-11-01 16:00:00,2025-10-19 12:00:00
523,Michael,Williams,M,2007-06-15,12,Inactive,120,2024-11-02 16:00:00,2024-11-19 12:00:00
524,Aria,Moore,F,2008-12-04,11,Inactive,120,2024-11-02 15:00:00,2025-09-18 12:00:00
525,Charles,Lopez,M,2007-09-19,12,Inactive,120,2024-11-03 13:00:00,2025-03-26 12:00:00
526,Anthony,Campbell,M,2007-07-05,12,Inactive,120,2024-11-03 13:00:00,2025-10-08 12:00:00
527,Chloe,Green,F,2008-06-16,11,Inactive,120,2024-11-04 18:00:00,2025-11-03 12:00:00
528,Isabella,Wright,F,2007-12-26,11,Inactive,120,2024-11-04 16:00:00,2024-11-11 12:00:00
529,Elijah,Hernandez,M,2007-06-09,11,Inactive,120,2024-11-05 14:00:00,2025-03-18 12:00:00
530,Lucy,Nelson,F,2011-09-01,7,Inactive,120,2024-11-06 17:00:00,2024-11-13 12:00:00
531,William,Young,M,2009-11-17,10,Inactive,120,2024-11-06 14:00:00,2025-10-26 12:00:00
532,Aria,Sanchez,F,2011-10-03,9,Inactive,120,2024-11-07 16:00:00,2025-09-24 12:00:00
533,David,Gonzalez,M,2007-08-11,11,Inactive,120,2024-11-07 17:00:00,2024-11-14 12:00:00
534,Sofia,Davis,F,2008-12-12,10,Inactive,120,2024-11-09 17:00:00,2025-03-22 12:00:00
535,Carter,Nguyen,M,2012-02-24,7,Active,120,2024-11-11 15:00:00,2025-10-13 12:00:00
536,Lucas,Wilson,M,2008-02-16,11,Inactive,120,2024-11-12 13:00:00,2025-10-02 12:00:00
537,Mia,Nelson,F,2012-03-27,8,Inactive,120,2024-11-12 16:00:00,2024-12-07 12:00:00
538,Maya,Hall,F,2008-04-21,11,Inactive,120,2024-11-14 17:00:00,2025-09-29 12:00:00
539,Lily,Gonzalez,F,2008-12-01,10,Inactive,120,2024-11-15 15:00:00,2024-11-22 12:00:00
540,Leah,Hill,F,2008-04-11,10,Inactive,120,2024-11-17 14:00:00,2024-11-24 12:00:00
541,Jack,King,M,2011-01-14,8,Active,120,2024-11-17 16:00:00,2025-10-22 12:00:00
542,Ellie,Hill,F,2011-09-15,7,Inactive,120,2024-11-18 15:00:00,2025-03-31 12:00:00
543,Penelope,Nelson,F,2008-07-14,12,Inactive,120,2024-11-19 15:00:00,2025-10-02 12:00:00
544,Scarlett,Hill,F,2007-09-01,11,Inactive,120,2024-11-19 17:00:00,2024-11-26 12:00:00
545,Harper,Sanchez,F,2008-06-23,11,Inactive,120,2024-11-21 14:00:00,2025-10-12 12:00:00
546,Amelia,Miller,F,2009-12-27,9,Inactive,120,2024-11-21 17:00:00,2025-04-03 12:00:00
547,Aubrey,Robinson,F,2007-10-04,11,Inactive,120,2024-11-22 16:00:00,2025-04-04 12:00:00
548,Violet,Nelson,F,2008-04-03,11,Active,120,2024-11-22 16:00:00,2025-09-20 12:00:00
549,William,Adams,M,2007-07-19,11,Inactive,120,2024-11-23 18:00:00,2024-11-30 12:00:00
550,Logan,Hernandez,M,2007-12-08,11,Inactive,120,2024-11-25 16:00:00,2025-03-17 12:00:00
551,Hannah,Lee,F,2007-06-22,12,Inactive,120,2024-11-26 13:00:00,2025-11-16 12:00:00
552,Jacob,Rivera,M,2007-04-11,12,Inactive,120,2024-11-27 16:00:00,2025-09-20 12:00:00
553,Genesis,Harris,F,2009-07-22,11,Inactive,120,2024-11-27 13:00:00,2025-10-05 12:00:00
554,Scarlet,Wright,F,2009-04-15,10,Inactive,120,2024-11-28 16:00:00,2025-10-28 12:00:00
555,Isaac,Davis,M,2009-12-02,10,Inactive,120,2024-11-29 15:00:00,2025-09-20 12:00:00
556,Scarlett,Smith,F,2009-06-14,9,Inactive,120,2024-11-30 15:00:00,2025-04-12 12:00:00
557,Hazel,Walker,F,2009-05-25,9,Inactive,120,2024-11-30 18:00:00,2024-12-07 12:00:00
558,Ellie,Rivera,F,2009-03-10,10,Inactive,120,2024-12-01 13:00:00,2025-11-27 12:00:00
559,Alexander,Thomas,M,2007-08-07,11,Inactive,120,2024-12-03 16:00:00,2025-04-15 12:00:00
560,Jack,Moore,M,2008-06-16,10,Inactive,120,2024-12-07 13:00:00,2024-12-14 12:00:00
561,Ava,Wilson,F,2009-08-15,9,Inactive,120,2024-12-07 18:00:00,2024-12-14 12:00:00
562,Lucas,Anderson,M,2007-03-05,12,Inactive,120,2024-12-10 18:00:00,2025-12-02 12:00:00
563,Grace,Rodriguez,F,2009-05-23,9,Inactive,120,2024-12-12 14:00:00,2024-12-19 12:00:00
564,Kennedy,Carter,F,2011-03-22,8,Inactive,120,2024-12-13 13:00:00,2025-10-12 12:00:00
565,Genesis,Jones,F,2007-01-12,12,Active,120,2024-12-14 15:00:00,2025-11-01 12:00:00
566,Elizabeth,Hall,F,2009-12-07,9,Inactive,120,2024-12-14 17:00:00,2025-04-26 12:00:00
567,Wyatt,White,M,2009-03-18,10,Inactive,120,2024-12-15 17:00:00,2025-11-28 12:00:00
568,Sophia,Hall,F,2007-02-18,11,Inactive,120,2024-12-15 15:00:00,2025-04-27 12:00:00
569,Kennedy,Carter,F,2007-01-24,12,Active,120,2024-12-16 18:00:00,2025-11-18 12:00:00
570,Caroline,Martinez,F,2008-02-06,11,Inactive,120,2024-12-16 14:00:00,2025-10-13 12:00:00
571,Hazel,Jackson,F,2007-05-03,12,Inactive,120,2024-12-17 17:00:00,2025-09-15 12:00:00
572,Luca,Walker,M,2009-09-18,11,Inactive,120,2024-12-18 13:00:00,2025-11-25 12:00:00
573,Anthony,Scott,M,2008-11-18,12,Inactive,120,2024-12-18 15:00:00,2025-09-23 12:00:00
574,David,Moore,M,2011-06-13,7,Inactive,120,2024-12-21 15:00:00,2024-12-28 12:00:00
575,Ethan,Hernandez,M,2008-05-23,12,Inactive,120,2024-12-22 17:00:00,2025-10-24 12:00:00
576,Wyatt,Davis,M,2009-09-13,9,Inactive,120,2024-12-25 15:00:00,2025-06-18 12:00:00
577,Nora,Jones,F,2007-06-15,12,Inactive,120,2024-12-27 13:00:00,2025-10-10 12:00:00
578,Oliver,Martinez,M,2008-09-03,10,Inactive,120,2024-12-29 18:00:00,2025-07-06 12:00:00
579,Brooklyn,Perez,F,2009-08-24,9,Inactive,120,2024-12-29 18:00:00,2025-05-25 12:00:00
580,Michael,Adams,M,2009-01-13,9,Inactive,120,2024-12-30 18:00:00,2025-05-12 12:00:00
581,Caroline,Thompson,F,2009-02-28,10,Inactive,120,2024-12-30 14:00:00,2025-11-24 12:00:00
582,Caroline,White,F,2007-01-27,11,Inactive,120,2024-12-31 15:00:00,2025-05-13 12:00:00
583,Asher,White,M,2010-01-02,9,Inactive,120,2025-01-01 15:00:00,2025-05-28 12:00:00
584,Ava,Scott,F,2008-04-11,11,Inactive,120,2025-01-02 15:00:00,2025-06-05 12:00:00
585,Sebastian,Young,M,2008-04-27,12,Inactive,120,2025-01-03 17:00:00,2025-09-28 12:00:00
586,Bella,Scott,F,2008-04-12,11,Inactive,120,2025-01-03 14:00:00,2025-05-30 12:00:00
587,Asher,Thomas,M,2008-06-27,11,Inactive,120,2025-01-06 18:00:00,2025-03-31 12:00:00
588,Emily,Hall,F,2012-10-02,7,Inactive,120,2025-01-08 15:00:00,2025-05-14 12:00:00
589,Thomas,Lee,M,2008-02-22,12,Inactive,120,2025-01-08 18:00:00,2025-11-29 12:00:00
590,Ellie,King,F,2010-08-01,10,Active,120,2025-01-11 18:00:00,2025-10-02 12:00:00
591,Aubrey,Jackson,F,2010-02-24,9,Inactive,120,2025-01-12 15:00:00,2025-05-25 12:00:00
592,Savannah,Davis,F,2013-02-26,7,Inactive,120,2025-01-14 17:00:00,2025-10-06 12:00:00
593,Evelyn,Wright,F,2008-12-08,11,Inactive,120,2025-01-14 14:00:00,2025-05-20 12:00:00
594,Grayson,Wilson,M,2008-05-03,12,Inactive,120,2025-01-15 14:00:00,2025-11-16 12:00:00
595,Bella,Gonzalez,F,2008-04-20,11,Inactive,120,2025-01-15 18:00:00,2025-07-02 12:00:00
596,Hazel,Moore,F,2009-09-27,10,Inactive,120,2025-01-23 17:00:00,2025-06-05 12:00:00
597,Mia,Garcia,F,2009-04-21,10,Inactive,120,2025-01-27 16:00:00,2025-06-23 12:00:00
598,James,Garcia,M,2013-03-16,7,Inactive,120,2025-01-28 13:00:00,2025-11-10 12:00:00
599,Leah,Brown,F,2010-03-27,11,Active,120,2025-01-31 18:00:00,2025-11-15 12:00:00
600,Sebastian,Lewis,M,2010-08-20,9,Inactive,120,2025-01-31 17:00:00,2025-06-27 12:00:00
601,Amelia,Lee,F,2010-07-09,10,Inactive,120,2025-02-01 18:00:00,2025-11-08 12:00:00
602,Lily,Wright,F,2010-07-18,11,Active,120,2025-02-04 14:00:00,2025-11-27 12:00:00
603,Joseph,Mitchell,M,2013-03-17,6,Inactive,120,2025-02-05 15:00:00,2025-02-26 12:00:00
604,Emma,Ramirez,F,2010-11-06,9,Inactive,120,2025-02-05 13:00:00,2025-06-18 12:00:00
605,Samantha,Robinson,F,2010-04-07,10,Inactive,120,2025-02-06 14:00:00,2025-09-26 12:00:00
606,Liam,Young,M,2013-06-16,7,Active,120,2025-02-06 15:00:00,2025-11-02 12:00:00
607,Ezra,Ramirez,M,2008-08-22,11,Inactive,120,2025-02-07 14:00:00,2025-07-04 12:00:00
608,Joseph,Scott,M,2012-06-18,8,Active,120,2025-02-10 16:00:00,2025-11-18 12:00:00
609,Harper,Lee,F,2012-03-08,7,Inactive,120,2025-02-10 14:00:00,2025-06-23 12:00:00
610,Hannah,Wright,F,2013-11-13,7,Inactive,120,2025-02-15 16:00:00,2025-09-29 12:00:00
611,Wyatt,Carter,M,2008-05-02,12,Inactive,120,2025-02-15 13:00:00,2025-10-02 12:00:00
612,Skylar,Green,F,2008-03-04,12,Active,120,2025-02-17 13:00:00,2025-09-09 12:00:00
613,Elizabeth,Rodriguez,F,2012-03-19,9,Inactive,120,2025-02-18 17:00:00,2025-09-19 12:00:00
614,Evelyn,Lopez,F,2010-04-23,10,Active,120,2025-02-19 17:00:00,2025-11-15 12:00:00
615,Maverick,Jackson,M,2010-01-05,9,Inactive,120,2025-02-22 14:00:00,2025-07-05 12:00:00
616,Violet,Wright,F,2010-10-03,10,Inactive,120,2025-02-23 18:00:00,2025-09-28 12:00:00
617,Ellie,Brown,F,2012-05-19,7,Inactive,120,2025-02-26 17:00:00,2025-07-09 12:00:00
618,Avery,Garcia,F,2008-09-14,11,Inactive,120,2025-02-26 15:00:00,2025-07-09 12:00:00
619,David,Lewis,M,2010-02-24,10,Active,120,2025-02-27 14:00:00,2025-10-08 12:00:00
620,Violet,Lopez,F,2013-09-11,7,Active,120,2025-02-28 16:00:00,2025-10-15 12:00:00
621,Evelyn,Hill,F,2012-06-20,9,Inactive,120,2025-03-02 18:00:00,2025-10-01 12:00:00
622,Luke,Nguyen,M,2008-07-16,11,Inactive,120,2025-03-04 13:00:00,2025-04-29 12:00:00
623,Logan,Clark,M,2010-10-05,9,Inactive,120,2025-03-07 14:00:00,2025-06-06 12:00:00
624,Lucy,Hill,F,2010-04-24,9,Inactive,120,2025-03-07 14:00:00,2025-05-23 12:00:00
625,Charles,King,M,2008-01-16,11,Inactive,120,2025-03-08 17:00:00,2025-07-19 12:00:00
626,Skylar,Thomas,F,2012-07-07,7,Inactive,120,2025-03-09 14:00:00,2025-07-20 12:00:00
627,Liam,Lee,M,2008-03-15,11,Inactive,120,2025-03-12 17:00:00,2025-05-28 12:00:00
628,Gabriel,Gonzalez,M,2013-11-28,6,Inactive,120,2025-03-12 14:00:00,2025-05-14 12:00:00
629,Liam,Walker,M,2010-05-12,9,Inactive,120,2025-03-16 16:00:00,2025-06-01 12:00:00
630,Carter,Gonzalez,M,2010-03-17,12,Inactive,120,2025-03-16 15:00:00,2025-12-03 12:00:00
631,Olivia,Garcia,F,2009-05-11,12,Active,120,2025-03-19 13:00:00,2025-10-28 12:00:00
632,Theodore,Lewis,M,2008-12-10,12,Inactive,120,2025-03-20 14:00:00,2025-10-18 12:00:00
633,Hudson,Taylor,M,2012-06-20,8,Inactive,120,2025-03-20 16:00:00,2025-10-14 12:00:00
634,Genesis,Thomas,F,2009-07-13,12,Inactive,120,2025-03-22 18:00:00,2025-11-29 12:00:00
635,Savannah,Young,F,2013-12-02,6,Inactive,120,2025-03-23 13:00:00,2025-08-03 12:00:00
636,Lily,Rodriguez,F,2012-11-01,9,Inactive,120,2025-03-26 13:00:00,2025-11-25 12:00:00
637,Isaac,Allen,M,2009-05-26,10,Inactive,120,2025-03-26 13:00:00,2025-07-09 12:00:00
638,Hazel,Hill,F,2009-11-04,10,Inactive,120,2025-03-27 17:00:00,2025-08-07 12:00:00
639,Maverick,Sanchez,M,2009-10-22,11,Active,120,2025-03-28 16:00:00,2025-11-24 12:00:00
640,Elias,Mitchell,M,2010-03-14,9,Inactive,120,2025-03-28 14:00:00,2025-05-23 12:00:00
641,Owen,Ramirez,M,2013-11-01,6,Inactive,120,2025-03-30 15:00:00,2025-08-10 12:00:00
642,Riley,Jones,F,2013-09-27,6,Inactive,120,2025-04-01 15:00:00,2025-06-10 12:00:00
643,Scarlet,Walker,F,2013-05-17,6,Inactive,120,2025-04-02 16:00:00,2025-08-13 12:00:00
644,Levi,Roberts,M,2013-02-03,6,Inactive,120,2025-04-03 17:00:00,2025-08-14 12:00:00
645,Hazel,Flores,F,2008-04-22,12,Inactive,120,2025-04-03 17:00:00,2025-09-12 12:00:00
646,Emily,Miller,F,2012-08-11,7,Inactive,120,2025-04-04 16:00:00,2025-08-15 12:00:00
647,Paisley,Lee,F,2012-12-06,7,Inactive,120,2025-04-04 13:00:00,2025-08-15 12:00:00
648,Stella,Martin,F,2012-01-22,9,Inactive,120,2025-04-05 17:00:00,2025-09-30 12:00:00
649,Chloe,Green,F,2013-12-19,8,Inactive,120,2025-04-07 17:00:00,2025-10-07 12:00:00
650,James,Torres,M,2008-05-08,11,Inactive,120,2025-04-09 17:00:00,2025-08-20 12:00:00
651,Violet,Martinez,F,2009-10-05,11,Active,120,2025-04-10 13:00:00,2025-10-04 12:00:00
652,Hazel,Smith,F,2009-12-07,10,Inactive,120,2025-04-10 15:00:00,2025-08-21 12:00:00
653,Maverick,King,M,2009-05-08,11,Active,120,2025-04-12 18:00:00,2025-09-07 12:00:00
654,Luca,Wilson,M,2008-01-22,11,Inactive,120,2025-04-13 17:00:00,2025-08-24 12:00:00
655,Skylar,Martinez,F,2008-10-19,11,Inactive,120,2025-04-13 16:00:00,2025-08-24 12:00:00
656,Sofia,Rodriguez,F,2009-09-01,10,Inactive,120,2025-04-14 16:00:00,2025-06-30 12:00:00
657,Hannah,Mitchell,F,2012-08-27,7,Inactive,120,2025-04-15 18:00:00,2025-08-26 12:00:00
658,Noah,Thomas,M,2010-08-24,9,Inactive,120,2025-04-19 15:00:00,2025-05-24 12:00:00
659,Genesis,Thompson,F,2012-11-22,8,Inactive,120,2025-04-21 17:00:00,2025-10-10 12:00:00
660,Logan,Adams,M,2010-01-18,9,Inactive,120,2025-04-22 15:00:00,2025-07-01 12:00:00
661,Owen,Lopez,M,2009-08-09,12,Inactive,120,2025-04-22 17:00:00,2025-12-02 12:00:00
662,Elias,Johnson,M,2008-10-04,11,Inactive,120,2025-04-26 17:00:00,2025-05-24 12:00:00
663,Joseph,Hill,M,2013-05-27,7,Inactive,120,2025-04-26 16:00:00,2025-09-29 12:00:00
664,Amelia,Jones,F,2010-05-06,9,Inactive,120,2025-04-27 16:00:00,2025-09-07 12:00:00
665,Hazel,Martinez,F,2013-03-09,9,Inactive,120,2025-04-29 13:00:00,2025-11-29 12:00:00
666,Maya,Young,F,2012-01-07,9,Active,120,2025-04-29 14:00:00,2025-10-31 12:00:00
667,Emma,Brown,F,2010-05-13,10,Inactive,120,2025-05-01 15:00:00,2025-10-23 12:00:00
668,Ethan,Perez,M,2010-11-08,9,Inactive,120,2025-05-01 16:00:00,2025-06-05 12:00:00
669,Dylan,Scott,M,2012-07-04,7,Inactive,120,2025-05-02 15:00:00,2025-09-12 12:00:00
670,Hannah,Carter,F,2009-07-23,10,Inactive,120,2025-05-03 15:00:00,2025-07-05 12:00:00
671,Bella,Martin,F,2008-06-06,11,Inactive,120,2025-05-04 15:00:00,2025-09-14 12:00:00
672,Aurora,Jackson,F,2008-09-21,12,Inactive,120,2025-05-04 16:00:00,2025-12-07 12:00:00
673,Ella,Garcia,F,2009-07-28,12,Inactive,120,2025-05-05 18:00:00,2025-11-06 12:00:00
674,Samantha,Scott,F,2010-05-27,9,Inactive,120,2025-05-07 14:00:00,2025-07-02 12:00:00
675,Wyatt,Walker,M,2009-11-13,11,Inactive,120,2025-05-09 17:00:00,2025-10-28 12:00:00
676,Bella,Allen,F,2008-10-14,12,Inactive,120,2025-05-10 18:00:00,2025-10-17 12:00:00
677,Scarlet,Hall,F,2009-09-16,11,Inactive,120,2025-05-10 18:00:00,2025-10-12 12:00:00
678,James,King,M,2008-06-10,11,Inactive,120,2025-05-11 13:00:00,2025-09-21 12:00:00
679,Penelope,Ramirez,F,2010-01-21,9,Inactive,120,2025-05-12 16:00:00,2025-06-30 12:00:00
680,Jack,Roberts,M,2008-07-06,11,Inactive,120,2025-05-12 16:00:00,2025-05-26 12:00:00
681,Ellie,Nguyen,F,2013-06-06,6,Inactive,120,2025-05-15 16:00:00,2025-06-05 12:00:00
682,Kennedy,Williams,F,2009-08-12,11,Inactive,120,2025-05-16 13:00:00,2025-10-25 12:00:00
683,Ella,Lewis,F,2013-05-12,8,Inactive,120,2025-05-16 14:00:00,2025-09-28 12:00:00
684,Lincoln,Brown,M,2009-06-09,11,Inactive,120,2025-05-17 15:00:00,2025-10-09 12:00:00
685,Amelia,Scott,F,2009-03-19,11,Inactive,120,2025-05-17 13:00:00,2025-11-26 12:00:00
686,Emma,Mitchell,F,2008-08-08,12,Inactive,120,2025-05-18 18:00:00,2025-09-18 12:00:00
687,Levi,Roberts,M,2009-09-07,11,Inactive,120,2025-05-18 17:00:00,2025-09-26 12:00:00
688,Michael,Williams,M,2010-03-03,9,Inactive,120,2025-05-19 17:00:00,2025-09-29 12:00:00
689,Aria,Garcia,F,2012-04-11,7,Inactive,120,2025-05-19 17:00:00,2025-09-29 12:00:00
690,Lucas,Roberts,M,2010-03-18,11,Inactive,120,2025-05-20 13:00:00,2025-10-07 12:00:00
691,Leo,Martinez,M,2008-08-06,11,Inactive,120,2025-05-23 14:00:00,2025-10-03 12:00:00
692,Emily,Martin,F,2012-01-09,9,Inactive,120,2025-05-23 16:00:00,2025-11-06 12:00:00
693,Lucas,Rivera,M,2008-07-14,12,Inactive,120,2025-05-26 13:00:00,2025-10-10 12:00:00
694,Amelia,Martin,F,2008-01-22,12,Inactive,120,2025-05-26 18:00:00,2025-09-27 12:00:00
695,Brooklyn,Nguyen,F,2009-07-01,11,Active,120,2025-05-30 18:00:00,2025-10-05 12:00:00
696,Chloe,Thompson,F,2010-07-18,10,Inactive,120,2025-06-03 17:00:00,2025-10-10 12:00:00
697,Matthew,Baker,M,2008-01-28,11,Inactive,120,2025-06-03 16:00:00,2025-10-14 12:00:00
698,Benjamin,Hall,M,2009-06-23,11,Inactive,120,2025-06-04 15:00:00,2025-09-12 12:00:00
699,Samantha,Moore,F,2010-11-05,9,Inactive,120,2025-06-05 13:00:00,2025-10-16 12:00:00
700,Skylar,Gonzalez,F,2013-11-18,6,Inactive,120,2025-06-05 14:00:00,2025-06-12 12:00:00
701,Samuel,Johnson,M,2008-08-02,11,Inactive,120,2025-06-06 17:00:00,2025-06-13 12:00:00
702,Harper,Anderson,F,2008-01-12,12,Inactive,120,2025-06-06 15:00:00,2025-11-12 12:00:00
703,Hannah,Scott,F,2012-11-22,8,Active,120,2025-06-08 18:00:00,2025-09-12 12:00:00
704,Hazel,King,F,2009-10-23,11,Inactive,120,2025-06-08 15:00:00,2025-09-22 12:00:00
705,Ezra,Martinez,M,2013-01-05,6,Inactive,120,2025-06-14 13:00:00,2025-10-25 12:00:00
706,Wyatt,Taylor,M,2012-01-19,7,Inactive,120,2025-06-15 18:00:00,2025-07-06 12:00:00
707,Isaac,Baker,M,2008-12-07,12,Inactive,120,2025-06-15 13:00:00,2025-10-16 12:00:00
708,Aiden,Smith,M,2009-05-25,10,Inactive,120,2025-06-16 17:00:00,2025-10-27 12:00:00
709,Maverick,Mitchell,M,2008-09-13,12,Inactive,120,2025-06-17 13:00:00,2025-09-13 12:00:00
710,Paisley,Baker,F,2012-08-19,9,Inactive,120,2025-06-17 16:00:00,2025-09-27 12:00:00
711,Abigail,Thompson,F,2010-12-19,12,Inactive,120,2025-06-19 14:00:00,2025-11-28 12:00:00
712,Joseph,Martin,M,2013-11-18,7,Inactive,120,2025-06-20 17:00:00,2025-10-17 12:00:00
713,Mason,Sanchez,M,2012-08-13,7,Inactive,120,2025-06-21 18:00:00,2025-07-12 12:00:00
714,Zoey,Thompson,F,2013-06-18,7,Active,120,2025-06-22 13:00:00,2025-10-10 12:00:00
715,Carter,Baker,M,2010-08-25,9,Inactive,120,2025-06-22 13:00:00,2025-06-29 12:00:00
716,Paisley,Carter,F,2012-05-02,7,Inactive,120,2025-06-23 17:00:00,2025-07-07 12:00:00
717,Scarlett,Hernandez,F,2009-09-11,12,Inactive,120,2025-06-24 13:00:00,2025-10-05 12:00:00
718,Jackson,Jackson,M,2008-09-19,12,Inactive,120,2025-06-24 17:00:00,2025-09-25 12:00:00
719,Victoria,Young,F,2008-06-05,11,Inactive,120,2025-06-27 13:00:00,2025-11-07 12:00:00
720,Luca,Lopez,M,2008-11-15,12,Inactive,120,2025-06-27 15:00:00,2025-12-05 12:00:00
721,Mateo,Williams,M,2009-05-21,10,Inactive,120,2025-06-28 14:00:00,2025-09-06 12:00:00
722,Lucy,Adams,F,2013-03-19,6,Inactive,120,2025-07-01 17:00:00,2025-11-11 12:00:00
723,Hazel,Lopez,F,2009-07-15,11,Inactive,120,2025-07-04 18:00:00,2025-10-12 12:00:00
724,Michael,Gonzalez,M,2008-07-27,12,Inactive,120,2025-07-05 18:00:00,2025-11-13 12:00:00
725,Harper,Hall,F,2012-06-12,7,Inactive,120,2025-07-06 13:00:00,2025-07-13 12:00:00
726,Kennedy,Roberts,F,2009-09-06,12,Active,120,2025-07-07 15:00:00,2025-09-29 12:00:00
727,Theodore,Carter,M,2008-04-14,12,Active,120,2025-07-07 18:00:00,2025-10-01 12:00:00
728,Luca,Green,M,2012-10-03,9,Inactive,120,2025-07-11 13:00:00,2025-11-05 12:00:00
729,Jackson,Robinson,M,2010-04-16,9,Inactive,120,2025-07-13 13:00:00,2025-07-20 12:00:00
730,Aurora,Roberts,F,2009-07-18,10,Inactive,120,2025-07-13 17:00:00,2025-11-23 12:00:00
731,Savannah,Miller,F,2008-02-27,11,Inactive,120,2025-07-14 16:00:00,2025-11-24 12:00:00
732,Brooklyn,Williams,F,2013-03-14,7,Inactive,120,2025-07-14 17:00:00,2025-10-10 12:00:00
733,Anthony,King,M,2013-01-14,8,Inactive,120,2025-07-15 18:00:00,2025-10-28 12:00:00
734,Sebastian,Moore,M,2013-12-12,6,Inactive,120,2025-07-15 13:00:00,2025-11-25 12:00:00
735,Luke,Jones,M,2009-04-25,11,Active,120,2025-07-17 18:00:00,2025-11-22 12:00:00
736,Wyatt,Young,M,2008-03-14,12,Inactive,120,2025-07-17 13:00:00,2025-11-09 12:00:00
737,Samuel,Johnson,M,2009-11-13,11,Active,120,2025-07-18 17:00:00,2025-09-05 12:00:00
738,Brooklyn,Lewis,F,2009-07-19,10,Inactive,120,2025-07-18 14:00:00,2025-07-25 12:00:00
739,Amelia,Hill,F,2010-04-08,9,Inactive,120,2025-07-19 17:00:00,2025-07-26 12:00:00
740,Victoria,Rivera,F,2008-03-08,12,Inactive,120,2025-07-20 14:00:00,2025-09-11 12:00:00
741,Emilia,Scott,F,2010-01-07,10,Inactive,120,2025-07-20 13:00:00,2025-10-04 12:00:00
742,Chloe,Garcia,F,2010-12-07,9,Inactive,120,2025-07-21 17:00:00,2025-12-01 12:00:00
743,Carter,Hernandez,M,2008-09-16,12,Inactive,120,2025-07-21 17:00:00,2025-11-23 12:00:00
744,Matthew,Brown,M,2008-12-05,11,Inactive,120,2025-07-22 17:00:00,2025-07-29 12:00:00
745,Skylar,White,F,2008-07-19,11,Inactive,120,2025-07-24 14:00:00,2025-12-04 12:00:00
746,Violet,Gonzalez,F,2009-06-09,10,Inactive,120,2025-07-24 15:00:00,2025-12-04 12:00:00
747,Hannah,Walker,F,2010-05-04,10,Inactive,120,2025-07-26 14:00:00,2025-10-19 12:00:00
748,Olivia,Wright,F,2008-06-18,11,Inactive,120,2025-07-26 15:00:00,2025-12-06 12:00:00
749,Zoey,Harris,F,2012-11-13,7,Inactive,120,2025-07-27 14:00:00,2025-12-07 12:00:00
750,Caroline,Brown,F,2009-03-03,10,Inactive,120,2025-07-29 13:00:00,2025-12-09 12:00:00
751,Sebastian,King,M,2008-01-25,11,Inactive,120,2025-07-29 13:00:00,2025-12-09 12:00:00
752,Emily,Wright,F,2010-11-01,10,Inactive,120,2025-07-31 16:00:00,2025-10-13 12:00:00
753,Olivia,Scott,F,2010-06-15,9,Inactive,120,2025-07-31 15:00:00,2025-12-11 12:00:00
754,Sofia,Flores,F,2013-07-22,6,Inactive,120,2025-08-01 14:00:00,2025-12-12 12:00:00
755,Sophia,Martin,F,2013-03-03,6,Inactive,120,2025-08-03 13:00:00,2025-12-14 12:00:00
756,Genesis,Scott,F,2013-01-11,7,Active,120,2025-08-04 16:00:00,2025-09-14 12:00:00
757,Elias,Martin,M,2010-08-15,10,Active,120,2025-08-04 15:00:00,2025-09-04 12:00:00
758,Skylar,Jones,F,2009-09-20,10,Inactive,120,2025-08-05 15:00:00,2025-08-12 12:00:00
759,Claire,Miller,F,2012-02-26,8,Inactive,120,2025-08-05 16:00:00,2025-10-13 12:00:00
760,Daniel,Adams,M,2008-10-11,12,Inactive,120,2025-08-07 17:00:00,2025-11-28 12:00:00
761,Luke,Brown,M,2008-10-25,12,Inactive,120,2025-08-08 18:00:00,2025-10-24 12:00:00
762,Joseph,Walker,M,2013-08-06,7,Inactive,120,2025-08-08 13:00:00,2025-09-30 12:00:00
763,Scarlet,Scott,F,2009-09-21,10,Inactive,120,2025-08-09 15:00:00,2025-12-20 12:00:00
764,Sebastian,Gonzalez,M,2008-10-21,12,Inactive,120,2025-08-09 17:00:00,2025-10-26 12:00:00
765,Wyatt,Ramirez,M,2008-11-17,12,Active,120,2025-08-10 16:00:00,2025-11-07 12:00:00
766,Maya,Hernandez,F,2009-09-16,11,Inactive,120,2025-08-10 18:00:00,2025-09-28 12:00:00
767,Aurora,Ramirez,F,2008-07-07,12,Active,120,2025-08-13 14:00:00,2025-11-06 12:00:00
768,Sofia,Sanchez,F,2010-10-20,12,Inactive,120,2025-08-13 13:00:00,2025-12-05 12:00:00
769,Samantha,Scott,F,2012-02-26,8,Inactive,120,2025-08-15 18:00:00,2025-10-08 12:00:00
770,Luke,Wright,M,2010-04-15,10,Inactive,120,2025-08-16 16:00:00,2025-12-05 12:00:00
771,Isaac,Thompson,M,2008-07-10,12,Inactive,120,2025-08-17 18:00:00,2025-10-31 12:00:00
772,Caroline,Thompson,F,2009-07-02,11,Active,120,2025-08-18 15:00:00,2025-11-29 12:00:00
773,Harper,Clark,F,2008-07-28,12,Inactive,120,2025-08-19 17:00:00,2025-11-11 12:00:00
774,Stella,Flores,F,2010-05-18,10,Inactive,120,2025-08-19 13:00:00,2025-11-21 12:00:00
775,Thomas,Davis,M,2009-11-15,12,Active,120,2025-08-20 18:00:00,2025-10-17 12:00:00
776,Charles,Lopez,M,2012-07-19,7,Active,120,2025-08-20 18:00:00,2025-08-20 18:00:00
777,Noah,Brown,M,2010-11-16,10,Inactive,120,2025-08-22 13:00:00,2025-10-13 12:00:00
778,Lily,Johnson,F,2013-04-28,7,Inactive,120,2025-08-24 16:00:00,2025-10-14 12:00:00
779,Lily,Anderson,F,2009-07-22,10,Active,120,2025-08-24 15:00:00,2025-08-24 15:00:00
780,Nora,Martin,F,2009-09-01,10,Inactive,120,2025-08-26 13:00:00,2025-09-02 12:00:00
781,Levi,Robinson,M,2009-11-02,11,Active,120,2025-08-26 18:00:00,2025-09-24 12:00:00
782,Levi,Campbell,M,2010-02-01,9,Inactive,120,2025-08-29 18:00:00,2025-09-05 12:00:00
783,Michael,Wilson,M,2010-08-16,10,Inactive,120,2025-08-30 15:00:00,2025-11-09 12:00:00
784,Samantha,Harris,F,2010-10-27,9,Active,120,2025-08-31 18:00:00,2025-08-31 18:00:00
785,Josiah,Brown,M,2010-09-13,10,Inactive,120,2025-08-31 15:00:00,2025-10-24 12:00:00
786,Lucas,Hill,M,2008-07-24,12,Inactive,120,2025-09-01 17:00:00,2025-10-18 12:00:00
787,Nora,Carter,F,2010-04-14,9,Active,120,2025-09-01 13:00:00,2025-09-01 13:00:00
788,Luca,Anderson,M,2013-06-03,6,Inactive,120,2025-09-02 16:00:00,2025-09-09 12:00:00
789,Theodore,Adams,M,2009-03-02,11,Inactive,120,2025-09-07 13:00:00,2025-12-07 12:00:00
790,James,Johnson,M,2008-12-05,11,Inactive,120,2025-09-07 16:00:00,2025-09-14 12:00:00
791,Daniel,Ramirez,M,2012-12-20,7,Inactive,120,2025-09-08 15:00:00,2025-09-15 12:00:00
792,Joseph,Harris,M,2012-11-25,7,Active,120,2025-09-09 18:00:00,2025-09-09 18:00:00
793,Lucy,Martin,F,2008-09-08,11,Inactive,120,2025-09-09 17:00:00,2025-09-16 12:00:00
794,Evelyn,Thomas,F,2008-12-10,11,Inactive,120,2025-09-10 14:00:00,2025-09-17 12:00:00
795,Evelyn,Davis,F,2012-12-03,7,Active,120,2025-09-10 13:00:00,2025-09-10 13:00:00
796,Savannah,Thomas,F,2013-03-22,6,Active,120,2025-09-11 17:00:00,2025-09-11 17:00:00
797,Hazel,Baker,F,2009-07-13,12,Inactive,120,2025-09-12 18:00:00,2025-12-02 12:00:00
798,Carter,Campbell,M,2008-10-24,11,Inactive,120,2025-09-13 15:00:00,2025-09-20 12:00:00
799,Lucas,Jackson,M,2010-09-16,9,Active,120,2025-09-14 18:00:00,2025-09-14 18:00:00
800,Oliver,Brown,M,2010-09-02,9,Inactive,120,2025-09-15 15:00:00,2025-09-22 12:00:00
801,Chloe,Sanchez,F,2013-11-05,6,Inactive,120,2025-09-15 15:00:00,2025-09-22 12:00:00
802,Sofia,Young,F,2010-11-20,9,Active,120,2025-09-16 18:00:00,2025-09-16 18:00:00
803,Oliver,Jones,M,2010-10-22,9,Inactive,120,2025-09-16 14:00:00,2025-09-23 12:00:00
804,Aria,Nguyen,F,2009-05-01,10,Inactive,120,2025-09-17 14:00:00,2025-09-24 12:00:00
805,Harper,Davis,F,2012-07-21,7,Active,120,2025-09-18 15:00:00,2025-09-18 15:00:00
806,Grayson,Martin,M,2008-04-16,12,Inactive,120,2025-09-18 14:00:00,2025-11-05 12:00:00
807,Caroline,Johnson,F,2008-10-02,12,Inactive,120,2025-09-19 14:00:00,2025-10-29 12:00:00
808,Amelia,Robinson,F,2009-02-05,12,Inactive,120,2025-09-20 15:00:00,2025-11-04 12:00:00
809,Anna,Allen,F,2008-06-18,11,Inactive,120,2025-09-21 18:00:00,2025-09-28 12:00:00
810,Ava,Thomas,F,2009-12-10,12,Inactive,120,2025-09-22 13:00:00,2025-11-24 12:00:00
811,Lincoln,Wilson,M,2010-12-10,9,Inactive,120,2025-09-23 17:00:00,2025-09-30 12:00:00
812,Skylar,Hill,F,2010-10-08,9,Inactive,120,2025-09-23 17:00:00,2025-09-30 12:00:00
813,Ezra,Sanchez,M,2012-07-13,8,Inactive,120,2025-09-24 18:00:00,2025-10-30 12:00:00
814,Charles,Johnson,M,2008-11-20,12,Inactive,120,2025-09-24 17:00:00,2025-11-11 12:00:00
815,Bella,Garcia,F,2009-01-07,10,Active,120,2025-09-25 17:00:00,2025-09-25 17:00:00
816,Hazel,Mitchell,F,2009-03-09,10,Inactive,120,2025-09-26 17:00:00,2025-10-03 12:00:00
817,Elijah,Harris,M,2010-01-19,9,Inactive,120,2025-09-27 17:00:00,2025-10-04 12:00:00
818,Brooklyn,Perez,F,2008-02-02,11,Inactive,120,2025-09-27 17:00:00,2025-10-04 12:00:00
819,Elizabeth,Wright,F,2010-02-28,9,Active,120,2025-09-28 15:00:00,2025-09-28 15:00:00
820,David,Flores,M,2010-04-14,9,Inactive,120,2025-09-28 13:00:00,2025-10-05 12:00:00
821,Savannah,Rodriguez,F,2013-10-20,6,Inactive,120,2025-09-29 16:00:00,2025-10-06 12:00:00
822,Violet,Campbell,F,2012-09-17,7,Inactive,120,2025-09-30 15:00:00,2025-10-07 12:00:00
823,Julian,Nelson,M,2009-06-12,10,Active,120,2025-09-30 13:00:00,2025-09-30 13:00:00
824,Anna,Lewis,F,2013-02-26,6,Inactive,120,2025-10-01 14:00:00,2025-10-08 12:00:00
825,Mia,Martinez,F,2013-07-03,6,Inactive,120,2025-10-02 17:00:00,2025-10-09 12:00:00
826,Savannah,Allen,F,2009-07-04,10,Inactive,120,2025-10-02 16:00:00,2025-10-09 12:00:00
827,Julian,Wilson,M,2010-06-11,9,Inactive,120,2025-10-03 13:00:00,2025-10-10 12:00:00
828,Riley,Scott,F,2012-07-18,7,Inactive,120,2025-10-03 17:00:00,2025-10-10 12:00:00
829,Mia,Davis,F,2009-10-02,12,Inactive,120,2025-10-04 17:00:00,2025-12-03 12:00:00
830,Claire,Perez,F,2009-05-03,10,Inactive,120,2025-10-05 14:00:00,2025-10-12 12:00:00
831,Kennedy,Roberts,F,2013-06-24,6,Inactive,120,2025-10-05 17:00:00,2025-10-12 12:00:00
832,Brooklyn,Jones,F,2013-04-13,6,Inactive,120,2025-10-06 13:00:00,2025-10-13 12:00:00
833,Bella,Lewis,F,2010-02-15,9,Inactive,120,2025-10-07 13:00:00,2025-10-14 12:00:00
834,Harper,Thompson,F,2010-12-14,9,Active,120,2025-10-08 17:00:00,2025-10-08 17:00:00
835,Sophia,Moore,F,2012-09-01,8,Inactive,120,2025-10-09 18:00:00,2025-10-29 12:00:00
836,Lucas,Clark,M,2013-04-02,6,Inactive,120,2025-10-09 15:00:00,2025-10-16 12:00:00
837,Claire,Gonzalez,F,2008-10-25,11,Active,120,2025-10-10 18:00:00,2025-10-10 18:00:00
838,Kennedy,Nguyen,F,2013-11-13,6,Active,120,2025-10-11 14:00:00,2025-10-11 14:00:00
839,Ellie,Wilson,F,2009-02-15,10,Inactive,120,2025-10-11 15:00:00,2025-10-18 12:00:00
840,Penelope,Roberts,F,2010-02-01,10,Inactive,120,2025-10-12 16:00:00,2025-12-04 12:00:00
841,Joseph,Gonzalez,M,2009-11-01,10,Inactive,120,2025-10-12 16:00:00,2025-10-19 12:00:00
842,Zoey,Jones,F,2009-11-07,10,Inactive,120,2025-10-13 14:00:00,2025-10-20 12:00:00
843,Scarlett,Lopez,F,2013-09-06,6,Active,120,2025-10-13 13:00:00,2025-10-13 13:00:00
844,Theodore,Gonzalez,M,2008-04-14,12,Inactive,120,2025-10-14 14:00:00,2025-12-04 12:00:00
845,Chloe,Davis,F,2012-06-21,7,Active,120,2025-10-15 18:00:00,2025-10-15 18:00:00
846,Abigail,Thomas,F,2009-07-17,10,Inactive,120,2025-10-15 14:00:00,2025-10-22 12:00:00
847,Thomas,Harris,M,2010-03-08,10,Inactive,120,2025-10-16 14:00:00,2025-11-18 12:00:00
848,Jayden,Martin,M,2010-12-09,11,Inactive,120,2025-10-17 16:00:00,2025-12-06 12:00:00
849,Oliver,Lopez,M,2009-02-02,11,Active,120,2025-10-18 18:00:00,2025-11-09 12:00:00
850,Riley,Scott,F,2009-03-06,10,Inactive,120,2025-10-18 14:00:00,2025-10-25 12:00:00
851,Dylan,Williams,M,2010-03-27,9,Inactive,120,2025-10-19 13:00:00,2025-10-26 12:00:00
852,Scarlet,Lewis,F,2009-08-26,12,Inactive,120,2025-10-19 18:00:00,2025-12-01 12:00:00
853,Abigail,Clark,F,2012-04-27,7,Active,120,2025-10-20 13:00:00,2025-10-20 13:00:00
854,Hannah,White,F,2009-05-25,10,Active,120,2025-10-20 16:00:00,2025-10-20 16:00:00
855,Victoria,Harris,F,2008-04-15,11,Inactive,120,2025-10-21 14:00:00,2025-10-28 12:00:00
856,Leah,Walker,F,2010-12-09,10,Inactive,120,2025-10-21 17:00:00,2025-11-15 12:00:00
857,Sebastian,Johnson,M,2008-12-17,11,Inactive,120,2025-10-22 16:00:00,2025-10-29 12:00:00
858,Scarlet,Smith,F,2013-09-05,6,Active,120,2025-10-24 16:00:00,2025-10-24 16:00:00
859,Penelope,Flores,F,2008-09-05,12,Inactive,120,2025-10-24 14:00:00,2025-11-20 12:00:00
860,Grace,Harris,F,2009-03-16,10,Active,120,2025-10-25 18:00:00,2025-10-25 18:00:00
861,Riley,Walker,F,2009-01-09,11,Inactive,120,2025-10-26 13:00:00,2025-11-12 12:00:00
862,Scarlett,Torres,F,2010-04-24,10,Inactive,120,2025-10-28 18:00:00,2025-12-06 12:00:00
863,Owen,Jackson,M,2009-10-14,10,Inactive,120,2025-10-28 18:00:00,2025-11-04 12:00:00
864,Logan,Sanchez,M,2013-12-12,6,Inactive,120,2025-10-30 16:00:00,2025-11-06 12:00:00
865,Grace,Harris,F,2009-11-16,10,Inactive,120,2025-10-31 13:00:00,2025-11-07 12:00:00
866,Hannah,Roberts,F,2009-01-03,10,Inactive,120,2025-10-31 17:00:00,2025-11-07 12:00:00
867,Willow,Thomas,F,2012-08-21,7,Inactive,120,2025-11-01 13:00:00,2025-11-08 12:00:00
868,Victoria,Jackson,F,2012-04-06,7,Inactive,120,2025-11-01 13:00:00,2025-11-08 12:00:00
869,Samuel,Gonzalez,M,2009-03-25,12,Inactive,120,2025-11-02 17:00:00,2025-12-04 12:00:00
870,Stella,Rivera,F,2008-09-08,11,Inactive,120,2025-11-02 14:00:00,2025-11-09 12:00:00
871,Aurora,Garcia,F,2012-03-04,7,Active,120,2025-11-03 17:00:00,2025-11-03 17:00:00
872,Jacob,Robinson,M,2012-11-23,7,Active,120,2025-11-05 18:00:00,2025-11-05 18:00:00
873,Theodore,Thompson,M,2010-10-22,10,Active,120,2025-11-05 17:00:00,2025-11-20 12:00:00
874,Olivia,Mitchell,F,2009-02-05,11,Active,120,2025-11-06 13:00:00,2025-11-21 12:00:00
875,Josiah,Rivera,M,2012-09-22,7,Inactive,120,2025-11-07 13:00:00,2025-11-14 12:00:00
876,Grace,Hall,F,2009-08-05,10,Active,120,2025-11-07 14:00:00,2025-11-07 14:00:00
877,Victoria,Lee,F,2009-06-16,10,Active,120,2025-11-08 18:00:00,2025-11-08 18:00:00
878,Grace,Walker,F,2012-08-05,7,Active,120,2025-11-09 13:00:00,2025-11-09 13:00:00
879,Aria,Young,F,2010-06-08,9,Active,120,2025-11-09 14:00:00,2025-11-09 14:00:00
880,Olivia,Ramirez,F,2012-07-27,7,Inactive,120,2025-11-10 17:00:00,2025-11-17 12:00:00
881,Carter,Roberts,M,2009-03-17,10,Inactive,120,2025-11-10 17:00:00,2025-11-17 12:00:00
882,Isaac,Mitchell,M,2010-08-26,9,Inactive,120,2025-11-11 15:00:00,2025-11-18 12:00:00
883,Samantha,Thompson,F,2008-10-03,11,Inactive,120,2025-11-11 15:00:00,2025-11-18 12:00:00
884,Ella,Thompson,F,2009-04-15,10,Active,120,2025-11-12 15:00:00,2025-11-12 15:00:00
885,Thomas,Rodriguez,M,2010-01-02,10,Inactive,120,2025-11-12 18:00:00,2025-12-03 12:00:00
886,Ava,Sanchez,F,2008-11-16,11,Active,120,2025-11-14 16:00:00,2025-11-14 16:00:00
887,Willow,Carter,F,2009-07-25,10,Inactive,120,2025-11-15 16:00:00,2025-11-22 12:00:00
888,Elias,Wright,M,2010-04-19,9,Inactive,120,2025-11-15 15:00:00,2025-11-22 12:00:00
889,Logan,Hall,M,2009-12-20,10,Inactive,120,2025-11-16 14:00:00,2025-11-23 12:00:00
890,Harper,Gonzalez,F,2012-01-05,7,Inactive,120,2025-11-18 13:00:00,2025-11-25 12:00:00
891,James,Moore,M,2009-06-27,10,Inactive,120,2025-11-18 13:00:00,2025-11-25 12:00:00
892,Carter,Harris,M,2008-09-03,11,Inactive,120,2025-11-19 17:00:00,2025-11-26 12:00:00
893,Kennedy,Jones,F,2009-03-06,10,Inactive,120,2025-11-20 15:00:00,2025-11-27 12:00:00
894,Caroline,Hill,F,2009-08-22,10,Inactive,120,2025-11-20 16:00:00,2025-11-27 12:00:00
895,Josiah,Young,M,2010-03-01,9,Inactive,120,2025-11-21 17:00:00,2025-11-28 12:00:00
896,Lincoln,Brown,M,2008-12-15,11,Inactive,120,2025-11-21 16:00:00,2025-11-28 12:00:00
897,Genesis,Wilson,F,2008-04-17,11,Inactive,120,2025-11-24 17:00:00,2025-12-01 12:00:00
898,Stella,Moore,F,2009-10-27,10,Inactive,120,2025-11-25 16:00:00,2025-12-02 12:00:00
899,Riley,Jones,F,2009-05-04,10,Inactive,120,2025-11-25 14:00:00,2025-12-02 12:00:00
900,Violet,Williams,F,2010-02-01,9,Active,120,2025-11-27 17:00:00,2025-11-27 17:00:00
901,Daniel,Williams,M,2010-02-03,9,Inactive,120,2025-11-27 17:00:00,2025-12-04 12:00:00
902,Daniel,Martin,M,2008-07-06,11,Inactive,120,2025-11-28 17:00:00,2025-12-05 12:00:00
903,Lily,Perez,F,2010-05-20,9,Inactive,120,2025-11-28 14:00:00,2025-12-05 12:00:00
904,Scarlett,Allen,F,2008-12-07,11,Active,120,2025-11-29 14:00:00,2025-11-29 14:00:00
905,Emilia,Harris,F,2009-10-05,10,Inactive,120,2025-11-30 17:00:00,2025-12-07 12:00:00
906,Scarlet,Green,F,2009-03-05,10,Inactive,120,2025-11-30 15:00:00,2025-12-07 12:00:00
907,Sophia,Gonzalez,F,2008-01-06,11,Inactive,120,2025-12-01 13:00:00,2025-12-08 12:00:00
908,James,Walker,M,2009-11-11,10,Inactive,120,2025-12-03 17:00:00,2025-12-10 12:00:00
909,Emilia,Campbell,F,2008-01-23,11,Active,120,2025-12-05 13:00:00,2025-12-05 13:00:00
910,Michael,Lopez,M,2009-03-27,10,Active,120,2025-12-06 18:00:00,2025-12-06 18:00:00
911,Olivia,Davis,F,2010-11-23,9,Inactive,120,2025-12-06 18:00:00,2025-12-13 12:00:00
912,Olivia,Robinson,F,2010-12-08,9,Inactive,120,2025-12-08 13:00:00,2025-12-15 12:00:00
913,Aria,Perez,F,2013-06-14,6,Inactive,120,2025-12-09 17:00:00,2025-12-16 12:00:00
914,Grayson,Adams,M,2010-07-16,9,Active,120,2025-12-09 18:00:00,2025-12-09 18:00:00
915,Mia,Roberts,F,2010-02-28,9,Inactive,120,2025-12-10 14:00:00,2025-12-17 12:00:00
916,Aurora,Gonzalez,F,2009-10-16,10,Inactive,120,2025-12-12 16:00:00,2025-12-19 12:00:00
917,Jack,Brown,M,2008-02-09,11,Active,120,2025-12-12 13:00:00,2025-12-12 13:00:00
918,Noah,Lopez,M,2012-11-14,7,Inactive,120,2025-12-13 13:00:00,2025-12-20 12:00:00
919,Grayson,Sanchez,M,2009-07-14,10,Inactive,120,2025-12-13 14:00:00,2025-12-20 12:00:00
920,Charles,Thompson,M,2012-03-03,7,Inactive,120,2025-12-16 18:00:00,2025-12-23 12:00:00
921,Lucas,Torres,M,2009-10-15,10,Active,120,2025-12-16 16:00:00,2025-12-16 16:00:00
922,Sophia,Martinez,F,2010-10-28,9,Inactive,120,2025-12-17 17:00:00,2025-12-24 12:00:00
923,Genesis,Rodriguez,F,2010-07-04,9,Inactive,120,2025-12-17 16:00:00,2025-12-24 12:00:00
924,Harper,Wilson,F,2010-06-12,9,Inactive,120,2025-12-18 16:00:00,2025-12-25 12:00:00
925,Alexander,Thomas,M,2012-06-07,7,Inactive,120,2025-12-18 14:00:00,2025-12-25 12:00:00
926,Paisley,Miller,F,2008-09-26,11,Inactive,120,2025-12-19 18:00:00,2025-12-26 12:00:00
927,Nora,Clark,F,2012-04-14,7,Inactive,120,2025-12-19 15:00:00,2025-12-26 12:00:00
928,Amelia,Martin,F,2013-04-18,6,Inactive,120,2025-12-20 13:00:00,2025-12-27 12:00:00
929,Henry,Lee,M,2008-06-23,11,Inactive,120,2025-12-20 13:00:00,2025-12-27 12:00:00
930,Lily,Davis,F,2012-12-03,7,Inactive,120,2025-12-21 15:00:00,2025-12-28 12:00:00
931,Leah,Roberts,F,2009-08-17,10,Inactive,120,2025-12-22 13:00:00,2025-12-29 12:00:00
932,Oliver,Hill,M,2008-08-20,11,Inactive,120,2025-12-23 15:00:00,2025-12-30 12:00:00
933,Emily,King,F,2009-01-19,10,Active,120,2025-12-24 15:00:00,2025-12-24 15:00:00
934,Ellie,Lee,F,2008-06-03,11,Active,120,2025-12-25 18:00:00,2025-12-25 18:00:00
935,Olivia,Garcia,F,2008-08-08,11,Active,120,2025-12-25 15:00:00,2025-12-25 15:00:00
936,Nova,Mitchell,F,2013-01-15,6,Active,120,2025-12-27 17:00:00,2025-12-27 17:00:00
937,Ellie,Hernandez,F,2009-07-15,10,Active,120,2025-12-29 17:00:00,2025-12-29 17:00:00
938,Ellie,Gonzalez,F,2009-09-21,10,Active,120,2025-12-29 16:00:00,2025-12-29 16:00:00
939,Savannah,Williams,F,2009-10-12,10,Active,120,2025-12-30 14:00:00,2025-12-30 14:00:00
940,Lucy,Lewis,F,2009-02-08,10,Active,120,2025-12-30 16:00:00,2025-12-30 16:00:00
