student_id,first_name,last_name,sex,date_of_birth,grade,status,contract_rate,created,updated
0,Scarlett,Williams,F,2008-04-27,12,Inactive,80,2021-08-23 00:00:00,2023-09-30 00:00:00
1,Samantha,Young,F,2006-09-16,12,Inactive,80,2021-08-23 00:00:00,2023-09-15 00:00:00
2,Emily,Flores,F,2006-10-29,12,Inactive,80,2021-08-23 00:00:00,2023-09-28 00:00:00
3,Henry,Johnson,M,2003-08-29,12,Inactive,80,2021-08-23 00:00:00,2021-09-28 00:00:00
4,Aria,Robinson,F,2006-04-07,12,Inactive,80,2021-08-23 00:00:00,2023-10-02 00:00:00
5,Noah,Rivera,M,2005-05-05,12,Inactive,80,2021-08-23 00:00:00,2021-09-23 00:00:00
6,Grace,Scott,F,2004-08-31,12,Inactive,80,2021-08-23 00:00:00,2022-09-23 00:00:00
7,Thomas,Garcia,M,2006-03-24,12,Inactive,80,2021-08-23 00:00:00,2023-09-15 00:00:00
8,Maya,Taylor,F,2006-09-27,12,Inactive,80,2021-08-23 00:00:00,2024-02-10 00:00:00
9,Claire,Flores,F,2003-11-15,12,Inactive,80,2021-08-23 00:00:00,2021-09-09 00:00:00
10,Emma,Lee,F,2005-08-17,12,Inactive,80,2021-09-02 15:00:00,2023-11-08 00:00:00
11,Willow,Anderson,F,2004-07-20,12,Inactive,80,2021-09-03 18:00:00,2022-09-09 00:00:00
12,Emilia,Davis,F,2006-01-25,12,Inactive,80,2021-09-16 14:00:00,2023-09-28 00:00:00
13,Riley,Wright,F,2004-01-05,12,Inactive,80,2021-09-18 15:00:00,2021-10-03 00:00:00
14,Benjamin,Green,M,2009-08-10,10,Inactive,80,2021-09-22 18:00:00,2025-11-19 00:00:00
15,Lily,Jackson,F,2004-01-13,12,Inactive,80,2021-09-25 17:00:00,2022-03-19 00:00:00
16,Riley,Young,F,2008-09-15,12,Inactive,80,2021-09-27 13:00:00,2024-11-08 00:00:00
17,Zoey,Roberts,F,2006-10-22,12,Inactive,80,2021-09-29 13:00:00,2024-10-16 00:00:00
18,Nora,Jones,F,2006-08-25,12,Inactive,80,2021-09-30 14:00:00,2025-02-17 00:00:00
19,Mateo,Carter,M,2005-03-13,12,Inactive,80,2021-10-02 17:00:00,2024-09-22 00:00:00
20,Skylar,Sanchez,F,2008-04-07,7,Inactive,80,2021-10-03 14:00:00,2022-02-13 00:00:00
21,Claire,Moore,F,2005-12-15,12,Inactive,80,2021-10-05 13:00:00,2022-10-13 00:00:00
22,Brooklyn,Hernandez,F,2006-04-04,12,Inactive,80,2021-10-11 15:00:00,2024-11-03 00:00:00
23,Charles,Wright,M,2008-07-15,10,Inactive,80,2021-10-14 17:00:00,2025-11-06 00:00:00
24,Wyatt,Campbell,M,2009-11-12,12,Inactive,80,2021-10-15 15:00:00,2025-11-28 00:00:00
25,Nora,Wright,F,2005-04-27,10,Inactive,80,2021-10-16 17:00:00,2022-02-26 00:00:00
26,Stella,Scott,F,2008-07-01,10,Inactive,80,2021-10-18 15:00:00,2025-02-02 00:00:00
27,Mason,Hernandez,M,2006-06-10,9,Inactive,80,2021-10-21 18:00:00,2022-03-03 00:00:00
28,Luca,Green,M,2006-02-12,12,Inactive,80,2021-10-24 13:00:00,2024-11-16 00:00:00
29,Leah,Carter,F,2005-03-06,10,Inactive,80,2021-10-28 15:00:00,2022-03-10 00:00:00
30,Oliver,Wright,M,2006-07-03,12,Inactive,80,2021-10-31 15:00:00,2023-10-20 00:00:00
31,Evelyn,Brown,F,2009-06-20,6,Inactive,80,2021-11-01 13:00:00,2022-03-14 00:00:00
32,Emma,Lopez,F,2009-08-04,11,Inactive,80,2021-11-02 14:00:00,2025-11-01 00:00:00
33,Isabella,Robinson,F,2004-09-22,11,Inactive,80,2021-11-03 17:00:00,2022-01-12 00:00:00
34,Henry,Green,M,2004-03-21,12,Inactive,80,2021-11-07 17:00:00,2023-10-23 00:00:00
35,Ella,Carter,F,2005-12-05,12,Inactive,80,2021-11-08 13:00:00,2025-11-11 00:00:00
36,Isaac,Flores,M,2005-05-08,12,Inactive,80,2021-11-09 16:00:00,2023-10-13 00:00:00
37,Maverick,Anderson,M,2006-02-18,12,Inactive,80,2021-11-13 14:00:00,2024-10-17 00:00:00
38,Logan,Hill,M,2005-09-27,10,Inactive,80,2021-11-14 15:00:00,2022-03-27 00:00:00
39,Matthew,Rodriguez,M,2005-11-08,10,Inactive,80,2021-11-16 18:00:00,2022-03-29 00:00:00
40,Anna,Rodriguez,F,2006-09-21,9,Inactive,80,2021-11-17 13:00:00,2022-03-30 00:00:00
41,Lincoln,Wright,M,2004-04-15,11,Inactive,80,2021-11-19 13:00:00,2022-04-01 00:00:00
42,Nova,Jones,F,2005-11-23,12,Inactive,80,2021-11-21 13:00:00,2023-10-09 00:00:00
43,Emma,Walker,F,2006-01-08,11,Inactive,80,2021-11-23 16:00:00,2023-12-01 00:00:00
44,Aubrey,Hernandez,F,2009-10-11,9,Inactive,80,2021-11-24 14:00:00,2023-09-17 00:00:00
45,Grace,Roberts,F,2004-03-26,12,Inactive,80,2021-11-25 14:00:00,2022-11-01 00:00:00
46,Nora,Jones,F,2009-07-28,11,Inactive,80,2021-11-27 18:00:00,2025-10-03 00:00:00
47,Ella,Clark,F,2006-06-04,12,Inactive,80,2021-12-09 17:00:00,2024-09-21 00:00:00
48,Aria,Wright,F,2006-08-10,12,Inactive,80,2021-12-10 17:00:00,2025-03-24 00:00:00
49,Samuel,Nguyen,M,2006-02-05,9,Inactive,80,2021-12-15 13:00:00,2022-04-27 00:00:00
50,Maverick,Martin,M,2004-10-08,12,Inactive,80,2021-12-28 16:00:00,2022-09-08 00:00:00
51,Jayden,Jackson,M,2005-03-16,11,Inactive,80,2022-01-02 13:00:00,2022-05-15 00:00:00
52,Grace,Thompson,F,2007-08-10,9,Inactive,80,2022-01-04 15:00:00,2022-05-17 00:00:00
53,Aubrey,Wright,F,2006-09-18,10,Inactive,80,2022-01-08 14:00:00,2022-05-21 00:00:00
54,Lucy,Walker,F,2006-09-23,10,Inactive,80,2022-01-10 17:00:00,2022-06-27 00:00:00
55,Ella,Robinson,F,2006-03-12,12,Inactive,80,2022-01-12 17:00:00,2024-09-11 00:00:00
56,Hazel,Sanchez,F,2005-05-19,11,Inactive,80,2022-01-23 13:00:00,2022-06-05 00:00:00
57,Violet,Thompson,F,2010-03-07,6,Inactive,80,2022-01-26 18:00:00,2022-02-02 00:00:00
58,Ava,Green,F,2009-06-16,12,Active,80,2022-01-29 18:00:00,2025-09-27 00:00:00
59,Jayden,Perez,M,2005-06-25,12,Inactive,80,2022-02-04 18:00:00,2023-10-09 00:00:00
60,Elizabeth,Nguyen,F,2005-06-09,12,Inactive,80,2022-02-06 15:00:00,2022-11-13 00:00:00
61,Leah,Moore,F,2006-08-05,12,Inactive,80,2022-02-16 13:00:00,2023-11-09 00:00:00
62,Emily,King,F,2005-08-08,11,Inactive,80,2022-02-19 18:00:00,2022-07-02 00:00:00
63,Leah,Miller,F,2005-03-28,12,Inactive,80,2022-02-21 13:00:00,2023-01-13 00:00:00
64,Samuel,Wright,M,2005-07-27,11,Inactive,80,2022-03-01 17:00:00,2022-07-12 00:00:00
65,Genesis,Moore,F,2007-01-03,9,Inactive,80,2022-03-06 18:00:00,2022-07-17 00:00:00
66,Aubrey,Clark,F,2007-11-06,9,Inactive,80,2022-03-08 15:00:00,2022-07-19 00:00:00
67,Ella,Hill,F,2005-02-10,12,Inactive,80,2022-03-09 15:00:00,2022-09-13 00:00:00
68,Scarlet,Hall,F,2006-01-01,10,Inactive,80,2022-03-10 17:00:00,2022-07-21 00:00:00
69,Nova,Garcia,F,2010-11-01,9,Inactive,80,2022-03-11 18:00:00,2025-10-24 00:00:00
70,Mia,Wright,F,2005-02-17,11,Inactive,80,2022-03-12 15:00:00,2022-03-19 00:00:00
71,Bella,Wilson,F,2010-11-11,10,Inactive,80,2022-03-14 13:00:00,2024-09-19 00:00:00
72,Victoria,Hernandez,F,2009-06-06,7,Inactive,80,2022-03-15 14:00:00,2022-07-26 00:00:00
73,Henry,Lewis,M,2005-03-03,11,Inactive,80,2022-03-17 17:00:00,2022-04-14 00:00:00
74,Josiah,Thompson,M,2006-04-15,12,Inactive,80,2022-03-22 17:00:00,2023-09-21 00:00:00
75,Gabriel,Nelson,M,2010-02-07,8,Inactive,80,2022-03-31 15:00:00,2024-09-26 00:00:00
76,Jack,Martinez,M,2006-11-02,12,Inactive,80,2022-04-05 18:00:00,2023-09-11 00:00:00
77,Skylar,Rodriguez,F,2010-07-08,9,Inactive,80,2022-04-06 16:00:00,2025-10-01 00:00:00
78,Leah,Jackson,F,2007-05-03,11,Inactive,80,2022-04-07 16:00:00,2022-11-29 00:00:00
79,Penelope,Wilson,F,2006-02-04,11,Inactive,80,2022-04-09 16:00:00,2022-11-07 00:00:00
80,Ethan,Rodriguez,M,2005-05-09,11,Inactive,80,2022-04-11 18:00:00,2022-08-22 00:00:00
81,Oliver,Jackson,M,2010-09-17,9,Active,80,2022-04-16 17:00:00,2025-09-30 00:00:00
82,Harper,Mitchell,F,2006-10-20,11,Inactive,80,2022-04-23 13:00:00,2025-10-10 00:00:00
83,Nora,Sanchez,F,2006-06-05,12,Inactive,80,2022-04-26 15:00:00,2024-11-14 00:00:00
84,Jack,Harris,M,2005-03-27,12,Inactive,80,2022-04-27 16:00:00,2022-12-02 00:00:00
85,Ellie,Nguyen,F,2006-04-17,12,Inactive,80,2022-05-01 17:00:00,2024-11-13 00:00:00
86,Liam,Thomas,M,2007-02-13,12,Inactive,80,2022-05-06 18:00:00,2023-10-25 00:00:00
87,Hannah,Flores,F,2005-03-04,11,Inactive,80,2022-05-11 16:00:00,2022-09-21 00:00:00
88,Asher,Moore,M,2005-11-27,12,Inactive,80,2022-05-12 15:00:00,2023-12-02 00:00:00
89,Jacob,Moore,M,2007-12-25,12,Inactive,80,2022-05-15 18:00:00,2024-12-02 00:00:00
90,Aurora,Lewis,F,2005-07-04,12,Inactive,80,2022-05-18 13:00:00,2022-11-12 00:00:00
91,Stella,Sanchez,F,2005-03-11,12,Inactive,80,2022-05-19 15:00:00,2023-11-26 00:00:00
92,Lucy,Flores,F,2006-12-13,10,Inactive,80,2022-05-23 13:00:00,2022-10-03 00:00:00
93,Sebastian,Smith,M,2006-02-07,12,Inactive,80,2022-05-24 14:00:00,2023-11-28 00:00:00
94,Grayson,Nguyen,M,2007-10-18,11,Inactive,80,2022-05-27 13:00:00,2025-11-23 00:00:00
95,Maya,Mitchell,F,2007-10-28,10,Inactive,80,2022-06-03 18:00:00,2023-11-14 00:00:00
96,Isaac,Wright,M,2007-02-06,9,Inactive,80,2022-06-05 18:00:00,2022-07-10 00:00:00
97,Kennedy,Anderson,F,2007-03-05,12,Inactive,80,2022-06-14 17:00:00,2024-02-29 00:00:00
98,Olivia,Roberts,F,2007-03-14,12,Inactive,80,2022-06-15 16:00:00,2023-10-15 00:00:00
99,Ezra,Smith,M,2010-06-14,9,Inactive,80,2022-06-16 17:00:00,2025-09-09 00:00:00
100,Liam,Gonzalez,M,2005-12-24,12,Inactive,80,2022-06-25 13:00:00,2023-10-26 00:00:00
101,Victoria,Johnson,F,2009-07-24,10,Inactive,80,2022-06-27 17:00:00,2025-11-21 00:00:00
102,Elizabeth,Davis,F,2009-05-09,12,Inactive,80,2022-06-28 18:00:00,2024-10-16 00:00:00
103,Aurora,Martinez,F,2007-02-11,9,Inactive,80,2022-06-29 15:00:00,2022-11-09 00:00:00
104,Amelia,Hill,F,2005-07-19,12,Inactive,80,2022-07-08 14:00:00,2023-11-12 00:00:00
105,Ellie,Davis,F,2007-12-19,12,Inactive,80,2022-07-09 17:00:00,2024-10-07 00:00:00
106,Joseph,Baker,M,2006-08-09,10,Inactive,80,2022-07-15 15:00:00,2022-11-25 00:00:00
107,Mateo,Moore,M,2006-09-11,12,Inactive,80,2022-07-16 15:00:00,2024-11-01 00:00:00
108,Luca,Lopez,M,2006-02-27,10,Inactive,80,2022-07-17 14:00:00,2022-11-27 00:00:00
109,Aria,Mitchell,F,2007-05-15,11,Inactive,80,2022-07-19 15:00:00,2023-09-25 00:00:00
110,Lily,Anderson,F,2005-03-24,12,Inactive,80,2022-07-20 13:00:00,2022-12-01 00:00:00
111,Skylar,Flores,F,2005-02-23,12,Inactive,80,2022-07-21 13:00:00,2023-01-25 00:00:00
112,Lincoln,Garcia,M,2006-09-13,12,Inactive,80,2022-07-25 14:00:00,2023-10-04 00:00:00
113,Samantha,Lopez,F,2010-09-10,11,Active,80,2022-08-02 17:00:00,2025-10-31 00:00:00
114,Carter,Harris,M,2010-06-18,9,Inactive,80,2022-08-04 13:00:00,2025-09-09 00:00:00
115,Harper,Rodriguez,F,2009-05-01,12,Inactive,80,2022-08-05 15:00:00,2025-10-09 00:00:00
116,Sofia,Harris,F,2005-12-06,12,Inactive,80,2022-08-06 16:00:00,2024-10-09 00:00:00
117,Riley,Perez,F,2005-07-22,12,Inactive,80,2022-08-07 15:00:00,2022-10-17 00:00:00
118,Ella,Allen,F,2007-04-17,11,Inactive,80,2022-08-08 15:00:00,2023-04-10 00:00:00
119,Ellie,Perez,F,2006-07-15,10,Inactive,80,2022-08-10 13:00:00,2022-12-21 00:00:00
120,Avery,Campbell,F,2006-02-28,12,Inactive,80,2022-08-13 14:00:00,2023-10-21 00:00:00
121,Aria,Brown,F,2005-02-21,12,Inactive,80,2022-08-14 18:00:00,2023-03-31 00:00:00
122,Leah,Martin,F,2005-05-25,12,Inactive,80,2022-08-16 16:00:00,2022-09-23 00:00:00
123,Leah,Davis,F,2006-12-04,12,Inactive,80,2022-08-21 13:00:00,2022-12-04 00:00:00
124,Joseph,Brown,M,2010-07-05,6,Inactive,80,2022-08-25 14:00:00,2023-01-05 00:00:00
125,Caroline,Hill,F,2005-02-14,11,Inactive,80,2022-09-01 14:00:00,2022-11-17 00:00:00
126,William,Ramirez,M,2005-01-03,11,Inactive,80,2022-09-02 13:00:00,2023-01-13 00:00:00
127,Mason,Young,M,2009-05-15,12,Active,80,2022-09-05 18:00:00,2025-11-09 00:00:00
128,Emilia,Carter,F,2007-08-21,9,Inactive,80,2022-09-08 13:00:00,2023-01-19 00:00:00
129,Avery,Thompson,F,2009-04-15,7,Inactive,80,2022-09-13 16:00:00,2023-01-24 00:00:00
130,Henry,Davis,M,2006-02-26,12,Inactive,80,2022-09-14 17:00:00,2023-11-15 00:00:00
131,Samantha,Moore,F,2005-10-01,12,Inactive,80,2022-09-16 14:00:00,2025-09-19 00:00:00
132,Leah,Wright,F,2007-10-18,12,Inactive,80,2022-09-17 17:00:00,2025-09-08 00:00:00
133,Savannah,Baker,F,2006-03-20,10,Inactive,80,2022-09-18 18:00:00,2022-09-25 00:00:00
134,Savannah,Jackson,F,2005-09-25,12,Inactive,80,2022-09-19 15:00:00,2023-10-03 00:00:00
135,Owen,Campbell,M,2005-03-19,11,Inactive,80,2022-09-21 18:00:00,2023-02-01 00:00:00
136,Grace,Flores,F,2007-05-14,12,Inactive,80,2022-09-22 13:00:00,2024-10-12 00:00:00
137,Leo,White,M,2010-11-25,6,Inactive,80,2022-09-23 16:00:00,2023-02-03 00:00:00
138,Emma,Robinson,F,2009-08-05,7,Inactive,80,2022-09-24 16:00:00,2023-02-04 00:00:00
139,Riley,Hill,F,2009-07-13,7,Inactive,80,2022-09-27 15:00:00,2023-02-07 00:00:00
140,Avery,Flores,F,2010-08-06,12,Inactive,80,2022-09-28 15:00:00,2025-11-03 00:00:00
141,Riley,Hall,F,2006-05-24,12,Inactive,80,2022-09-30 17:00:00,2022-11-20 00:00:00
142,Luke,Ramirez,M,2009-03-07,8,Active,80,2022-10-04 17:00:00,2025-09-27 00:00:00
143,Grace,Young,F,2009-12-10,12,Inactive,80,2022-10-05 14:00:00,2025-12-04 00:00:00
144,Oliver,Walker,M,2007-06-13,9,Inactive,80,2022-10-06 13:00:00,2023-02-16 00:00:00
145,Amelia,Garcia,F,2007-05-05,12,Inactive,80,2022-10-07 16:00:00,2025-09-16 00:00:00
146,Elizabeth,Moore,F,2009-04-17,7,Inactive,80,2022-10-08 14:00:00,2023-02-18 00:00:00
147,Julian,Brown,M,2005-06-28,11,Inactive,80,2022-10-09 17:00:00,2023-02-19 00:00:00
148,Grace,Williams,F,2005-04-10,11,Inactive,80,2022-10-10 17:00:00,2023-02-20 00:00:00
149,Bella,Lewis,F,2007-07-06,12,Inactive,80,2022-10-11 13:00:00,2024-10-26 00:00:00
150,Grayson,Baker,M,2005-05-10,11,Inactive,80,2022-10-13 14:00:00,2023-02-23 00:00:00
151,Olivia,Hernandez,F,2007-12-10,11,Inactive,80,2022-10-17 17:00:00,2024-11-09 00:00:00
152,Ellie,Carter,F,2010-12-01,6,Inactive,80,2022-10-18 18:00:00,2023-02-28 00:00:00
153,Sophia,Taylor,F,2006-04-09,10,Inactive,80,2022-10-19 15:00:00,2023-03-01 00:00:00
154,Anna,Hill,F,2010-09-16,7,Inactive,80,2022-10-22 18:00:00,2024-10-03 00:00:00
155,Emma,Jackson,F,2007-03-06,9,Inactive,80,2022-10-23 18:00:00,2023-03-05 00:00:00
156,Anna,Perez,F,2006-09-17,12,Inactive,80,2022-10-24 15:00:00,2025-03-22 00:00:00
157,Aubrey,Davis,F,2005-12-18,12,Inactive,80,2022-10-25 17:00:00,2024-10-17 00:00:00
158,Amelia,Perez,F,2007-08-21,12,Inactive,80,2022-10-27 13:00:00,2025-10-23 00:00:00
159,Isabella,Wilson,F,2007-01-15,12,Inactive,80,2022-10-30 13:00:00,2025-04-10 00:00:00
160,Ava,Martin,F,2007-12-20,12,Inactive,80,2022-10-31 17:00:00,2024-12-21 00:00:00
161,Savannah,Thompson,F,2006-03-08,12,Inactive,80,2022-11-01 15:00:00,2025-11-02 00:00:00
162,Aiden,Clark,M,2005-08-11,12,Inactive,80,2022-11-03 18:00:00,2024-09-23 00:00:00
163,Grayson,Nelson,M,2006-07-27,12,Inactive,80,2022-11-04 18:00:00,2024-11-22 00:00:00
164,Theodore,Lee,M,2005-05-04,11,Inactive,80,2022-11-05 14:00:00,2023-03-18 00:00:00
165,Benjamin,Walker,M,2005-11-02,12,Inactive,80,2022-11-06 14:00:00,2023-11-26 00:00:00
166,Matthew,Moore,M,2006-08-22,12,Inactive,80,2022-11-07 13:00:00,2024-10-03 00:00:00
167,Aurora,Smith,F,2009-05-02,9,Inactive,80,2022-11-08 15:00:00,2025-03-08 00:00:00
168,Caroline,Martinez,F,2009-05-08,7,Inactive,80,2022-11-09 18:00:00,2023-03-22 00:00:00
169,Hannah,Walker,F,2007-06-28,12,Inactive,80,2022-11-10 16:00:00,2024-09-13 00:00:00
170,Mia,Smith,F,2006-06-20,12,Inactive,80,2022-11-12 13:00:00,2024-09-29 00:00:00
171,Aubrey,Martinez,F,2007-07-17,12,Inactive,80,2022-11-15 18:00:00,2023-10-05 00:00:00
172,Samuel,Green,M,2007-12-17,9,Inactive,80,2022-11-16 18:00:00,2023-03-29 00:00:00
173,Nova,Williams,F,2006-05-09,12,Inactive,80,2022-11-17 14:00:00,2024-11-28 00:00:00
174,Willow,White,F,2006-09-04,12,Inactive,80,2022-11-18 16:00:00,2024-11-28 00:00:00
175,Bella,Martinez,F,2010-09-23,8,Active,80,2022-11-19 17:00:00,2025-11-11 00:00:00
176,Olivia,Smith,F,2010-09-10,10,Inactive,80,2022-11-20 13:00:00,2025-11-02 00:00:00
177,Aria,Miller,F,2005-09-06,12,Inactive,80,2022-11-21 14:00:00,2025-10-06 00:00:00
178,Genesis,Thomas,F,2007-04-13,12,Inactive,80,2022-11-26 15:00:00,2025-11-13 00:00:00
179,Lily,Martin,F,2010-08-27,6,Inactive,80,2022-11-27 13:00:00,2023-04-09 00:00:00
180,Leah,Moore,F,2005-07-08,11,Inactive,80,2022-11-28 17:00:00,2023-04-10 00:00:00
181,Liam,Roberts,M,2010-12-23,10,Inactive,80,2022-11-30 16:00:00,2025-10-03 00:00:00
182,Leah,Hill,F,2007-10-02,12,Inactive,80,2022-12-01 18:00:00,2024-10-05 00:00:00
183,Alexander,Walker,M,2006-12-25,10,Inactive,80,2022-12-04 13:00:00,2023-04-16 00:00:00
184,Victoria,Torres,F,2007-09-14,11,Active,80,2022-12-08 17:00:00,2025-09-17 00:00:00
185,Scarlet,Rodriguez,F,2010-06-20,7,Inactive,80,2022-12-09 16:00:00,2023-11-30 00:00:00
186,Nova,Mitchell,F,2009-09-20,11,Inactive,80,2022-12-10 18:00:00,2025-10-01 00:00:00
187,Ezra,Brown,M,2006-07-15,10,Inactive,80,2022-12-11 17:00:00,2023-02-05 00:00:00
188,Charles,Davis,M,2006-09-21,11,Inactive,80,2022-12-14 16:00:00,2024-10-03 00:00:00
189,Wyatt,Thompson,M,2005-07-09,12,Inactive,80,2022-12-27 15:00:00,2024-12-07 00:00:00
190,Gabriel,Rivera,M,2007-06-11,10,Inactive,80,2022-12-30 14:00:00,2024-10-06 00:00:00
191,Victoria,Campbell,F,2005-06-13,11,Inactive,80,2022-12-31 13:00:00,2023-05-13 00:00:00
192,Hannah,Martinez,F,2011-12-20,9,Inactive,100,2023-01-06 16:00:00,2025-11-03 00:00:00
193,Thomas,Moore,M,2006-04-05,12,Inactive,100,2023-01-08 18:00:00,2024-01-17 00:00:00
194,Genesis,Wright,F,2006-09-01,12,Inactive,100,2023-01-12 16:00:00,2023-11-18 00:00:00
195,Aria,Thomas,F,2006-07-17,11,Inactive,100,2023-01-16 16:00:00,2023-05-29 00:00:00
196,Henry,Anderson,M,2008-02-28,11,Inactive,100,2023-01-19 13:00:00,2024-11-17 00:00:00
197,Elijah,Torres,M,2007-08-16,12,Inactive,100,2023-01-26 16:00:00,2024-10-13 00:00:00
198,Grace,Baker,F,2011-01-05,8,Inactive,100,2023-01-30 15:00:00,2025-09-27 00:00:00
199,Hazel,Moore,F,2008-10-20,12,Inactive,100,2023-02-01 14:00:00,2025-10-20 00:00:00
200,Savannah,Rodriguez,F,2007-02-12,12,Inactive,100,2023-02-02 16:00:00,2024-09-30 00:00:00
201,Dylan,Lee,M,2006-09-18,11,Inactive,100,2023-02-14 13:00:00,2023-06-27 00:00:00
202,Abigail,White,F,2008-10-17,11,Inactive,100,2023-02-16 17:00:00,2024-11-30 00:00:00
203,Olivia,Brown,F,2008-11-18,11,Inactive,100,2023-02-17 13:00:00,2024-10-12 00:00:00
204,Ava,Wilson,F,2006-12-25,11,Inactive,100,2023-02-20 17:00:00,2023-06-12 00:00:00
205,Avery,Hall,F,2011-01-19,10,Inactive,100,2023-02-22 17:00:00,2025-09-25 00:00:00
206,Jackson,Flores,M,2008-02-10,9,Inactive,100,2023-03-01 16:00:00,2023-07-12 00:00:00
207,Michael,Green,M,2006-09-06,11,Inactive,100,2023-03-02 18:00:00,2023-07-13 00:00:00
208,Elias,Thompson,M,2008-06-12,9,Inactive,100,2023-03-05 16:00:00,2023-07-16 00:00:00
209,Caroline,Lewis,F,2008-09-15,12,Inactive,100,2023-03-08 13:00:00,2025-09-08 00:00:00
210,Claire,Brown,F,2007-11-13,12,Inactive,100,2023-03-09 16:00:00,2024-10-17 00:00:00
211,Ava,Hall,F,2006-08-11,11,Inactive,100,2023-03-10 14:00:00,2023-07-21 00:00:00
212,Matthew,Martinez,M,2008-03-24,12,Inactive,100,2023-03-15 14:00:00,2025-11-18 00:00:00
213,Savannah,Adams,F,2006-08-21,11,Inactive,100,2023-03-17 14:00:00,2023-07-28 00:00:00
214,Riley,Clark,F,2010-05-07,9,Inactive,100,2023-03-18 18:00:00,2025-09-13 00:00:00
215,Joseph,Green,M,2007-01-14,12,Inactive,100,2023-03-21 15:00:00,2024-09-13 00:00:00
216,Olivia,Carter,F,2008-08-24,9,Inactive,100,2023-03-22 18:00:00,2023-08-02 00:00:00
217,Anna,Adams,F,2008-12-14,11,Inactive,100,2023-03-23 16:00:00,2025-10-31 00:00:00
218,Samuel,Thomas,M,2011-07-26,8,Inactive,100,2023-03-25 13:00:00,2025-01-24 00:00:00
219,Violet,Sanchez,F,2011-05-09,8,Inactive,100,2023-03-27 13:00:00,2025-03-13 00:00:00
220,Anna,Robinson,F,2008-10-11,9,Inactive,100,2023-04-05 15:00:00,2023-08-16 00:00:00
221,John,Sanchez,M,2006-06-22,12,Inactive,100,2023-04-06 13:00:00,2023-10-10 00:00:00
222,Paisley,Green,F,2006-11-26,11,Inactive,100,2023-04-08 15:00:00,2023-08-19 00:00:00
223,Nova,Sanchez,F,2006-08-21,11,Inactive,100,2023-04-09 15:00:00,2023-08-20 00:00:00
224,Aria,Anderson,F,2010-09-24,8,Inactive,100,2023-04-11 15:00:00,2023-09-16 00:00:00
225,Penelope,Nelson,F,2008-08-18,12,Inactive,100,2023-04-13 15:00:00,2025-10-30 00:00:00
226,Elizabeth,Hall,F,2006-02-23,12,Inactive,100,2023-04-19 18:00:00,2023-09-11 00:00:00
227,Abigail,Martinez,F,2008-02-05,9,Inactive,100,2023-04-24 13:00:00,2023-09-04 00:00:00
228,Noah,King,M,2007-09-05,12,Inactive,100,2023-04-28 13:00:00,2024-09-12 00:00:00
229,Aurora,Gonzalez,F,2008-11-09,9,Inactive,100,2023-05-01 14:00:00,2023-09-11 00:00:00
230,Genesis,Rodriguez,F,2008-03-11,12,Active,100,2023-05-05 17:00:00,2025-10-12 00:00:00
231,Genesis,Nguyen,F,2007-02-23,12,Inactive,100,2023-05-07 13:00:00,2024-12-01 00:00:00
232,Brooklyn,Rivera,F,2011-10-26,8,Inactive,100,2023-05-09 15:00:00,2023-10-06 00:00:00
233,Kennedy,Wright,F,2006-09-14,12,Inactive,100,2023-05-10 17:00:00,2025-11-22 00:00:00
234,Mateo,Taylor,M,2007-09-01,12,Inactive,100,2023-05-13 17:00:00,2024-11-10 00:00:00
235,Lily,Adams,F,2006-12-21,12,Inactive,100,2023-05-17 14:00:00,2023-11-19 00:00:00
236,Hazel,Perez,F,2007-09-08,12,Inactive,100,2023-05-18 13:00:00,2023-09-25 00:00:00
237,Brooklyn,Carter,F,2010-08-23,10,Active,100,2023-05-21 17:00:00,2025-10-08 00:00:00
238,Gabriel,Martinez,M,2008-05-20,9,Inactive,100,2023-05-29 14:00:00,2023-10-09 00:00:00
239,Nora,Lewis,F,2008-06-16,12,Inactive,100,2023-05-30 15:00:00,2025-10-25 00:00:00
240,Chloe,Lee,F,2006-06-11,12,Inactive,100,2023-05-31 18:00:00,2023-09-19 00:00:00
241,Mateo,Nguyen,M,2006-01-04,11,Inactive,100,2023-06-03 15:00:00,2023-08-19 00:00:00
242,Lucy,Wright,F,2010-12-23,9,Inactive,100,2023-06-04 15:00:00,2025-10-27 00:00:00
243,Avery,Campbell,F,2010-07-01,12,Inactive,100,2023-06-13 17:00:00,2025-12-06 00:00:00
244,Hazel,Robinson,F,2006-03-16,12,Inactive,100,2023-06-18 17:00:00,2024-02-03 00:00:00
245,Levi,Lee,M,2006-09-19,12,Inactive,100,2023-06-21 18:00:00,2023-09-08 00:00:00
246,Elizabeth,Scott,F,2007-11-07,12,Inactive,100,2023-06-25 14:00:00,2024-10-21 00:00:00
247,Bella,Lewis,F,2007-12-05,12,Inactive,100,2023-06-28 18:00:00,2024-03-04 00:00:00
248,Daniel,Baker,M,2011-05-16,9,Inactive,100,2023-07-01 15:00:00,2025-09-15 00:00:00
249,Anna,Harris,F,2008-01-01,10,Inactive,100,2023-07-08 13:00:00,2023-11-30 00:00:00
250,Zoey,Rivera,F,2011-02-03,6,Inactive,100,2023-07-10 15:00:00,2023-11-20 00:00:00
251,Sofia,Hill,F,2007-05-18,10,Inactive,100,2023-07-11 13:00:00,2023-11-21 00:00:00
252,Theodore,Perez,M,2008-07-27,9,Inactive,100,2023-07-13 17:00:00,2023-11-23 00:00:00
253,Abigail,Brown,F,2011-01-11,8,Inactive,100,2023-07-14 14:00:00,2024-11-20 00:00:00
254,Maya,Sanchez,F,2006-01-05,12,Inactive,100,2023-07-15 17:00:00,2023-09-09 00:00:00
255,Victoria,Baker,F,2006-05-07,11,Inactive,100,2023-07-17 15:00:00,2023-11-27 00:00:00
256,Chloe,Jones,F,2011-03-26,6,Inactive,100,2023-07-19 16:00:00,2023-10-18 00:00:00
257,Kennedy,Nguyen,F,2010-06-27,7,Inactive,100,2023-07-23 16:00:00,2023-12-03 00:00:00
258,Grace,Taylor,F,2007-10-27,10,Inactive,100,2023-08-04 16:00:00,2023-12-15 00:00:00
259,Ellie,Allen,F,2006-05-28,11,Inactive,100,2023-08-05 13:00:00,2023-12-16 00:00:00
260,Abigail,Moore,F,2006-04-18,12,Inactive,100,2023-08-08 13:00:00,2024-09-24 00:00:00
261,Ava,Rivera,F,2010-05-17,10,Inactive,100,2023-08-10 13:00:00,2025-10-28 00:00:00
262,Caroline,Jackson,F,2008-05-26,9,Inactive,100,2023-08-11 14:00:00,2023-08-18 00:00:00
263,Hudson,Lopez,M,2010-05-20,8,Active,100,2023-08-13 16:00:00,2025-10-10 00:00:00
264,Caroline,Carter,F,2006-07-26,11,Inactive,100,2023-08-14 17:00:00,2023-11-27 00:00:00
265,Thomas,Scott,M,2008-07-19,9,Inactive,100,2023-08-21 18:00:00,2023-08-28 00:00:00
266,David,Lewis,M,2006-06-10,11,Inactive,100,2023-08-22 14:00:00,2024-01-02 00:00:00
267,Gabriel,Allen,M,2007-03-24,11,Inactive,100,2023-08-23 17:00:00,2023-10-16 00:00:00
268,Scarlett,Baker,F,2007-10-09,12,Inactive,100,2023-08-29 16:00:00,2025-11-13 00:00:00
269,Brooklyn,Nguyen,F,2008-02-24,11,Active,100,2023-08-30 14:00:00,2025-09-13 00:00:00
270,Grace,Gonzalez,F,2008-09-25,9,Inactive,100,2023-08-31 18:00:00,2024-01-11 00:00:00
271,Willow,Wilson,F,2008-09-04,9,Inactive,100,2023-09-01 17:00:00,2024-01-12 00:00:00
272,Skylar,Walker,F,2007-07-21,12,Inactive,100,2023-09-02 16:00:00,2023-11-04 00:00:00
273,Anna,Hall,F,2008-07-01,11,Inactive,100,2023-09-03 16:00:00,2025-10-15 00:00:00
274,Scarlett,Smith,F,2006-10-10,11,Inactive,100,2023-09-04 17:00:00,2023-09-11 00:00:00
275,Maverick,King,M,2011-03-12,7,Inactive,100,2023-09-05 14:00:00,2025-09-19 00:00:00
276,Emily,Thompson,F,2010-06-11,7,Inactive,100,2023-09-06 15:00:00,2024-01-17 00:00:00
277,Nova,Perez,F,2011-05-13,8,Inactive,100,2023-09-07 13:00:00,2025-04-05 00:00:00
278,Noah,Torres,M,2011-02-01,7,Inactive,100,2023-09-08 13:00:00,2024-09-14 00:00:00
279,Hannah,Adams,F,2010-10-19,10,Inactive,100,2023-09-10 15:00:00,2025-11-08 00:00:00
280,Scarlet,Gonzalez,F,2007-12-27,10,Inactive,100,2023-09-11 14:00:00,2024-01-22 00:00:00
281,Sophia,Lee,F,2006-05-28,11,Inactive,100,2023-09-12 14:00:00,2024-01-23 00:00:00
282,Hannah,Miller,F,2008-02-06,9,Inactive,100,2023-09-14 16:00:00,2024-01-25 00:00:00
283,Levi,Ramirez,M,2010-08-10,7,Inactive,100,2023-09-15 15:00:00,2023-09-22 00:00:00
284,Isabella,Johnson,F,2007-04-14,10,Inactive,100,2023-09-17 14:00:00,2024-01-28 00:00:00
285,Ethan,Martinez,M,2008-12-18,10,Inactive,100,2023-09-19 18:00:00,2025-02-20 00:00:00
286,Jack,Thomas,M,2010-05-15,10,Inactive,100,2023-09-20 17:00:00,2024-11-27 00:00:00
287,Sophia,Young,F,2006-10-20,11,Inactive,100,2023-09-24 17:00:00,2024-02-04 00:00:00
288,Olivia,Scott,F,2007-05-23,11,Inactive,100,2023-09-25 18:00:00,2025-10-06 00:00:00
289,Ellie,White,F,2008-11-14,12,Inactive,100,2023-09-26 14:00:00,2025-10-03 00:00:00
290,Jackson,Moore,M,2008-07-20,10,Inactive,100,2023-09-27 13:00:00,2025-10-05 00:00:00
291,Elijah,Taylor,M,2010-02-24,9,Inactive,100,2023-09-28 17:00:00,2025-10-06 00:00:00
292,Stella,Clark,F,2010-08-28,10,Inactive,100,2023-09-29 18:00:00,2025-09-19 00:00:00
293,Nora,Adams,F,2011-05-07,9,Inactive,100,2023-09-30 14:00:00,2025-11-30 00:00:00
294,Luke,White,M,2007-05-19,12,Inactive,100,2023-10-02 16:00:00,2025-09-30 00:00:00
295,Sofia,Walker,F,2007-09-09,12,Inactive,100,2023-10-03 15:00:00,2024-09-24 00:00:00
296,Anna,White,F,2008-02-15,9,Inactive,100,2023-10-04 15:00:00,2024-02-14 00:00:00
297,Scarlet,Green,F,2008-12-18,12,Inactive,100,2023-10-06 18:00:00,2025-11-05 00:00:00
298,James,Baker,M,2008-11-17,11,Active,100,2023-10-10 17:00:00,2025-10-15 00:00:00
299,Skylar,Rivera,F,2007-07-01,10,Inactive,100,2023-10-11 15:00:00,2024-02-21 00:00:00
300,Samantha,King,F,2007-11-01,10,Inactive,100,2023-10-13 13:00:00,2024-02-23 00:00:00
301,Kennedy,Green,F,2010-01-21,8,Inactive,100,2023-10-14 17:00:00,2025-11-01 00:00:00
302,Claire,Johnson,F,2010-05-09,7,Inactive,100,2023-10-15 13:00:00,2024-02-25 00:00:00
303,Chloe,Lewis,F,2011-07-17,9,Inactive,100,2023-10-17 18:00:00,2025-09-16 00:00:00
304,Leah,Wilson,F,2008-09-07,10,Inactive,100,2023-10-18 14:00:00,2024-10-05 00:00:00
305,Noah,Moore,M,2006-05-09,11,Inactive,100,2023-10-19 14:00:00,2024-02-29 00:00:00
306,Scarlett,Carter,F,2011-08-15,6,Inactive,100,2023-10-21 13:00:00,2023-10-28 00:00:00
307,Maya,Green,F,2008-03-18,9,Inactive,100,2023-10-22 13:00:00,2024-03-03 00:00:00
308,Riley,Robinson,F,2008-02-02,12,Inactive,100,2023-10-24 15:00:00,2024-11-04 00:00:00
309,Stella,White,F,2008-07-20,9,Inactive,100,2023-10-25 17:00:00,2024-03-06 00:00:00
310,Caroline,Rodriguez,F,2011-07-10,6,Inactive,100,2023-10-26 15:00:00,2024-03-07 00:00:00
311,Brooklyn,Smith,F,2008-07-07,11,Active,100,2023-10-27 13:00:00,2025-09-04 00:00:00
312,Wyatt,Carter,M,2011-03-16,8,Inactive,100,2023-10-29 13:00:00,2025-10-14 00:00:00
313,Oliver,Mitchell,M,2006-10-12,11,Inactive,100,2023-10-30 17:00:00,2024-03-11 00:00:00
314,Isaac,Mitchell,M,2007-05-04,12,Inactive,100,2023-10-31 16:00:00,2024-09-21 00:00:00
315,Anna,Allen,F,2010-03-18,10,Inactive,100,2023-11-01 13:00:00,2025-12-01 00:00:00
316,Leah,Lewis,F,2007-10-12,12,Inactive,100,2023-11-02 16:00:00,2025-10-20 00:00:00
317,Daniel,Rivera,M,2008-12-15,9,Inactive,100,2023-11-03 16:00:00,2024-03-15 00:00:00
318,Owen,Sanchez,M,2007-09-12,12,Inactive,100,2023-11-05 13:00:00,2024-11-20 00:00:00
319,Isaac,Scott,M,2006-06-21,11,Inactive,100,2023-11-06 16:00:00,2024-03-18 00:00:00
320,Isabella,Scott,F,2008-05-15,12,Inactive,100,2023-11-07 17:00:00,2025-12-01 00:00:00
321,Paisley,Carter,F,2011-01-07,6,Inactive,100,2023-11-08 15:00:00,2024-02-14 00:00:00
322,Gabriel,Flores,M,2006-12-10,11,Inactive,100,2023-11-09 14:00:00,2024-03-21 00:00:00
323,Genesis,Gonzalez,F,2008-04-12,12,Inactive,100,2023-11-10 15:00:00,2025-10-22 00:00:00
324,Dylan,Adams,M,2006-11-10,12,Inactive,100,2023-11-11 16:00:00,2025-01-23 00:00:00
325,Theodore,Flores,M,2008-12-26,11,Inactive,100,2023-11-12 13:00:00,2025-10-19 00:00:00
326,Stella,Flores,F,2007-07-17,10,Inactive,100,2023-11-13 17:00:00,2024-03-25 00:00:00
327,Paisley,Hall,F,2011-04-20,6,Inactive,100,2023-11-14 13:00:00,2023-12-12 00:00:00
328,Lucy,Gonzalez,F,2006-05-16,12,Inactive,100,2023-11-16 18:00:00,2024-10-28 00:00:00
329,Sophia,Hernandez,F,2008-06-09,11,Inactive,100,2023-11-17 17:00:00,2025-04-02 00:00:00
330,David,Robinson,M,2011-11-27,9,Inactive,100,2023-11-18 15:00:00,2025-11-21 00:00:00
331,Ethan,Ramirez,M,2006-05-05,12,Inactive,100,2023-11-19 14:00:00,2024-12-03 00:00:00
332,Thomas,Young,M,2006-10-08,12,Inactive,100,2023-11-20 18:00:00,2024-09-11 00:00:00
333,Ezra,Jackson,M,2010-04-03,7,Inactive,100,2023-11-21 15:00:00,2023-11-28 00:00:00
334,Gabriel,Garcia,M,2006-03-11,12,Inactive,100,2023-11-22 18:00:00,2024-11-16 00:00:00
335,Scarlett,Green,F,2010-06-05,10,Active,100,2023-11-23 14:00:00,2025-10-13 00:00:00
336,Aria,Smith,F,2006-11-23,11,Inactive,100,2023-11-27 18:00:00,2024-04-08 00:00:00
337,Caroline,Taylor,F,2010-01-23,9,Inactive,100,2023-11-28 13:00:00,2025-12-05 00:00:00
338,Scarlet,Jackson,F,2006-09-13,12,Inactive,100,2023-11-29 16:00:00,2024-10-03 00:00:00
339,Nova,Miller,F,2006-01-02,12,Inactive,100,2023-12-01 13:00:00,2025-01-18 00:00:00
340,Harper,Lee,F,2011-09-09,8,Active,100,2023-12-05 15:00:00,2025-09-04 00:00:00
341,Aria,Perez,F,2008-01-26,9,Inactive,100,2023-12-06 17:00:00,2024-04-17 00:00:00
342,Willow,Adams,F,2006-02-11,12,Active,100,2023-12-08 15:00:00,2025-10-17 00:00:00
343,Samuel,Lopez,M,2010-11-18,7,Inactive,100,2023-12-10 16:00:00,2024-04-21 00:00:00
344,Chloe,Jones,F,2011-01-04,8,Inactive,100,2023-12-12 16:00:00,2025-11-20 00:00:00
345,Wyatt,Williams,M,2007-03-08,10,Inactive,100,2023-12-13 18:00:00,2023-12-20 00:00:00
346,Olivia,Thomas,F,2008-11-20,11,Inactive,100,2023-12-14 16:00:00,2025-09-29 00:00:00
347,Levi,Rivera,M,2007-07-11,11,Active,100,2023-12-15 15:00:00,2025-09-18 00:00:00
348,Gabriel,Scott,M,2006-08-08,12,Inactive,100,2023-12-17 15:00:00,2024-10-27 00:00:00
349,Penelope,Perez,F,2007-02-14,10,Inactive,100,2023-12-18 17:00:00,2024-03-18 00:00:00
350,Lincoln,Jackson,M,2010-04-10,9,Inactive,100,2023-12-23 15:00:00,2025-11-02 00:00:00
351,Lucy,Campbell,F,2007-03-22,10,Inactive,100,2023-12-25 18:00:00,2024-05-06 00:00:00
352,Liam,Ramirez,M,2008-08-26,11,Inactive,100,2023-12-29 15:00:00,2024-11-04 00:00:00
353,Kennedy,Smith,F,2008-12-06,9,Inactive,100,2023-12-30 18:00:00,2024-05-11 00:00:00
354,Aurora,Allen,F,2008-04-04,11,Inactive,120,2024-01-02 18:00:00,2025-10-10 00:00:00
355,Sophia,Allen,F,2008-05-07,12,Inactive,120,2024-01-12 17:00:00,2024-10-02 00:00:00
356,Lily,Lopez,F,2008-02-06,11,Inactive,120,2024-01-13 15:00:00,2025-11-18 00:00:00
357,Victoria,Lewis,F,2009-03-03,12,Inactive,120,2024-01-14 14:00:00,2025-09-27 00:00:00
358,Jack,Torres,M,2011-09-28,8,Inactive,120,2024-01-17 13:00:00,2025-02-23 00:00:00
359,Aiden,Martin,M,2007-06-01,12,Inactive,120,2024-01-18 15:00:00,2024-12-01 00:00:00
360,Stella,Mitchell,F,2009-12-25,12,Inactive,120,2024-01-24 18:00:00,2025-10-21 00:00:00
361,Brooklyn,Nelson,F,2009-07-21,11,Inactive,120,2024-01-25 16:00:00,2025-10-01 00:00:00
362,Lily,King,F,2012-10-22,7,Inactive,120,2024-01-30 15:00:00,2024-10-16 00:00:00
363,Avery,Nelson,F,2009-03-05,9,Inactive,120,2024-01-31 14:00:00,2024-06-12 00:00:00
364,Julian,Campbell,M,2008-05-16,10,Inactive,120,2024-02-03 15:00:00,2024-06-22 00:00:00
365,Asher,Davis,M,2009-12-16,9,Inactive,120,2024-02-04 13:00:00,2024-06-30 00:00:00
366,Kennedy,Torres,F,2008-04-07,10,Inactive,120,2024-02-07 18:00:00,2024-06-19 00:00:00
367,Charles,Mitchell,M,2012-02-13,9,Inactive,120,2024-02-08 16:00:00,2025-11-06 00:00:00
368,Elijah,Green,M,2007-10-10,12,Inactive,120,2024-02-12 17:00:00,2024-11-15 00:00:00
369,Maya,White,F,2009-12-27,12,Inactive,120,2024-02-13 15:00:00,2025-10-15 00:00:00
370,Bella,Brown,F,2011-02-12,7,Inactive,120,2024-02-14 16:00:00,2024-06-26 00:00:00
371,Lily,Robinson,F,2007-05-15,12,Inactive,120,2024-02-15 18:00:00,2024-11-26 00:00:00
372,Savannah,Perez,F,2009-12-19,12,Inactive,120,2024-02-19 16:00:00,2025-11-25 00:00:00
373,Anthony,Hernandez,M,2007-07-21,11,Inactive,120,2024-02-25 17:00:00,2024-07-07 00:00:00
374,Anthony,Johnson,M,2012-04-05,8,Inactive,120,2024-02-27 14:00:00,2024-10-06 00:00:00
375,Zoey,Miller,F,2012-10-16,6,Inactive,120,2024-03-02 16:00:00,2024-07-13 00:00:00
376,Hudson,Williams,M,2012-06-22,9,Inactive,120,2024-03-07 13:00:00,2025-10-07 00:00:00
377,Aurora,Campbell,F,2007-06-20,11,Inactive,120,2024-03-08 14:00:00,2024-07-19 00:00:00
378,Jacob,King,M,2008-01-13,12,Inactive,120,2024-03-11 18:00:00,2024-12-01 00:00:00
379,Thomas,Smith,M,2011-03-21,11,Inactive,120,2024-03-16 18:00:00,2025-09-24 00:00:00
380,Elias,Hill,M,2012-11-04,8,Inactive,120,2024-03-19 16:00:00,2025-11-12 00:00:00
381,Aubrey,White,F,2007-09-24,11,Inactive,120,2024-03-21 14:00:00,2024-08-01 00:00:00
382,Aurora,Wright,F,2009-05-20,11,Inactive,120,2024-03-24 14:00:00,2025-10-11 00:00:00
383,Brooklyn,Martin,F,2007-04-06,12,Inactive,120,2024-03-25 16:00:00,2024-09-25 00:00:00
384,Mia,Rodriguez,F,2012-03-19,6,Inactive,120,2024-03-26 14:00:00,2024-06-25 00:00:00
385,Avery,Thompson,F,2012-01-14,9,Inactive,120,2024-03-28 14:00:00,2025-10-01 00:00:00
386,Elias,Brown,M,2012-09-09,6,Inactive,120,2024-04-01 17:00:00,2024-08-12 00:00:00
387,Jayden,Mitchell,M,2011-12-06,9,Active,120,2024-04-03 15:00:00,2025-10-12 00:00:00
388,Skylar,King,F,2011-05-12,8,Inactive,120,2024-04-04 15:00:00,2024-11-16 00:00:00
389,Henry,Mitchell,M,2008-09-28,12,Inactive,120,2024-04-05 17:00:00,2024-10-27 00:00:00
390,Alexander,Baker,M,2012-07-05,8,Inactive,120,2024-04-06 13:00:00,2025-04-05 00:00:00
391,Hudson,Carter,M,2011-07-23,8,Inactive,120,2024-04-07 15:00:00,2024-10-07 00:00:00
392,Elias,Perez,M,2012-10-27,7,Inactive,120,2024-04-10 17:00:00,2025-11-24 00:00:00
393,Aubrey,Campbell,F,2008-02-12,12,Inactive,120,2024-04-11 16:00:00,2024-10-28 00:00:00
394,Sofia,Campbell,F,2009-05-28,9,Inactive,120,2024-04-13 16:00:00,2024-08-24 00:00:00
395,Aurora,Rivera,F,2009-04-12,11,Inactive,120,2024-04-15 16:00:00,2025-09-14 00:00:00
396,Luca,Hill,M,2008-11-24,11,Inactive,120,2024-04-16 16:00:00,2024-10-14 00:00:00
397,Scarlet,Martin,F,2011-07-07,8,Inactive,120,2024-04-19 14:00:00,2025-04-09 00:00:00
398,Aiden,Johnson,M,2012-04-03,9,Inactive,120,2024-04-20 15:00:00,2025-09-22 00:00:00
399,Stella,Nguyen,F,2009-02-28,9,Inactive,120,2024-04-23 15:00:00,2024-09-03 00:00:00
400,Emily,Allen,F,2009-07-13,12,Inactive,120,2024-04-24 14:00:00,2025-09-17 00:00:00
401,Carter,Anderson,M,2009-11-20,11,Inactive,120,2024-04-26 17:00:00,2025-09-10 00:00:00
402,Scarlett,Walker,F,2007-07-02,12,Inactive,120,2024-04-28 13:00:00,2025-04-03 00:00:00
403,Olivia,Robinson,F,2009-10-01,11,Inactive,120,2024-05-03 16:00:00,2025-11-07 00:00:00
404,Lincoln,Young,M,2007-04-27,11,Inactive,120,2024-05-05 13:00:00,2024-07-07 00:00:00
405,David,Martin,M,2011-10-22,9,Active,120,2024-05-06 15:00:00,2025-11-02 00:00:00
406,Abigail,Anderson,F,2009-11-17,9,Inactive,120,2024-05-08 17:00:00,2024-09-18 00:00:00
407,Evelyn,Martinez,F,2008-08-11,11,Active,120,2024-05-09 14:00:00,2025-11-01 00:00:00
408,Mia,Johnson,F,2008-05-23,11,Inactive,120,2024-05-10 13:00:00,2024-10-05 00:00:00
409,Grace,Carter,F,2008-03-19,11,Inactive,120,2024-05-14 13:00:00,2024-11-06 00:00:00
410,Joseph,Rodriguez,M,2007-06-16,12,Inactive,120,2024-05-16 16:00:00,2024-09-14 00:00:00
411,Savannah,Thompson,F,2009-08-15,11,Inactive,120,2024-05-18 18:00:00,2025-10-27 00:00:00
412,Caroline,Thompson,F,2007-09-13,12,Inactive,120,2024-05-19 17:00:00,2024-12-07 00:00:00
413,Maverick,Harris,M,2007-12-19,11,Inactive,120,2024-05-20 15:00:00,2024-09-30 00:00:00
414,Abigail,Walker,F,2009-03-08,10,Inactive,120,2024-05-24 18:00:00,2025-09-12 00:00:00
415,Abigail,Jackson,F,2007-03-05,11,Inactive,120,2024-05-25 18:00:00,2024-10-05 00:00:00
416,Josiah,Wilson,M,2008-07-02,11,Inactive,120,2024-05-26 14:00:00,2024-11-24 00:00:00
417,Hannah,Roberts,F,2008-07-18,10,Inactive,120,2024-05-30 18:00:00,2024-10-10 00:00:00
418,Grace,Green,F,2011-10-08,12,Active,120,2024-06-01 18:00:00,2025-10-23 00:00:00
419,William,Mitchell,M,2009-11-11,10,Inactive,120,2024-06-02 15:00:00,2025-09-28 00:00:00
420,Lucy,Wright,F,2008-06-09,11,Active,120,2024-06-02 13:00:00,2025-10-06 00:00:00
421,Willow,Ramirez,F,2007-03-05,12,Inactive,120,2024-06-06 18:00:00,2024-10-10 00:00:00
422,Mia,Rodriguez,F,2009-06-03,11,Active,120,2024-06-07 16:00:00,2025-10-25 00:00:00
423,Levi,Martinez,M,2008-05-21,10,Inactive,120,2024-06-09 15:00:00,2024-10-20 00:00:00
424,Emilia,Lewis,F,2008-05-11,12,Active,120,2024-06-09 14:00:00,2025-09-01 00:00:00
425,Avery,Jackson,F,2011-10-23,7,Inactive,120,2024-06-18 17:00:00,2024-10-29 00:00:00
426,Lucy,Johnson,F,2008-12-08,12,Inactive,120,2024-06-18 17:00:00,2025-09-16 00:00:00
427,Lincoln,Martinez,M,2008-03-17,12,Inactive,120,2024-06-24 14:00:00,2025-12-06 00:00:00
428,Matthew,Green,M,2009-12-21,12,Inactive,120,2024-06-25 13:00:00,2025-10-24 00:00:00
429,Luca,Brown,M,2009-10-14,12,Inactive,120,2024-06-29 18:00:00,2025-09-12 00:00:00
430,Emilia,Harris,F,2011-05-20,9,Active,120,2024-07-05 18:00:00,2025-09-14 00:00:00
431,Emilia,Wilson,F,2012-01-05,6,Inactive,120,2024-07-09 17:00:00,2024-11-19 00:00:00
432,Amelia,Lee,F,2009-03-02,11,Inactive,120,2024-07-15 17:00:00,2025-09-28 00:00:00
433,Jack,Thompson,M,2009-08-14,10,Inactive,120,2024-07-15 13:00:00,2024-10-17 00:00:00
434,Lincoln,Green,M,2009-06-05,11,Active,120,2024-07-19 18:00:00,2025-11-14 00:00:00
435,Hazel,Gonzalez,F,2007-10-11,12,Active,120,2024-07-25 17:00:00,2025-11-21 00:00:00
436,Luca,Green,M,2007-10-08,12,Inactive,120,2024-07-25 15:00:00,2024-10-09 00:00:00
437,Nova,Clark,F,2007-06-21,12,Inactive,120,2024-07-26 16:00:00,2024-12-07 00:00:00
438,Harper,Torres,F,2011-04-13,9,Active,120,2024-07-27 14:00:00,2025-09-11 00:00:00
439,Bella,White,F,2007-08-13,12,Inactive,120,2024-07-27 15:00:00,2024-09-10 00:00:00
440,Ethan,Anderson,M,2009-11-03,10,Inactive,120,2024-07-31 18:00:00,2024-10-19 00:00:00
441,Jack,Adams,M,2007-05-13,12,Inactive,120,2024-07-31 13:00:00,2024-11-03 00:00:00
442,Skylar,Rodriguez,F,2007-10-23,11,Inactive,120,2024-08-10 15:00:00,2024-12-21 00:00:00
443,Asher,Nguyen,M,2008-06-21,10,Inactive,120,2024-08-10 17:00:00,2024-12-21 00:00:00
444,Logan,Garcia,M,2012-11-16,6,Inactive,120,2024-08-15 13:00:00,2024-12-26 00:00:00
445,Elizabeth,Hernandez,F,2008-11-05,10,Inactive,120,2024-08-16 16:00:00,2024-12-27 00:00:00
446,Paisley,Lopez,F,2007-05-17,12,Inactive,120,2024-08-17 15:00:00,2024-09-17 00:00:00
447,Julian,Thomas,M,2008-05-14,10,Inactive,120,2024-08-18 18:00:00,2024-12-29 00:00:00
448,Maverick,Thompson,M,2009-12-08,12,Inactive,120,2024-08-18 18:00:00,2025-09-10 00:00:00
449,David,Sanchez,M,2012-12-07,7,Inactive,120,2024-08-19 17:00:00,2025-09-10 00:00:00
450,Amelia,Brown,F,2009-09-12,9,Inactive,120,2024-08-21 15:00:00,2025-01-01 00:00:00
451,Isaac,Lewis,M,2009-04-09,10,Inactive,120,2024-08-22 18:00:00,2025-10-13 00:00:00
452,Emilia,Anderson,F,2009-06-14,9,Inactive,120,2024-08-28 14:00:00,2025-01-08 00:00:00
453,Jayden,Anderson,M,2011-01-12,9,Inactive,120,2024-08-30 13:00:00,2025-11-02 00:00:00
454,Stella,Garcia,F,2008-04-07,10,Inactive,120,2024-08-31 18:00:00,2025-01-11 00:00:00
455,Benjamin,Ramirez,M,2011-11-18,8,Inactive,120,2024-09-01 15:00:00,2025-11-09 00:00:00
456,Ellie,Rivera,F,2012-12-26,8,Inactive,120,2024-09-01 17:00:00,2025-11-07 00:00:00
457,Olivia,Clark,F,2011-09-20,7,Inactive,120,2024-09-02 18:00:00,2025-01-13 00:00:00
458,Riley,Scott,F,2009-11-14,9,Inactive,120,2024-09-03 16:00:00,2025-01-14 00:00:00
459,Josiah,Torres,M,2008-06-03,11,Inactive,120,2024-09-04 13:00:00,2025-10-10 00:00:00
460,Lucy,Clark,F,2012-12-19,6,Inactive,120,2024-09-05 14:00:00,2025-01-16 00:00:00
461,Maverick,Jones,M,2009-06-03,9,Inactive,120,2024-09-05 17:00:00,2024-09-12 00:00:00
462,Paisley,Adams,F,2012-12-06,8,Active,120,2024-09-06 15:00:00,2025-10-12 00:00:00
463,Luca,Lewis,M,2008-03-26,11,Inactive,120,2024-09-06 18:00:00,2025-10-08 00:00:00
464,Ava,Campbell,F,2007-11-21,12,Inactive,120,2024-09-07 17:00:00,2024-09-23 00:00:00
465,Chloe,Garcia,F,2008-12-19,12,Inactive,120,2024-09-08 16:00:00,2025-10-14 00:00:00
466,Mia,Sanchez,F,2011-05-09,9,Inactive,120,2024-09-09 17:00:00,2025-10-03 00:00:00
467,Scarlet,Martinez,F,2009-02-26,11,Inactive,120,2024-09-09 18:00:00,2025-11-11 00:00:00
468,Maya,Campbell,F,2011-10-21,8,Inactive,120,2024-09-11 18:00:00,2025-11-02 00:00:00
469,Michael,Green,M,2011-02-21,8,Inactive,120,2024-09-12 15:00:00,2024-11-07 00:00:00
470,Elizabeth,Anderson,F,2011-10-17,7,Inactive,120,2024-09-13 18:00:00,2024-09-20 00:00:00
471,Harper,Thomas,F,2011-04-01,9,Inactive,120,2024-09-15 15:00:00,2025-12-01 00:00:00
472,Josiah,Garcia,M,2008-11-13,12,Inactive,120,2024-09-16 14:00:00,2025-09-21 00:00:00
473,Genesis,Johnson,F,2008-03-19,11,Inactive,120,2024-09-17 17:00:00,2025-11-30 00:00:00
474,Joseph,Ramirez,M,2012-07-05,6,Inactive,120,2024-09-17 15:00:00,2025-01-28 00:00:00
475,Emily,Moore,F,2011-08-22,9,Inactive,120,2024-09-18 16:00:00,2025-10-10 00:00:00
476,Scarlet,Hill,F,2008-01-14,12,Active,120,2024-09-19 17:00:00,2025-09-13 00:00:00
477,Avery,Lee,F,2007-01-23,12,Inactive,120,2024-09-20 14:00:00,2024-10-10 00:00:00
478,Victoria,Brown,F,2012-02-19,6,Inactive,120,2024-09-24 13:00:00,2025-02-04 00:00:00
479,Sofia,Perez,F,2012-07-04,6,Inactive,120,2024-09-24 16:00:00,2025-02-04 00:00:00
480,William,White,M,2007-03-08,11,Inactive,120,2024-09-25 17:00:00,2025-02-05 00:00:00
481,William,Nguyen,M,2008-03-10,11,Inactive,120,2024-09-25 18:00:00,2024-11-12 00:00:00
482,Anna,Jackson,F,2007-12-27,12,Inactive,120,2024-09-26 15:00:00,2025-09-18 00:00:00
483,William,Taylor,M,2011-12-20,7,Inactive,120,2024-09-28 18:00:00,2024-10-19 00:00:00
484,Victoria,Gonzalez,F,2009-09-17,9,Inactive,120,2024-09-28 16:00:00,2025-02-08 00:00:00
485,Scarlet,Carter,F,2012-08-04,6,Inactive,120,2024-09-30 14:00:00,2025-02-10 00:00:00
486,Elizabeth,Thompson,F,2007-07-12,12,Inactive,120,2024-10-01 15:00:00,2024-12-02 00:00:00
487,Amelia,Allen,F,2012-07-14,10,Active,120,2024-10-02 16:00:00,2025-10-16 00:00:00
488,Samantha,Gonzalez,F,2009-12-17,11,Inactive,120,2024-10-02 14:00:00,2025-10-15 00:00:00
489,Evelyn,Campbell,F,2008-07-11,10,Inactive,120,2024-10-03 16:00:00,2025-02-13 00:00:00
490,Zoey,Harris,F,2009-05-11,10,Inactive,120,2024-10-06 14:00:00,2025-09-14 00:00:00
491,Elijah,Flores,M,2008-07-11,11,Active,120,2024-10-06 15:00:00,2025-09-27 00:00:00
492,Evelyn,Taylor,F,2007-01-07,12,Inactive,120,2024-10-07 17:00:00,2024-11-08 00:00:00
493,Maverick,Williams,M,2007-03-20,12,Inactive,120,2024-10-07 18:00:00,2024-11-11 00:00:00
494,Lucy,Garcia,F,2011-04-04,7,Inactive,120,2024-10-08 18:00:00,2025-02-18 00:00:00
495,Jacob,Mitchell,M,2007-06-04,12,Inactive,120,2024-10-09 14:00:00,2025-03-07 00:00:00
496,Noah,Lopez,M,2007-02-23,12,Inactive,120,2024-10-09 13:00:00,2025-11-23 00:00:00
497,Claire,Wright,F,2008-11-04,10,Inactive,120,2024-10-10 17:00:00,2025-02-20 00:00:00
498,Harper,Johnson,F,2011-05-07,9,Inactive,120,2024-10-10 17:00:00,2025-11-23 00:00:00
499,Harper,Mitchell,F,2009-09-27,11,Inactive,120,2024-10-11 18:00:00,2025-09-28 00:00:00
500,Aria,Mitchell,F,2009-02-15,10,Inactive,120,2024-10-11 15:00:00,2025-10-14 00:00:00
501,Nova,Nelson,F,2009-03-05,11,Inactive,120,2024-10-12 13:00:00,2025-11-28 00:00:00
502,Dylan,Harris,M,2008-07-17,12,Inactive,120,2024-10-12 18:00:00,2025-11-23 00:00:00
503,Amelia,Miller,F,2011-01-26,7,Inactive,120,2024-10-14 16:00:00,2025-02-24 00:00:00
504,Isabella,Moore,F,2012-11-12,9,Inactive,120,2024-10-15 14:00:00,2025-11-27 00:00:00
505,James,Hill,M,2008-06-01,12,Inactive,120,2024-10-15 18:00:00,2025-11-26 00:00:00
506,Ezra,Young,M,2008-01-25,11,Active,120,2024-10-16 18:00:00,2025-09-24 00:00:00
507,Claire,Moore,F,2008-04-07,10,Inactive,120,2024-10-16 15:00:00,2025-02-26 00:00:00
508,Samuel,Brown,M,2008-05-06,12,Inactive,120,2024-10-18 15:00:00,2025-10-21 00:00:00
509,Jack,Robinson,M,2008-03-14,12,Inactive,120,2024-10-18 13:00:00,2025-11-28 00:00:00
510,Lincoln,Rodriguez,M,2008-07-18,10,Inactive,120,2024-10-19 18:00:00,2025-03-01 00:00:00
511,Brooklyn,Flores,F,2009-04-11,10,Inactive,120,2024-10-19 15:00:00,2025-03-11 00:00:00
512,Emily,Mitchell,F,2007-05-13,12,Active,120,2024-10-20 16:00:00,2025-09-07 00:00:00
513,Isaac,Johnson,M,2009-04-26,9,Inactive,120,2024-10-21 16:00:00,2024-10-28 00:00:00
514,Michael,Williams,M,2007-01-04,11,Inactive,120,2024-10-22 15:00:00,2025-03-04 00:00:00
515,Jacob,Roberts,M,2007-02-16,12,Inactive,120,2024-10-23 17:00:00,2025-09-09 00:00:00
516,Luca,Moore,M,2007-02-10,12,Inactive,120,2024-10-23 15:00:00,2025-09-21 00:00:00
517,Brooklyn,Harris,F,2012-12-18,6,Inactive,120,2024-10-26 14:00:00,2025-03-08 00:00:00
518,James,Gonzalez,M,2007-07-25,12,Inactive,120,2024-10-26 15:00:00,2025-09-29 00:00:00
519,Michael,Sanchez,M,2009-06-20,9,Inactive,120,2024-10-27 14:00:00,2025-03-09 00:00:00
520,Logan,Green,M,2012-11-08,6,Inactive,120,2024-10-27 16:00:00,2025-03-09 00:00:00
521,Emma,Wright,F,2012-01-01,8,Inactive,120,2024-10-28 13:00:00,2025-09-28 00:00:00
522,Logan,Scott,M,2007-02-20,11,Inactive,120,2024-10-29 13:00:00,2025-03-11 00:00:00
523,Charles,Campbell,M,2009-02-17,10,Inactive,120,2024-10-29 16:00:00,2025-09-08 00:00:00
524,Henry,Robinson,M,2007-10-10,11,Inactive,120,2024-10-30 16:00:00,2024-11-06 00:00:00
525,Maya,Miller,F,2011-02-22,8,Active,120,2024-10-30 18:00:00,2025-11-04 00:00:00
526,Emily,Mitchell,F,2007-04-20,12,Inactive,120,2024-10-31 16:00:00,2025-10-14 00:00:00
527,Aubrey,Torres,F,2011-10-11,8,Inactive,120,2024-11-01 14:00:00,2025-09-19 00:00:00
528,Aria,Lopez,F,2009-10-17,9,Inactive,120,2024-11-01 18:00:00,2025-03-14 00:00:00
529,Bella,Scott,F,2007-04-14,12,Inactive,120,2024-11-02 14:00:00,2025-09-23 00:00:00
530,Ezra,Mitchell,M,2011-04-21,7,Inactive,120,2024-11-02 13:00:00,2025-03-15 00:00:00
531,Lily,Green,F,2009-03-15,10,Inactive,120,2024-11-03 15:00:00,2025-09-22 00:00:00
532,Elijah,Rodriguez,M,2011-01-02,7,Inactive,120,2024-11-03 14:00:00,2025-03-16 00:00:00
533,Nova,Jones,F,2007-02-18,12,Inactive,120,2024-11-04 17:00:00,2025-11-13 00:00:00
534,Jack,Martinez,M,2007-12-12,12,Inactive,120,2024-11-04 15:00:00,2025-09-11 00:00:00
535,Grace,Miller,F,2008-03-08,12,Inactive,120,2024-11-05 15:00:00,2025-11-19 00:00:00
536,Savannah,Lee,F,2012-09-18,7,Inactive,120,2024-11-06 16:00:00,2025-09-09 00:00:00
537,Luca,Davis,M,2007-09-12,12,Inactive,120,2024-11-07 14:00:00,2024-12-02 00:00:00
538,Hannah,Garcia,F,2007-10-20,11,Inactive,120,2024-11-07 18:00:00,2024-11-14 00:00:00
539,Ezra,Lewis,M,2011-02-08,7,Inactive,120,2024-11-08 15:00:00,2025-03-21 00:00:00
540,Evelyn,Martinez,F,2008-03-19,10,Inactive,120,2024-11-09 17:00:00,2024-11-16 00:00:00
541,Olivia,Williams,F,2011-08-20,7,Inactive,120,2024-11-09 16:00:00,2025-03-22 00:00:00
542,Nova,Robinson,F,2009-12-13,9,Inactive,120,2024-11-12 16:00:00,2025-03-25 00:00:00
543,Liam,Clark,M,2012-01-16,6,Inactive,120,2024-11-12 15:00:00,2025-03-25 00:00:00
544,Hannah,Young,F,2009-01-09,10,Inactive,120,2024-11-13 17:00:00,2025-10-22 00:00:00
545,Abigail,White,F,2007-11-15,12,Active,120,2024-11-13 14:00:00,2025-09-23 00:00:00
546,Skylar,Thompson,F,2008-10-27,11,Inactive,120,2024-11-14 14:00:00,2025-12-07 00:00:00
547,Carter,Moore,M,2008-01-04,12,Inactive,120,2024-11-14 18:00:00,2025-11-19 00:00:00
548,Lily,Perez,F,2008-03-28,10,Inactive,120,2024-11-15 14:00:00,2025-02-07 00:00:00
549,James,Moore,M,2008-11-26,11,Inactive,120,2024-11-15 13:00:00,2025-11-20 00:00:00
550,Penelope,Green,F,2008-02-11,10,Inactive,120,2024-11-16 14:00:00,2025-03-29 00:00:00
551,Aubrey,Clark,F,2008-11-26,10,Inactive,120,2024-11-16 13:00:00,2024-11-23 00:00:00
552,Hazel,Davis,F,2008-01-05,11,Inactive,120,2024-11-17 15:00:00,2025-10-21 00:00:00
553,Benjamin,Jones,M,2009-11-03,11,Inactive,120,2024-11-17 16:00:00,2025-09-28 00:00:00
554,Samantha,Miller,F,2011-03-18,9,Inactive,120,2024-11-18 16:00:00,2025-11-26 00:00:00
555,Jackson,Harris,M,2012-05-14,7,Inactive,120,2024-11-19 17:00:00,2025-10-08 00:00:00
556,Mia,Hill,F,2007-08-07,12,Inactive,120,2024-11-19 14:00:00,2025-10-23 00:00:00
557,Hudson,Martin,M,2009-05-01,9,Inactive,120,2024-11-20 13:00:00,2024-11-27 00:00:00
558,Abigail,Hill,F,2009-11-16,11,Inactive,120,2024-11-20 17:00:00,2025-09-26 00:00:00
559,Sophia,Anderson,F,2008-05-06,12,Inactive,120,2024-11-21 15:00:00,2025-09-29 00:00:00
560,Avery,Wright,F,2012-02-03,6,Inactive,120,2024-11-21 13:00:00,2025-04-03 00:00:00
561,Violet,Moore,F,2011-05-26,7,Inactive,120,2024-11-22 18:00:00,2024-11-29 00:00:00
562,Avery,Gonzalez,F,2008-05-02,10,Inactive,120,2024-11-23 18:00:00,2024-11-30 00:00:00
563,Amelia,Roberts,F,2009-12-25,11,Inactive,120,2024-11-28 14:00:00,2025-12-02 00:00:00
564,Mateo,Miller,M,2008-10-02,10,Inactive,120,2024-11-29 18:00:00,2025-04-11 00:00:00
565,Samantha,Green,F,2008-01-03,10,Inactive,120,2024-11-30 13:00:00,2025-04-12 00:00:00
566,Bella,Thomas,F,2012-02-24,7,Inactive,120,2024-11-30 15:00:00,2025-11-08 00:00:00
567,Benjamin,Walker,M,2008-05-20,11,Active,120,2024-12-04 13:00:00,2025-09-16 00:00:00
568,Benjamin,Scott,M,2009-06-23,9,Inactive,120,2024-12-06 13:00:00,2025-04-11 00:00:00
569,Luke,Baker,M,2011-04-23,8,Inactive,120,2024-12-07 13:00:00,2025-10-13 00:00:00
570,Luke,Lopez,M,2008-02-26,11,Inactive,120,2024-12-07 17:00:00,2025-09-13 00:00:00
571,Amelia,Carter,F,2008-09-22,12,Inactive,120,2024-12-08 14:00:00,2025-11-05 00:00:00
572,Hannah,Anderson,F,2009-08-21,9,Inactive,120,2024-12-09 16:00:00,2025-04-21 00:00:00
573,Anthony,Thomas,M,2009-06-02,9,Inactive,120,2024-12-12 14:00:00,2024-12-19 00:00:00
574,Nova,Brown,F,2007-11-22,11,Inactive,120,2024-12-14 16:00:00,2025-04-26 00:00:00
575,Nora,Perez,F,2007-02-18,11,Inactive,120,2024-12-15 17:00:00,2025-04-27 00:00:00
576,Sofia,Hall,F,2011-09-18,9,Active,120,2024-12-16 13:00:00,2025-10-15 00:00:00
577,Elias,Sanchez,M,2008-06-25,10,Inactive,120,2024-12-16 13:00:00,2025-01-27 00:00:00
578,Caroline,Hill,F,2009-02-08,9,Inactive,120,2024-12-17 13:00:00,2025-04-29 00:00:00
579,Lily,Flores,F,2007-11-12,12,Inactive,120,2024-12-17 15:00:00,2025-11-17 00:00:00
580,Paisley,Adams,F,2007-06-21,11,Inactive,120,2024-12-19 13:00:00,2025-05-01 00:00:00
581,Isabella,Hernandez,F,2009-07-15,9,Inactive,120,2024-12-19 18:00:00,2025-05-01 00:00:00
582,Dylan,Perez,M,2008-06-02,10,Inactive,120,2024-12-21 13:00:00,2024-12-28 00:00:00
583,Zoey,Roberts,F,2008-03-10,10,Inactive,120,2024-12-21 16:00:00,2025-04-26 00:00:00
584,Lucy,Anderson,F,2008-06-07,10,Inactive,120,2024-12-22 14:00:00,2025-05-04 00:00:00
585,Brooklyn,Hill,F,2011-03-03,7,Inactive,120,2024-12-26 17:00:00,2025-05-08 00:00:00
586,Sebastian,Nelson,M,2011-03-27,8,Inactive,120,2024-12-27 13:00:00,2025-11-24 00:00:00
587,Liam,Wright,M,2008-09-15,12,Inactive,120,2024-12-29 16:00:00,2025-10-23 00:00:00
588,Joseph,Torres,M,2008-04-27,11,Active,120,2024-12-29 13:00:00,2025-09-05 00:00:00
589,Sofia,Allen,F,2007-07-10,11,Inactive,120,2024-12-30 13:00:00,2025-05-12 00:00:00
590,Levi,Lewis,M,2008-05-20,10,Inactive,120,2024-12-30 16:00:00,2025-01-20 00:00:00
591,Jayden,Miller,M,2013-12-05,8,Active,120,2025-01-04 18:00:00,2025-09-23 00:00:00
592,Ezra,Robinson,M,2010-05-18,9,Inactive,120,2025-01-04 14:00:00,2025-05-17 00:00:00
593,Jayden,Brown,M,2009-09-17,10,Inactive,120,2025-01-05 18:00:00,2025-02-16 00:00:00
594,Avery,Rivera,F,2012-03-27,7,Inactive,120,2025-01-05 17:00:00,2025-05-25 00:00:00
595,Benjamin,Adams,M,2008-06-22,11,Inactive,120,2025-01-06 15:00:00,2025-06-09 00:00:00
596,Luca,Hill,M,2008-05-02,11,Inactive,120,2025-01-10 14:00:00,2025-05-23 00:00:00
597,Elizabeth,Gonzalez,F,2009-10-19,11,Inactive,120,2025-01-10 16:00:00,2025-09-09 00:00:00
598,Ellie,Thomas,F,2013-05-11,6,Inactive,120,2025-01-12 18:00:00,2025-05-25 00:00:00
599,Hazel,Baker,F,2012-10-26,7,Inactive,120,2025-01-12 18:00:00,2025-02-09 00:00:00
600,Chloe,Thompson,F,2010-11-02,10,Inactive,120,2025-01-13 13:00:00,2025-09-30 00:00:00
601,Avery,Young,F,2009-02-20,10,Inactive,120,2025-01-13 15:00:00,2025-05-26 00:00:00
602,Luca,Allen,M,2009-02-18,10,Inactive,120,2025-01-17 17:00:00,2025-05-30 00:00:00
603,Olivia,Harris,F,2012-05-28,7,Inactive,120,2025-01-17 17:00:00,2025-05-30 00:00:00
604,Amelia,Allen,F,2009-06-06,12,Inactive,120,2025-01-23 15:00:00,2025-10-20 00:00:00
605,Paisley,Walker,F,2008-10-24,12,Active,120,2025-01-24 13:00:00,2025-11-01 00:00:00
606,Jack,Roberts,M,2010-06-25,10,Inactive,120,2025-01-24 15:00:00,2025-09-12 00:00:00
607,Daniel,Taylor,M,2009-11-25,10,Inactive,120,2025-01-25 16:00:00,2025-07-05 00:00:00
608,Wyatt,Ramirez,M,2013-01-20,6,Inactive,120,2025-01-25 18:00:00,2025-06-07 00:00:00
609,Abigail,Rivera,F,2009-02-08,10,Inactive,120,2025-02-02 17:00:00,2025-05-18 00:00:00
610,Michael,Wilson,M,2010-05-15,10,Inactive,120,2025-02-02 18:00:00,2025-10-21 00:00:00
611,Levi,White,M,2008-03-22,11,Inactive,120,2025-02-04 16:00:00,2025-07-08 00:00:00
612,Skylar,Taylor,F,2010-02-01,9,Inactive,120,2025-02-04 13:00:00,2025-05-20 00:00:00
613,John,Nelson,M,2010-12-16,9,Inactive,120,2025-02-05 13:00:00,2025-06-25 00:00:00
614,Ethan,Hall,M,2013-03-08,6,Inactive,120,2025-02-05 16:00:00,2025-02-19 00:00:00
615,Bella,Wilson,F,2012-05-12,7,Inactive,120,2025-02-06 14:00:00,2025-06-19 00:00:00
616,Ellie,Nelson,F,2010-12-24,9,Inactive,120,2025-02-06 17:00:00,2025-06-05 00:00:00
617,Savannah,Garcia,F,2008-05-27,11,Inactive,120,2025-02-07 15:00:00,2025-03-28 00:00:00
618,Zoey,Mitchell,F,2012-07-04,7,Inactive,120,2025-02-07 13:00:00,2025-06-20 00:00:00
619,Wyatt,Harris,M,2010-09-01,9,Inactive,120,2025-02-09 15:00:00,2025-06-22 00:00:00
620,Nora,Miller,F,2008-09-21,11,Inactive,120,2025-02-09 16:00:00,2025-04-06 00:00:00
621,Anthony,Flores,M,2013-07-08,9,Inactive,120,2025-02-10 16:00:00,2025-10-01 00:00:00
622,Chloe,Harris,F,2009-08-18,10,Inactive,120,2025-02-10 15:00:00,2025-05-05 00:00:00
623,Elijah,King,M,2013-11-26,6,Inactive,120,2025-02-11 16:00:00,2025-06-24 00:00:00
624,Julian,Lewis,M,2008-04-27,12,Inactive,120,2025-02-11 16:00:00,2025-10-23 00:00:00
625,Carter,Hernandez,M,2009-11-12,10,Inactive,120,2025-02-12 18:00:00,2025-07-09 00:00:00
626,Penelope,Clark,F,2010-05-17,9,Inactive,120,2025-02-12 15:00:00,2025-06-25 00:00:00
627,Caroline,Nelson,F,2013-04-09,6,Inactive,120,2025-02-15 17:00:00,2025-06-21 00:00:00
628,Samantha,Hall,F,2008-08-06,11,Inactive,120,2025-02-15 17:00:00,2025-06-28 00:00:00
629,Mason,Nguyen,M,2009-10-06,10,Inactive,120,2025-02-16 15:00:00,2025-06-29 00:00:00
630,John,Smith,M,2008-01-14,11,Inactive,120,2025-02-16 16:00:00,2025-06-29 00:00:00
631,Sofia,Anderson,F,2008-11-05,12,Active,120,2025-02-17 18:00:00,2025-10-07 00:00:00
632,Olivia,Green,F,2013-11-15,7,Inactive,120,2025-02-17 15:00:00,2025-09-10 00:00:00
633,Ellie,Green,F,2010-03-07,9,Inactive,120,2025-02-20 16:00:00,2025-05-08 00:00:00
634,John,Lee,M,2008-06-03,11,Inactive,120,2025-02-22 18:00:00,2025-07-05 00:00:00
635,Anna,Walker,F,2010-09-03,9,Inactive,120,2025-02-22 17:00:00,2025-07-05 00:00:00
636,Ellie,Walker,F,2009-02-15,10,Inactive,120,2025-02-23 17:00:00,2025-07-06 00:00:00
637,Elizabeth,Young,F,2008-03-18,12,Inactive,120,2025-02-23 17:00:00,2025-10-21 00:00:00
638,John,Brown,M,2012-10-25,7,Inactive,120,2025-02-24 18:00:00,2025-07-07 00:00:00
639,Scarlet,Rodriguez,F,2010-12-26,9,Inactive,120,2025-02-25 17:00:00,2025-05-13 00:00:00
640,Chloe,Anderson,F,2008-07-24,12,Inactive,120,2025-02-25 14:00:00,2025-11-08 00:00:00
641,Ethan,Davis,M,2012-12-09,7,Inactive,120,2025-02-26 14:00:00,2025-07-09 00:00:00
642,Genesis,Ramirez,F,2010-04-15,9,Inactive,120,2025-02-26 16:00:00,2025-06-04 00:00:00
643,Avery,Lee,F,2012-11-17,9,Inactive,120,2025-03-01 16:00:00,2025-11-29 00:00:00
644,Skylar,Lopez,F,2010-06-14,9,Inactive,120,2025-03-02 13:00:00,2025-07-13 00:00:00
645,Scarlet,Carter,F,2009-04-26,11,Inactive,120,2025-03-04 14:00:00,2025-12-07 00:00:00
646,Sophia,Lewis,F,2008-01-12,11,Inactive,120,2025-03-04 18:00:00,2025-05-27 00:00:00
647,John,Lopez,M,2008-04-01,11,Inactive,120,2025-03-07 18:00:00,2025-06-27 00:00:00
648,Amelia,Thompson,F,2009-04-14,11,Active,120,2025-03-07 18:00:00,2025-11-05 00:00:00
649,Stella,Thomas,F,2009-01-07,12,Inactive,120,2025-03-08 13:00:00,2025-09-23 00:00:00
650,Claire,Rodriguez,F,2012-09-05,7,Inactive,120,2025-03-08 17:00:00,2025-06-28 00:00:00
651,Ethan,Nelson,M,2008-09-22,11,Inactive,120,2025-03-12 13:00:00,2025-06-04 00:00:00
652,Leah,Miller,F,2010-03-11,9,Inactive,120,2025-03-12 14:00:00,2025-06-25 00:00:00
653,Elizabeth,Torres,F,2012-12-24,8,Active,120,2025-03-13 13:00:00,2025-10-11 00:00:00
654,James,Allen,M,2009-11-17,11,Inactive,120,2025-03-13 14:00:00,2025-11-05 00:00:00
655,Claire,Scott,F,2008-06-02,11,Inactive,120,2025-03-14 13:00:00,2025-07-25 00:00:00
656,Grace,Mitchell,F,2008-07-11,11,Inactive,120,2025-03-14 17:00:00,2025-07-25 00:00:00
657,Ezra,Sanchez,M,2008-04-25,12,Inactive,120,2025-03-15 17:00:00,2025-10-29 00:00:00
658,Jack,Robinson,M,2008-07-04,11,Inactive,120,2025-03-16 17:00:00,2025-06-08 00:00:00
659,Leah,Martinez,F,2010-12-18,9,Inactive,120,2025-03-16 18:00:00,2025-07-27 00:00:00
660,David,Smith,M,2009-04-04,11,Inactive,120,2025-03-17 17:00:00,2025-09-14 00:00:00
661,Jackson,Harris,M,2008-03-22,11,Inactive,120,2025-03-18 13:00:00,2025-07-29 00:00:00
662,Anthony,Miller,M,2012-01-26,7,Inactive,120,2025-03-21 14:00:00,2025-08-01 00:00:00
663,Jacob,Hernandez,M,2008-01-08,12,Inactive,120,2025-03-21 17:00:00,2025-10-02 00:00:00
664,Aria,Robinson,F,2009-08-02,11,Inactive,120,2025-03-22 13:00:00,2025-09-24 00:00:00
665,Elijah,Ramirez,M,2012-01-17,8,Inactive,120,2025-03-23 13:00:00,2025-10-03 00:00:00
666,Isabella,Hill,F,2009-01-07,11,Inactive,120,2025-03-23 15:00:00,2025-10-04 00:00:00
667,Josiah,Martinez,M,2010-03-03,10,Active,120,2025-03-24 15:00:00,2025-09-05 00:00:00
668,Matthew,Ramirez,M,2012-10-21,7,Inactive,120,2025-03-24 13:00:00,2025-06-09 00:00:00
669,Genesis,Wilson,F,2009-08-15,10,Inactive,120,2025-03-25 17:00:00,2025-08-05 00:00:00
670,Zoey,Smith,F,2008-02-01,11,Inactive,120,2025-03-25 14:00:00,2025-07-01 00:00:00
671,Stella,Baker,F,2010-09-21,10,Inactive,120,2025-03-27 14:00:00,2025-10-09 00:00:00
672,Luke,Jones,M,2009-02-10,12,Inactive,120,2025-03-27 14:00:00,2025-10-26 00:00:00
673,Aria,Jackson,F,2009-10-22,10,Inactive,120,2025-03-29 18:00:00,2025-08-09 00:00:00
674,Amelia,Miller,F,2009-11-27,12,Inactive,120,2025-03-29 17:00:00,2025-09-21 00:00:00
675,Logan,Sanchez,M,2010-10-17,9,Inactive,120,2025-03-30 14:00:00,2025-06-15 00:00:00
676,Sebastian,Hall,M,2008-03-09,12,Active,120,2025-04-01 18:00:00,2025-10-08 00:00:00
677,Leah,White,F,2009-03-12,12,Active,120,2025-04-01 15:00:00,2025-10-26 00:00:00
678,Maya,Allen,F,2012-04-21,7,Inactive,120,2025-04-02 15:00:00,2025-04-16 00:00:00
679,Henry,Miller,M,2009-03-01,11,Inactive,120,2025-04-02 17:00:00,2025-11-28 00:00:00
680,Carter,Martinez,M,2008-05-15,11,Inactive,120,2025-04-04 14:00:00,2025-08-15 00:00:00
681,Mia,Lee,F,2012-04-19,8,Inactive,120,2025-04-04 17:00:00,2025-10-10 00:00:00
682,Bella,Lee,F,2009-07-22,11,Active,120,2025-04-08 17:00:00,2025-11-18 00:00:00
683,Ava,Harris,F,2008-11-21,11,Inactive,120,2025-04-08 13:00:00,2025-07-08 00:00:00
684,Evelyn,Torres,F,2012-12-27,7,Inactive,120,2025-04-10 17:00:00,2025-05-15 00:00:00
685,Josiah,Martin,M,2012-03-03,7,Inactive,120,2025-04-12 16:00:00,2025-07-05 00:00:00
686,Caroline,Rivera,F,2009-01-26,10,Inactive,120,2025-04-12 18:00:00,2025-07-05 00:00:00
687,Caroline,Lewis,F,2010-10-01,10,Inactive,120,2025-04-13 16:00:00,2025-10-09 00:00:00
688,Maya,Flores,F,2009-11-20,10,Inactive,120,2025-04-13 17:00:00,2025-08-24 00:00:00
689,Isabella,Wilson,F,2010-10-12,9,Inactive,120,2025-04-15 17:00:00,2025-08-26 00:00:00
690,Hazel,Brown,F,2009-08-16,12,Inactive,120,2025-04-15 17:00:00,2025-09-26 00:00:00
691,Ezra,Perez,M,2010-08-26,11,Inactive,120,2025-04-17 16:00:00,2025-10-27 00:00:00
692,Isaac,Perez,M,2009-07-23,11,Active,120,2025-04-17 18:00:00,2025-10-12 00:00:00
693,Grace,Young,F,2009-11-28,11,Inactive,120,2025-04-19 15:00:00,2025-09-14 00:00:00
694,Samuel,Lee,M,2010-07-23,10,Active,120,2025-04-19 16:00:00,2025-09-17 00:00:00
695,Penelope,Thomas,F,2008-02-01,12,Inactive,120,2025-04-24 13:00:00,2025-09-11 00:00:00
696,Michael,Green,M,2008-09-20,12,Inactive,120,2025-04-24 18:00:00,2025-12-05 00:00:00
697,Emma,Lopez,F,2010-02-20,9,Inactive,120,2025-04-27 14:00:00,2025-07-06 00:00:00
698,Lincoln,Harris,M,2009-05-21,11,Active,120,2025-04-27 14:00:00,2025-09-30 00:00:00
699,Claire,Jackson,F,2013-12-05,7,Active,120,2025-05-02 18:00:00,2025-11-16 00:00:00
700,Anna,Ramirez,F,2010-06-22,9,Inactive,120,2025-05-02 13:00:00,2025-06-20 00:00:00
701,Josiah,Smith,M,2008-11-17,11,Inactive,120,2025-05-03 18:00:00,2025-09-13 00:00:00
702,Victoria,Ramirez,F,2010-11-11,10,Inactive,120,2025-05-03 14:00:00,2025-09-30 00:00:00
703,Aurora,Brown,F,2010-06-15,10,Active,120,2025-05-04 16:00:00,2025-10-24 00:00:00
704,Mason,Smith,M,2008-11-01,12,Inactive,120,2025-05-05 15:00:00,2025-09-29 00:00:00
705,Daniel,Rodriguez,M,2008-01-21,11,Inactive,120,2025-05-05 18:00:00,2025-05-19 00:00:00
706,Skylar,Lewis,F,2013-06-15,8,Inactive,120,2025-05-06 13:00:00,2025-11-23 00:00:00
707,Zoey,Nguyen,F,2009-04-15,11,Inactive,120,2025-05-07 13:00:00,2025-09-24 00:00:00
708,Bella,Jackson,F,2010-11-26,10,Inactive,120,2025-05-07 13:00:00,2025-11-21 00:00:00
709,Violet,Gonzalez,F,2009-04-16,11,Inactive,120,2025-05-09 17:00:00,2025-11-26 00:00:00
710,Aubrey,Jackson,F,2008-06-28,11,Inactive,120,2025-05-09 14:00:00,2025-09-19 00:00:00
711,Anna,White,F,2013-11-24,6,Inactive,120,2025-05-10 16:00:00,2025-09-20 00:00:00
712,Theodore,Smith,M,2013-10-01,6,Inactive,120,2025-05-10 17:00:00,2025-09-20 00:00:00
713,Scarlett,Wright,F,2012-08-23,7,Inactive,120,2025-05-11 13:00:00,2025-09-21 00:00:00
714,Matthew,Hall,M,2013-04-02,9,Active,120,2025-05-11 15:00:00,2025-09-30 00:00:00
715,Michael,Rodriguez,M,2013-03-27,7,Inactive,120,2025-05-13 18:00:00,2025-11-11 00:00:00
716,Samantha,Perez,F,2010-06-18,9,Inactive,120,2025-05-13 13:00:00,2025-06-24 00:00:00
717,Mia,Flores,F,2010-05-26,10,Inactive,120,2025-05-14 13:00:00,2025-11-28 00:00:00
718,Emma,Allen,F,2009-10-02,11,Inactive,120,2025-05-14 17:00:00,2025-10-21 00:00:00
719,Scarlett,Rodriguez,F,2009-01-04,12,Active,120,2025-05-15 14:00:00,2025-10-31 00:00:00
720,Hannah,Miller,F,2009-12-28,10,Inactive,120,2025-05-15 15:00:00,2025-09-25 00:00:00
721,Sophia,Baker,F,2008-04-04,11,Inactive,120,2025-05-16 16:00:00,2025-09-26 00:00:00
722,Daniel,Robinson,M,2012-02-12,8,Inactive,120,2025-05-16 15:00:00,2025-11-27 00:00:00
723,Henry,Lewis,M,2008-10-16,11,Inactive,120,2025-05-19 16:00:00,2025-05-26 00:00:00
724,Hannah,Hernandez,F,2012-12-01,7,Inactive,120,2025-05-19 18:00:00,2025-09-29 00:00:00
725,Victoria,Lopez,F,2009-06-08,11,Inactive,120,2025-05-20 17:00:00,2025-10-19 00:00:00
726,Mateo,Wright,M,2008-02-22,11,Inactive,120,2025-05-20 17:00:00,2025-09-30 00:00:00
727,Jayden,Taylor,M,2013-10-02,6,Inactive,120,2025-05-22 14:00:00,2025-10-02 00:00:00
728,Victoria,Miller,F,2008-12-23,12,Inactive,120,2025-05-22 17:00:00,2025-11-11 00:00:00
729,Willow,Robinson,F,2008-04-22,11,Inactive,120,2025-05-23 13:00:00,2025-10-03 00:00:00
730,Thomas,Nguyen,M,2008-01-16,12,Active,120,2025-05-23 15:00:00,2025-09-23 00:00:00
731,Lucas,Lopez,M,2010-06-08,12,Inactive,120,2025-05-24 18:00:00,2025-11-04 00:00:00
732,William,Nguyen,M,2008-09-08,11,Inactive,120,2025-05-24 15:00:00,2025-10-04 00:00:00
733,Emilia,Miller,F,2008-06-24,12,Inactive,120,2025-05-25 16:00:00,2025-10-18 00:00:00
734,Emily,Garcia,F,2010-05-04,9,Inactive,120,2025-05-25 16:00:00,2025-10-05 00:00:00
735,Henry,Hernandez,M,2008-02-09,12,Active,120,2025-05-26 18:00:00,2025-11-25 00:00:00
736,Violet,Martin,F,2012-07-17,7,Inactive,120,2025-05-26 15:00:00,2025-06-16 00:00:00
737,Amelia,Rivera,F,2008-03-16,11,Inactive,120,2025-05-27 16:00:00,2025-06-24 00:00:00
738,Hazel,Garcia,F,2008-12-08,12,Inactive,120,2025-05-27 18:00:00,2025-11-18 00:00:00
739,Kennedy,Sanchez,F,2010-02-12,9,Inactive,120,2025-06-02 18:00:00,2025-10-13 00:00:00
740,Lucy,Rivera,F,2009-11-17,10,Inactive,120,2025-06-02 17:00:00,2025-06-16 00:00:00
741,Violet,Nguyen,F,2008-09-17,12,Active,120,2025-06-04 14:00:00,2025-10-05 00:00:00
742,Emilia,Wright,F,2008-01-18,11,Inactive,120,2025-06-04 13:00:00,2025-10-15 00:00:00
743,Carter,Roberts,M,2009-12-25,10,Inactive,120,2025-06-07 14:00:00,2025-06-14 00:00:00
744,Savannah,Mitchell,F,2010-08-24,11,Inactive,120,2025-06-07 14:00:00,2025-10-24 00:00:00
745,Paisley,Torres,F,2010-03-24,9,Inactive,120,2025-06-09 13:00:00,2025-10-20 00:00:00
746,Mia,Torres,F,2009-10-27,10,Inactive,120,2025-06-09 13:00:00,2025-06-16 00:00:00
747,Matthew,Rodriguez,M,2010-06-20,9,Inactive,120,2025-06-10 15:00:00,2025-06-17 00:00:00
748,Stella,Adams,F,2009-07-08,12,Inactive,120,2025-06-10 15:00:00,2025-11-27 00:00:00
749,Aurora,Rodriguez,F,2013-01-28,6,Inactive,120,2025-06-16 16:00:00,2025-10-27 00:00:00
750,Julian,Williams,M,2008-12-04,12,Inactive,120,2025-06-16 17:00:00,2025-10-26 00:00:00
751,Elias,Sanchez,M,2009-06-07,10,Inactive,120,2025-06-20 16:00:00,2025-08-15 00:00:00
752,Asher,Campbell,M,2008-03-26,12,Inactive,120,2025-06-20 14:00:00,2025-10-13 00:00:00
753,Aria,Perez,F,2008-03-17,11,Inactive,120,2025-06-21 15:00:00,2025-11-01 00:00:00
754,Harper,Wright,F,2008-05-21,11,Inactive,120,2025-06-21 15:00:00,2025-11-01 00:00:00
755,Abigail,Allen,F,2013-11-11,7,Active,120,2025-06-25 17:00:00,2025-09-01 00:00:00
756,Penelope,Hill,F,2009-04-12,10,Inactive,120,2025-06-25 17:00:00,2025-11-05 00:00:00
757,David,Perez,M,2009-06-19,12,Inactive,120,2025-06-30 17:00:00,2025-10-01 00:00:00
758,John,Miller,M,2010-02-18,10,Active,120,2025-06-30 16:00:00,2025-11-03 00:00:00
759,Willow,Garcia,F,2012-08-10,7,Inactive,120,2025-07-02 18:00:00,2025-11-12 00:00:00
760,Willow,Torres,F,2008-11-13,11,Inactive,120,2025-07-02 18:00:00,2025-07-09 00:00:00
761,Emma,Ramirez,F,2008-10-16,11,Inactive,120,2025-07-03 17:00:00,2025-11-13 00:00:00
762,Caroline,Harris,F,2010-06-24,9,Inactive,120,2025-07-03 13:00:00,2025-11-13 00:00:00
763,Alexander,Anderson,M,2008-04-21,11,Inactive,120,2025-07-06 13:00:00,2025-11-16 00:00:00
764,Lily,Walker,F,2009-05-07,10,Inactive,120,2025-07-06 17:00:00,2025-08-03 00:00:00
765,Brooklyn,Campbell,F,2012-08-23,7,Inactive,120,2025-07-07 17:00:00,2025-07-14 00:00:00
766,Ezra,Perez,M,2009-08-12,10,Inactive,120,2025-07-07 16:00:00,2025-11-17 00:00:00
767,Asher,Roberts,M,2013-09-02,7,Inactive,120,2025-07-08 15:00:00,2025-09-20 00:00:00
768,Chloe,Jackson,F,2013-12-20,6,Inactive,120,2025-07-08 13:00:00,2025-07-15 00:00:00
769,Paisley,Torres,F,2008-11-23,11,Inactive,120,2025-07-12 13:00:00,2025-11-22 00:00:00
770,Sophia,Hernandez,F,2009-08-23,11,Active,120,2025-07-12 16:00:00,2025-10-02 00:00:00
771,Henry,Allen,M,2008-10-02,12,Inactive,120,2025-07-13 16:00:00,2025-09-25 00:00:00
772,Samantha,Clark,F,2010-12-05,9,Inactive,120,2025-07-13 13:00:00,2025-11-23 00:00:00
773,Asher,Rodriguez,M,2008-05-23,12,Active,120,2025-07-14 15:00:00,2025-10-09 00:00:00
774,Zoey,Lee,F,2010-07-02,9,Inactive,120,2025-07-14 15:00:00,2025-11-24 00:00:00
775,Emilia,Baker,F,2009-02-17,11,Inactive,120,2025-07-15 15:00:00,2025-10-22 00:00:00
776,Benjamin,Anderson,M,2012-11-22,7,Inactive,120,2025-07-15 13:00:00,2025-07-22 00:00:00
777,Grace,Garcia,F,2008-06-15,11,Inactive,120,2025-07-16 18:00:00,2025-07-23 00:00:00
778,Savannah,Allen,F,2010-07-28,10,Active,120,2025-07-16 15:00:00,2025-10-14 00:00:00
779,Riley,Torres,F,2010-05-03,10,Inactive,120,2025-07-19 18:00:00,2025-12-06 00:00:00
780,Ellie,Perez,F,2009-03-14,12,Active,120,2025-07-19 18:00:00,2025-11-15 00:00:00
781,James,Wilson,M,2008-05-16,11,Inactive,120,2025-07-22 16:00:00,2025-07-29 00:00:00
782,Ellie,White,F,2009-10-17,10,Inactive,120,2025-07-22 14:00:00,2025-12-02 00:00:00
783,Evelyn,Mitchell,F,2013-04-27,6,Inactive,120,2025-07-27 14:00:00,2025-08-03 00:00:00
784,Samantha,Martinez,F,2010-08-14,9,Inactive,120,2025-07-27 15:00:00,2025-08-03 00:00:00
785,Sebastian,Smith,M,2010-08-20,9,Inactive,120,2025-07-29 18:00:00,2025-12-09 00:00:00
786,Ezra,Flores,M,2009-04-09,10,Inactive,120,2025-07-29 14:00:00,2025-08-05 00:00:00
787,Aurora,Rivera,F,2012-02-23,7,Inactive,120,2025-08-01 16:00:00,2025-12-12 00:00:00
788,Harper,Williams,F,2008-10-26,11,Inactive,120,2025-08-01 17:00:00,2025-12-12 00:00:00
789,Olivia,Campbell,F,2009-07-22,11,Active,120,2025-08-03 17:00:00,2025-09-13 00:00:00
790,Sebastian,Campbell,M,2009-05-25,12,Inactive,120,2025-08-03 14:00:00,2025-10-04 00:00:00
791,Emma,Wilson,F,2010-03-04,10,Inactive,120,2025-08-04 16:00:00,2025-11-03 00:00:00
792,Genesis,Martin,F,2012-06-11,8,Inactive,120,2025-08-04 16:00:00,2025-10-29 00:00:00
793,Scarlett,Lewis,F,2008-11-18,12,Inactive,120,2025-08-06 17:00:00,2025-10-11 00:00:00
794,Mia,Johnson,F,2008-03-04,11,Inactive,120,2025-08-06 16:00:00,2025-08-20 00:00:00
795,David,Rodriguez,M,2013-07-13,7,Inactive,120,2025-08-08 15:00:00,2025-10-06 00:00:00
796,Emilia,Robinson,F,2012-05-22,9,Inactive,120,2025-08-08 14:00:00,2025-12-06 00:00:00
797,Samuel,Hernandez,M,2010-10-07,9,Inactive,120,2025-08-09 16:00:00,2025-12-20 00:00:00
798,Grace,Adams,F,2012-12-08,8,Inactive,120,2025-08-09 18:00:00,2025-11-01 00:00:00
799,Levi,Walker,M,2009-09-01,11,Active,120,2025-08-11 18:00:00,2025-11-12 00:00:00
800,Owen,Lee,M,2010-05-21,10,Inactive,120,2025-08-11 16:00:00,2025-09-21 00:00:00
801,Oliver,Green,M,2012-06-02,8,Inactive,120,2025-08-12 15:00:00,2025-11-05 00:00:00
802,Skylar,Hernandez,F,2009-11-02,11,Inactive,120,2025-08-12 13:00:00,2025-11-24 00:00:00
803,Bella,Miller,F,2012-02-09,8,Active,120,2025-08-14 13:00:00,2025-10-13 00:00:00
804,Paisley,Ramirez,F,2012-08-05,8,Active,120,2025-08-14 17:00:00,2025-11-10 00:00:00
805,Emilia,Hernandez,F,2013-10-17,7,Inactive,120,2025-08-15 17:00:00,2025-10-27 00:00:00
806,Sebastian,Davis,M,2010-08-27,12,Inactive,120,2025-08-15 17:00:00,2025-09-30 00:00:00
807,Paisley,Thompson,F,2009-07-22,10,Inactive,120,2025-08-16 15:00:00,2025-08-23 00:00:00
808,Elias,Wright,M,2008-05-14,11,Active,120,2025-08-16 18:00:00,2025-08-16 18:00:00
809,Penelope,Robinson,F,2009-08-18,11,Inactive,120,2025-08-17 18:00:00,2025-11-09 00:00:00
810,Thomas,Torres,M,2010-03-12,10,Active,120,2025-08-17 14:00:00,2025-11-29 00:00:00
811,Isaac,Campbell,M,2010-08-10,10,Inactive,120,2025-08-19 14:00:00,2025-11-13 00:00:00
812,Logan,Moore,M,2010-12-20,10,Inactive,120,2025-08-19 13:00:00,2025-11-25 00:00:00
813,Riley,Davis,F,2009-07-09,10,Active,120,2025-08-20 17:00:00,2025-08-20 17:00:00
814,Aria,Campbell,F,2010-12-27,12,Inactive,120,2025-08-20 15:00:00,2025-12-07 00:00:00
815,Savannah,Rodriguez,F,2009-04-18,12,Inactive,120,2025-08-24 17:00:00,2025-10-17 00:00:00
816,Jack,Walker,M,2009-04-05,12,Active,120,2025-08-24 16:00:00,2025-09-25 00:00:00
817,Elias,Rivera,M,2009-03-16,10,Active,120,2025-08-25 13:00:00,2025-08-25 13:00:00
818,Nova,Davis,F,2012-12-08,7,Inactive,120,2025-08-25 18:00:00,2025-09-01 00:00:00
819,Harper,Scott,F,2013-06-15,6,Inactive,120,2025-08-26 17:00:00,2025-09-02 00:00:00
820,Savannah,Thompson,F,2010-01-21,9,Inactive,120,2025-08-26 14:00:00,2025-09-02 00:00:00
821,Logan,Walker,M,2013-07-27,6,Inactive,120,2025-08-27 15:00:00,2025-09-03 00:00:00
822,Michael,Davis,M,2009-07-28,10,Active,120,2025-08-27 17:00:00,2025-08-27 17:00:00
823,Olivia,Sanchez,F,2009-08-21,10,Inactive,120,2025-08-28 17:00:00,2025-09-04 00:00:00
824,Jack,Lopez,M,2009-01-04,10,Active,120,2025-08-28 14:00:00,2025-08-28 14:00:00
825,Evelyn,Rivera,F,2009-03-23,10,Active,120,2025-08-29 13:00:00,2025-08-29 13:00:00
826,Chloe,Green,F,2012-05-13,8,Inactive,120,2025-08-29 13:00:00,2025-10-19 00:00:00
827,Oliver,Williams,M,2012-11-25,8,Inactive,120,2025-08-30 15:00:00,2025-09-23 00:00:00
828,William,Green,M,2009-08-08,12,Inactive,120,2025-08-30 18:00:00,2025-11-27 00:00:00
829,Ezra,Scott,M,2008-08-04,11,Inactive,120,2025-09-01 13:00:00,2025-09-08 00:00:00
830,Chloe,Adams,F,2008-12-21,11,Active,120,2025-09-01 14:00:00,2025-09-01 14:00:00
831,Claire,Davis,F,2009-09-14,10,Inactive,120,2025-09-02 14:00:00,2025-09-09 00:00:00
832,Chloe,Baker,F,2008-10-28,12,Inactive,120,2025-09-02 15:00:00,2025-11-08 00:00:00
833,Elias,Johnson,M,2009-05-14,12,Inactive,120,2025-09-06 17:00:00,2025-11-06 00:00:00
834,Isabella,Gonzalez,F,2008-08-09,11,Inactive,120,2025-09-06 15:00:00,2025-09-13 00:00:00
835,Jackson,Lee,M,2009-01-14,11,Active,120,2025-09-07 16:00:00,2025-10-06 00:00:00
836,Isabella,Brown,F,2010-02-08,9,Inactive,120,2025-09-07 15:00:00,2025-09-28 00:00:00
837,Bella,Davis,F,2013-11-17,6,Inactive,120,2025-09-09 15:00:00,2025-09-16 00:00:00
838,Lucy,Wright,F,2010-12-22,9,Inactive,120,2025-09-09 17:00:00,2025-09-16 00:00:00
839,Gabriel,Davis,M,2008-08-17,12,Inactive,120,2025-09-10 17:00:00,2025-09-25 00:00:00
840,Lily,Hill,F,2010-12-18,10,Inactive,120,2025-09-10 13:00:00,2025-10-04 00:00:00
841,Emma,Hall,F,2012-05-02,7,Active,120,2025-09-12 14:00:00,2025-09-12 14:00:00
842,Jacob,Scott,M,2010-11-10,9,Inactive,120,2025-09-12 14:00:00,2025-09-19 00:00:00
843,Zoey,Rodriguez,F,2008-06-21,12,Inactive,120,2025-09-13 14:00:00,2025-11-23 00:00:00
844,Gabriel,Jones,M,2010-03-06,10,Inactive,120,2025-09-13 15:00:00,2025-10-06 00:00:00
845,Charles,Adams,M,2010-04-17,9,Active,120,2025-09-14 16:00:00,2025-09-14 16:00:00
846,Anna,King,F,2009-02-15,12,Inactive,120,2025-09-14 17:00:00,2025-11-27 00:00:00
847,Elias,Brown,M,2013-08-28,7,Active,120,2025-09-15 17:00:00,2025-10-09 00:00:00
848,Victoria,Rivera,F,2009-11-08,10,Active,120,2025-09-15 15:00:00,2025-09-15 15:00:00
849,Emma,Hill,F,2009-08-19,12,Active,120,2025-09-17 15:00:00,2025-10-20 00:00:00
850,Anthony,Wright,M,2008-05-08,12,Inactive,120,2025-09-17 16:00:00,2025-10-07 00:00:00
851,Leo,Jones,M,2008-07-01,12,Active,120,2025-09-18 18:00:00,2025-10-20 00:00:00
852,Kennedy,Clark,F,2010-06-04,9,Active,120,2025-09-18 16:00:00,2025-09-18 16:00:00
853,Ezra,Allen,M,2012-07-28,7,Inactive,120,2025-09-19 15:00:00,2025-09-26 00:00:00
854,Isaac,Davis,M,2009-12-07,10,Active,120,2025-09-19 14:00:00,2025-09-19 14:00:00
855,Maverick,Anderson,M,2009-05-16,12,Inactive,120,2025-09-20 16:00:00,2025-11-01 00:00:00
856,Sofia,Hill,F,2010-01-12,9,Active,120,2025-09-20 13:00:00,2025-09-20 13:00:00
857,Scarlet,Rodriguez,F,2009-12-26,10,Inactive,120,2025-09-21 14:00:00,2025-09-28 00:00:00
858,Daniel,Williams,M,2009-04-07,11,Inactive,120,2025-09-21 14:00:00,2025-12-03 00:00:00
859,Wyatt,Sanchez,M,2008-06-03,11,Active,120,2025-09-22 13:00:00,2025-09-22 13:00:00
860,Jacob,Taylor,M,2013-06-15,6,Active,120,2025-09-22 18:00:00,2025-09-22 18:00:00
861,Elijah,Hernandez,M,2009-08-12,11,Inactive,120,2025-09-23 14:00:00,2025-10-19 00:00:00
862,Aurora,Anderson,F,2013-11-05,6,Active,120,2025-09-23 18:00:00,2025-09-23 18:00:00
863,Hudson,Hernandez,M,2013-07-13,6,Inactive,120,2025-09-24 16:00:00,2025-10-01 00:00:00
864,Charles,Green,M,2010-09-23,9,Inactive,120,2025-09-24 14:00:00,2025-10-01 00:00:00
865,Matthew,Green,M,2013-08-14,6,Inactive,120,2025-09-25 18:00:00,2025-10-02 00:00:00
866,Mia,Campbell,F,2010-09-09,9,Inactive,120,2025-09-25 16:00:00,2025-10-02 00:00:00
867,Julian,Thompson,M,2010-08-07,9,Inactive,120,2025-09-26 14:00:00,2025-10-03 00:00:00
868,Isabella,Young,F,2010-11-10,10,Inactive,120,2025-09-26 17:00:00,2025-10-17 00:00:00
869,Oliver,Lewis,M,2010-06-09,9,Inactive,120,2025-09-27 17:00:00,2025-10-04 00:00:00
870,Avery,Gonzalez,F,2013-08-17,6,Inactive,120,2025-09-27 16:00:00,2025-10-04 00:00:00
871,Lucy,Miller,F,2009-04-05,10,Inactive,120,2025-09-28 17:00:00,2025-10-05 00:00:00
872,Isaac,Jones,M,2009-09-02,10,Inactive,120,2025-09-28 17:00:00,2025-11-16 00:00:00
873,Aurora,Miller,F,2008-06-20,11,Inactive,120,2025-09-29 14:00:00,2025-10-06 00:00:00
874,Liam,Miller,M,2008-08-24,11,Inactive,120,2025-09-29 15:00:00,2025-10-06 00:00:00
875,Mia,Taylor,F,2009-01-21,10,Inactive,120,2025-09-30 15:00:00,2025-10-07 00:00:00
876,Victoria,Young,F,2008-07-01,12,Inactive,120,2025-09-30 17:00:00,2025-11-22 00:00:00
877,Elijah,Taylor,M,2008-01-04,11,Active,120,2025-10-01 15:00:00,2025-10-01 15:00:00
878,Logan,Hernandez,M,2009-03-12,10,Active,120,2025-10-01 15:00:00,2025-10-01 15:00:00
879,Skylar,Jackson,F,2010-02-21,9,Active,120,2025-10-02 13:00:00,2025-10-02 13:00:00
880,Sebastian,Gonzalez,M,2008-05-11,12,Active,120,2025-10-02 18:00:00,2025-10-15 00:00:00
881,Jackson,Anderson,M,2009-12-18,10,Active,120,2025-10-03 16:00:00,2025-10-03 16:00:00
882,Carter,Torres,M,2010-05-14,9,Inactive,120,2025-10-03 18:00:00,2025-10-10 00:00:00
883,Harper,Nguyen,F,2013-07-09,7,Inactive,120,2025-10-04 16:00:00,2025-10-24 00:00:00
884,Kennedy,Campbell,F,2008-12-28,11,Active,120,2025-10-04 14:00:00,2025-10-04 14:00:00
885,Nova,White,F,2008-10-18,12,Inactive,120,2025-10-05 15:00:00,2025-11-18 00:00:00
886,Noah,Hall,M,2008-04-09,11,Active,120,2025-10-05 18:00:00,2025-10-05 18:00:00
887,Sofia,Allen,F,2008-09-05,11,Inactive,120,2025-10-06 18:00:00,2025-10-13 00:00:00
888,Ethan,Allen,M,2010-12-18,9,Inactive,120,2025-10-06 14:00:00,2025-10-13 00:00:00
889,Noah,Adams,M,2013-05-21,7,Inactive,120,2025-10-07 16:00:00,2025-10-24 00:00:00
890,Elizabeth,Nguyen,F,2010-06-25,9,Inactive,120,2025-10-07 13:00:00,2025-10-14 00:00:00
891,Emma,White,F,2008-05-09,11,Inactive,120,2025-10-08 16:00:00,2025-10-15 00:00:00
892,Luca,Martin,M,2008-10-06,11,Active,120,2025-10-08 13:00:00,2025-10-08 13:00:00
893,Sofia,King,F,2013-08-13,6,Inactive,120,2025-10-09 17:00:00,2025-10-16 00:00:00
894,Kennedy,Green,F,2010-03-12,9,Inactive,120,2025-10-09 16:00:00,2025-10-16 00:00:00
895,Josiah,Martin,M,2012-02-26,7,Inactive,120,2025-10-10 18:00:00,2025-10-17 00:00:00
896,Joseph,Scott,M,2009-06-11,11,Inactive,120,2025-10-10 18:00:00,2025-12-01 00:00:00
897,Sofia,Young,F,2008-11-09,11,Active,120,2025-10-11 15:00:00,2025-10-11 15:00:00
898,Claire,Lopez,F,2009-02-26,10,Inactive,120,2025-10-11 15:00:00,2025-10-18 00:00:00
899,Oliver,Moore,M,2012-10-21,8,Inactive,120,2025-10-12 14:00:00,2025-11-05 00:00:00
900,Skylar,Rodriguez,F,2008-11-07,11,Active,120,2025-10-12 16:00:00,2025-10-12 16:00:00
901,Chloe,Martin,F,2010-06-04,9,Inactive,120,2025-10-13 14:00:00,2025-10-20 00:00:00
902,Aubrey,Hill,F,2009-10-27,10,Inactive,120,2025-10-13 13:00:00,2025-10-20 00:00:00
903,Charles,Young,M,2010-09-17,9,Inactive,120,2025-10-15 14:00:00,2025-10-22 00:00:00
904,Abigail,Miller,F,2009-03-22,11,Inactive,120,2025-10-15 14:00:00,2025-11-19 00:00:00
905,Abigail,Carter,F,2009-09-06,10,Active,120,2025-10-16 18:00:00,2025-10-16 18:00:00
906,Violet,Martinez,F,2013-12-14,6,Inactive,120,2025-10-16 13:00:00,2025-10-23 00:00:00
907,Aubrey,Perez,F,2008-04-28,11,Inactive,120,2025-10-17 14:00:00,2025-10-24 00:00:00
908,Leah,Jones,F,2009-01-04,10,Inactive,120,2025-10-17 13:00:00,2025-10-24 00:00:00
909,Asher,Lewis,M,2013-03-24,6,Active,120,2025-10-19 15:00:00,2025-10-19 15:00:00
910,Jack,Nelson,M,2009-10-27,10,Active,120,2025-10-19 16:00:00,2025-10-19 16:00:00
911,Ava,Hill,F,2012-08-26,8,Inactive,120,2025-10-20 17:00:00,2025-12-06 00:00:00
912,Liam,Baker,M,2013-02-12,6,Active,120,2025-10-20 13:00:00,2025-10-20 13:00:00
913,Isaac,White,M,2009-06-15,10,Inactive,120,2025-10-21 13:00:00,2025-10-28 00:00:00
914,Sofia,Jackson,F,2008-09-19,11,Inactive,120,2025-10-21 14:00:00,2025-10-28 00:00:00
915,Alexander,Nguyen,M,2009-07-02,10,Active,120,2025-10-23 15:00:00,2025-10-23 15:00:00
916,Levi,Martinez,M,2008-06-03,11,Inactive,120,2025-10-23 13:00:00,2025-10-30 00:00:00
917,Emilia,Williams,F,2010-04-22,11,Inactive,120,2025-10-24 13:00:00,2025-11-29 00:00:00
918,Josiah,Lee,M,2010-02-17,9,Active,120,2025-10-24 18:00:00,2025-10-24 18:00:00
919,Olivia,Lewis,F,2010-11-03,9,Inactive,120,2025-10-25 17:00:00,2025-11-01 00:00:00
920,Sofia,Walker,F,2008-03-27,11,Inactive,120,2025-10-25 14:00:00,2025-11-01 00:00:00
921,David,Sanchez,M,2013-03-09,6,Active,120,2025-10-27 14:00:00,2025-10-27 14:00:00
922,Elizabeth,Robinson,F,2010-02-13,9,Inactive,120,2025-10-27 14:00:00,2025-11-03 00:00:00
923,Scarlet,Harris,F,2008-05-04,11,Active,120,2025-10-28 17:00:00,2025-10-28 17:00:00
924,Paisley,Young,F,2010-01-15,9,Inactive,120,2025-10-28 16:00:00,2025-11-04 00:00:00
925,Paisley,Scott,F,2008-03-19,12,Inactive,120,2025-10-29 14:00:00,2025-11-18 00:00:00
926,Nova,Lewis,F,2009-09-28,10,Active,120,2025-10-29 15:00:00,2025-10-29 15:00:00
927,Stella,Scott,F,2008-04-05,11,Active,120,2025-10-30 18:00:00,2025-10-30 18:00:00
928,Hazel,Allen,F,2012-01-03,7,Inactive,120,2025-10-30 16:00:00,2025-11-06 00:00:00
929,Alexander,Moore,M,2013-08-15,6,Inactive,120,2025-10-31 15:00:00,2025-11-07 00:00:00
930,Hannah,Taylor,F,2013-02-25,6,Inactive,120,2025-10-31 17:00:00,2025-11-07 00:00:00
931,Ava,Garcia,F,2009-03-16,10,Inactive,120,2025-11-01 16:00:00,2025-11-08 00:00:00
932,Nora,Lee,F,2009-04-28,10,Inactive,120,2025-11-01 13:00:00,2025-11-08 00:00:00
933,Ava,Thomas,F,2008-11-20,11,Inactive,120,2025-11-02 18:00:00,2025-11-09 00:00:00
934,Willow,Williams,F,2008-02-08,12,Inactive,120,2025-11-02 18:00:00,2025-11-30 00:00:00
935,Emma,Green,F,2010-11-07,9,Inactive,120,2025-11-03 14:00:00,2025-11-10 00:00:00
936,Charles,Anderson,M,2010-02-09,9,Inactive,120,2025-11-03 13:00:00,2025-11-10 00:00:00
937,Jack,Baker,M,2008-02-21,12,Inactive,120,2025-11-04 14:00:00,2025-11-22 00:00:00
938,Penelope,Wilson,F,2009-01-07,10,Inactive,120,2025-11-04 14:00:00,2025-11-11 00:00:00
939,Josiah,Brown,M,2008-07-27,11,Inactive,120,2025-11-06 17:00:00,2025-11-13 00:00:00
940,Dylan,Jackson,M,2008-12-06,11,Active,120,2025-11-06 15:00:00,2025-11-06 15:00:00
941,Skylar,Clark,F,2008-02-14,11,Inactive,120,2025-11-07 14:00:00,2025-11-14 00:00:00
942,Genesis,Anderson,F,2009-03-27,10,Inactive,120,2025-11-07 15:00:00,2025-11-14 00:00:00
943,Jacob,King,M,2008-11-26,11,Inactive,120,2025-11-08 17:00:00,2025-11-15 00:00:00
944,Chloe,Torres,F,2012-04-04,7,Inactive,120,2025-11-08 13:00:00,2025-11-15 00:00:00
945,Riley,Hill,F,2012-10-10,7,Active,120,2025-11-09 16:00:00,2025-11-09 16:00:00
946,Samuel,Thomas,M,2010-11-15,9,Inactive,120,2025-11-09 18:00:00,2025-11-16 00:00:00
947,Jack,Rodriguez,M,2012-04-15,7,Inactive,120,2025-11-10 17:00:00,2025-11-17 00:00:00
948,Emily,Moore,F,2008-10-02,11,Inactive,120,2025-11-10 16:00:00,2025-11-17 00:00:00
949,Scarlet,Thomas,F,2010-04-27,10,Inactive,120,2025-11-11 18:00:00,2025-11-27 00:00:00
950,Gabriel,Lewis,M,2008-05-05,11,Active,120,2025-11-11 15:00:00,2025-11-11 15:00:00
951,Paisley,Jackson,F,2008-08-26,11,Active,120,2025-11-12 16:00:00,2025-11-12 16:00:00
952,Bella,Hill,F,2009-05-01,10,Inactive,120,2025-11-12 15:00:00,2025-11-19 00:00:00
953,Julian,Robinson,M,2013-09-19,6,Inactive,120,2025-11-13 15:00:00,2025-11-20 00:00:00
954,Dylan,Wright,M,2010-01-18,9,Inactive,120,2025-11-13 14:00:00,2025-11-20 00:00:00
955,Levi,King,M,2008-02-01,11,Inactive,120,2025-11-14 18:00:00,2025-11-21 00:00:00
956,Violet,Wright,F,2009-09-22,10,Active,120,2025-11-14 16:00:00,2025-11-14 16:00:00
957,Luca,Thompson,M,2009-01-21,10,Active,120,2025-11-15 18:00:00,2025-11-15 18:00:00
958,Evelyn,Baker,F,2012-12-05,7,Inactive,120,2025-11-15 18:00:00,2025-11-22 00:00:00
959,Aiden,Martinez,M,2012-02-03,7,Inactive,120,2025-11-16 17:00:00,2025-11-23 00:00:00
960,Savannah,Baker,F,2013-01-05,6,Inactive,120,2025-11-16 15:00:00,2025-11-23 00:00:00
961,Aria,Sanchez,F,2010-06-23,10,Inactive,120,2025-11-17 18:00:00,2025-12-07 00:00:00
962,Jayden,Nguyen,M,2008-04-17,11,Inactive,120,2025-11-17 15:00:00,2025-11-24 00:00:00
963,Luke,Scott,M,2013-09-24,6,Inactive,120,2025-11-18 14:00:00,2025-11-25 00:00:00
964,Olivia,Walker,F,2009-07-11,10,Inactive,120,2025-11-18 13:00:00,2025-11-25 00:00:00
965,Elizabeth,Roberts,F,2010-07-21,9,Active,120,2025-11-19 14:00:00,2025-11-19 14:00:00
966,Leah,Roberts,F,2012-05-20,7,Inactive,120,2025-11-19 16:00:00,2025-11-26 00:00:00
967,Kennedy,Mitchell,F,2010-11-06,9,Inactive,120,2025-11-20 16:00:00,2025-11-27 00:00:00
968,Claire,Allen,F,2012-08-03,7,Inactive,120,2025-11-20 17:00:00,2025-11-27 00:00:00
969,Stella,Roberts,F,2010-01-16,9,Inactive,120,2025-11-21 18:00:00,2025-11-28 00:00:00
970,Oliver,Rivera,M,2010-05-25,9,Inactive,120,2025-11-21 15:00:00,2025-11-28 00:00:00
971,Willow,Davis,F,2008-03-06,11,Active,120,2025-11-22 18:00:00,2025-11-22 18:00:00
972,Claire,Adams,F,2009-11-07,10,Active,120,2025-11-22 14:00:00,2025-11-22 14:00:00
973,Olivia,Ramirez,F,2008-10-09,11,Inactive,120,2025-11-23 14:00:00,2025-11-30 00:00:00
974,Owen,Ramirez,M,2010-04-13,9,Inactive,120,2025-11-23 14:00:00,2025-11-30 00:00:00
975,Victoria,Thomas,F,2008-02-27,11,Inactive,120,2025-11-27 14:00:00,2025-12-04 00:00:00
976,Aria,Brown,F,2008-06-02,11,Inactive,120,2025-11-27 13:00:00,2025-12-04 00:00:00
977,Sophia,Hill,F,2008-11-19,11,Inactive,120,2025-11-28 13:00:00,2025-12-05 00:00:00
978,Willow,Campbell,F,2009-05-21,10,Active,120,2025-11-28 14:00:00,2025-11-28 14:00:00
979,Elizabeth,Torres,F,2009-07-19,10,Inactive,120,2025-11-29 18:00:00,2025-12-06 00:00:00
980,Henry,Torres,M,2009-07-20,10,Active,120,2025-11-29 13:00:00,2025-11-29 13:00:00
981,Claire,Baker,F,2010-03-08,9,Active,120,2025-11-30 14:00:00,2025-11-30 14:00:00
982,Scarlett,Gonzalez,F,2013-11-21,6,Active,120,2025-11-30 16:00:00,2025-11-30 16:00:00
983,Elijah,Thompson,M,2010-06-15,9,Inactive,120,2025-12-01 16:00:00,2025-12-08 00:00:00
984,Scarlet,Nguyen,F,2013-12-27,6,Inactive,120,2025-12-01 16:00:00,2025-12-08 00:00:00
985,Paisley,Rivera,F,2010-08-10,9,Inactive,120,2025-12-03 17:00:00,2025-12-10 00:00:00
986,Michael,Davis,M,2009-03-23,10,Active,120,2025-12-03 17:00:00,2025-12-03 17:00:00
987,Dylan,Wilson,M,2010-05-11,9,Inactive,120,2025-12-05 16:00:00,2025-12-12 00:00:00
988,Lily,Sanchez,F,2010-11-26,9,Inactive,120,2025-12-05 13:00:00,2025-12-12 00:00:00
989,James,Walker,M,2008-11-26,11,Inactive,120,2025-12-06 15:00:00,2025-12-13 00:00:00
990,Bella,Moore,F,2008-10-02,11,Inactive,120,2025-12-06 16:00:00,2025-12-13 00:00:00
991,Maya,Nelson,F,2008-12-26,11,Active,120,2025-12-08 18:00:00,2025-12-08 18:00:00
992,Daniel,Harris,M,2013-09-14,6,Inactive,120,2025-12-08 18:00:00,2025-12-15 00:00:00
993,Emily,Williams,F,2010-03-06,9,Inactive,120,2025-12-09 16:00:00,2025-12-16 00:00:00
994,Julian,Martin,M,2010-02-21,9,Active,120,2025-12-09 18:00:00,2025-12-09 18:00:00
995,Victoria,Ramirez,F,2012-08-02,7,Inactive,120,2025-12-10 14:00:00,2025-12-17 00:00:00
996,Ezra,Hall,M,2009-11-02,10,Inactive,120,2025-12-10 14:00:00,2025-12-17 00:00:00
997,Dylan,Wright,M,2009-12-13,10,Inactive,120,2025-12-11 14:00:00,2025-12-18 00:00:00
998,Aubrey,Thompson,F,2012-12-14,7,Active,120,2025-12-11 18:00:00,2025-12-11 18:00:00
999,Bella,Smith,F,2009-09-19,10,Active,120,2025-12-15 18:00:00,2025-12-15 18:00:00
1000,Aubrey,Young,F,2008-09-18,11,Active,120,2025-12-15 14:00:00,2025-12-15 14:00:00
1001,Victoria,Anderson,F,2008-11-18,11,Active,120,2025-12-16 17:00:00,2025-12-16 17:00:00
1002,Asher,Hill,M,2010-10-12,9,Active,120,2025-12-16 17:00:00,2025-12-16 17:00:00
1003,Lucas,Ramirez,M,2013-07-06,6,Active,120,2025-12-17 14:00:00,2025-12-17 14:00:00
1004,Lincoln,Thomas,M,2008-01-10,11,Active,120,2025-12-17 15:00:00,2025-12-17 15:00:00
1005,Zoey,Walker,F,2008-04-12,11,Active,120,2025-12-19 13:00:00,2025-12-19 13:00:00
1006,James,Young,M,2010-12-12,9,Active,120,2025-12-19 17:00:00,2025-12-19 17:00:00
1007,Hazel,Martinez,F,2013-09-11,6,Active,120,2025-12-20 17:00:00,2025-12-20 17:00:00
1008,Brooklyn,White,F,2008-11-21,11,Active,120,2025-12-20 17:00:00,2025-12-20 17:00:00
